date,DFF,CPIAUCSL,T10Y2Y
2004-11-18,1.99,,1.26
2004-11-19,1.99,,1.25
2004-11-20,1.99,,
2004-11-21,1.99,,
2004-11-22,2.01,,1.23
2004-11-23,2.0,,1.21
2004-11-24,2.02,,1.19
2004-11-25,2.02,,
2004-11-26,2.01,,1.21
2004-11-27,2.01,,
2004-11-28,2.01,,
2004-11-29,2.03,,1.27
2004-11-30,2.02,,1.34
2004-12-01,2.04,191.7,1.37
2004-12-02,2.0,,1.36
2004-12-03,1.98,,1.33
2004-12-04,1.98,,
2004-12-05,1.98,,
2004-12-06,2.04,,1.31
2004-12-07,1.99,,1.28
2004-12-08,2.01,,1.23
2004-12-09,2.05,,1.26
2004-12-10,2.09,,1.21
2004-12-11,2.09,,
2004-12-12,2.09,,
2004-12-13,2.18,,1.18
2004-12-14,2.24,,1.15
2004-12-15,2.31,,1.12
2004-12-16,2.26,,1.18
2004-12-17,2.23,,1.18
2004-12-18,2.23,,
2004-12-19,2.23,,
2004-12-20,2.26,,1.15
2004-12-21,2.24,,1.13
2004-12-22,2.25,,1.17
2004-12-23,2.34,,1.21
2004-12-24,2.27,,
2004-12-25,2.27,,
2004-12-26,2.27,,
2004-12-27,2.24,,1.23
2004-12-28,2.24,,1.23
2004-12-29,2.23,,1.21
2004-12-30,2.24,,1.17
2004-12-31,1.97,,1.16
2005-01-01,1.97,191.6,
2005-01-02,1.97,,
2005-01-03,2.31,,1.13
2005-01-04,2.25,,1.09
2005-01-05,2.25,,1.07
2005-01-06,2.25,,1.11
2005-01-07,2.24,,1.09
2005-01-08,2.24,,
2005-01-09,2.24,,
2005-01-10,2.26,,1.06
2005-01-11,2.24,,1.02
2005-01-12,2.25,,1.03
2005-01-13,2.29,,0.99
2005-01-14,2.29,,0.99
2005-01-15,2.29,,
2005-01-16,2.29,,
2005-01-17,2.29,,
2005-01-18,2.31,,0.95
2005-01-19,2.19,,0.94
2005-01-20,2.25,,0.96
2005-01-21,2.26,,1.0
2005-01-22,2.26,,
2005-01-23,2.26,,
2005-01-24,2.26,,0.94
2005-01-25,2.29,,0.97
2005-01-26,2.33,,0.94
2005-01-27,2.39,,0.94
2005-01-28,2.48,,0.91
2005-01-29,2.48,,
2005-01-30,2.48,,
2005-01-31,2.5,,0.85
2005-02-01,2.4,192.4,0.86
2005-02-02,2.29,,0.83
2005-02-03,2.49,,0.84
2005-02-04,2.51,,0.8
2005-02-05,2.51,,
2005-02-06,2.51,,
2005-02-07,2.5,,0.76
2005-02-08,2.48,,0.72
2005-02-09,2.5,,0.76
2005-02-10,2.51,,0.78
2005-02-11,2.5,,0.76
2005-02-12,2.5,,
2005-02-13,2.5,,
2005-02-14,2.51,,0.7
2005-02-15,2.53,,0.73
2005-02-16,2.48,,0.75
2005-02-17,2.5,,0.81
2005-02-18,2.51,,0.82
2005-02-19,2.51,,
2005-02-20,2.51,,
2005-02-21,2.51,,
2005-02-22,2.57,,0.83
2005-02-23,2.53,,0.81
2005-02-24,2.55,,0.77
2005-02-25,2.54,,0.73
2005-02-26,2.54,,
2005-02-27,2.54,,
2005-02-28,2.52,,0.77
2005-03-01,2.39,193.1,0.79
2005-03-02,2.48,,0.81
2005-03-03,2.51,,0.8
2005-03-04,2.5,,0.75
2005-03-05,2.5,,
2005-03-06,2.5,,
2005-03-07,2.51,,0.7
2005-03-08,2.49,,0.76
2005-03-09,2.5,,0.86
2005-03-10,2.52,,0.8
2005-03-11,2.51,,0.83
2005-03-12,2.51,,
2005-03-13,2.51,,
2005-03-14,2.59,,0.77
2005-03-15,2.61,,0.79
2005-03-16,2.57,,0.8
2005-03-17,2.68,,0.77
2005-03-18,2.7,,0.79
2005-03-19,2.7,,
2005-03-20,2.7,,
2005-03-21,2.71,,0.81
2005-03-22,2.72,,0.77
2005-03-23,2.73,,0.77
2005-03-24,2.75,,0.72
2005-03-25,2.8,,
2005-03-26,2.8,,
2005-03-27,2.8,,
2005-03-28,2.79,,0.74
2005-03-29,2.72,,0.73
2005-03-30,2.74,,0.7
2005-03-31,2.96,,0.7
2005-04-01,2.83,193.7,0.71
2005-04-02,2.83,,
2005-04-03,2.83,,
2005-04-04,2.78,,0.73
2005-04-05,2.72,,0.73
2005-04-06,2.73,,0.74
2005-04-07,2.76,,0.77
2005-04-08,2.75,,0.73
2005-04-09,2.75,,
2005-04-10,2.75,,
2005-04-11,2.78,,0.7
2005-04-12,2.77,,0.67
2005-04-13,2.76,,0.72
2005-04-14,2.79,,0.77
2005-04-15,2.82,,0.73
2005-04-16,2.82,,
2005-04-17,2.82,,
2005-04-18,2.75,,0.72
2005-04-19,2.74,,0.71
2005-04-20,2.74,,0.7
2005-04-21,2.75,,0.67
2005-04-22,2.74,,0.64
2005-04-23,2.74,,
2005-04-24,2.74,,
2005-04-25,2.82,,0.62
2005-04-26,2.78,,0.61
2005-04-27,2.63,,0.61
2005-04-28,2.89,,0.6
2005-04-29,2.97,,0.55
2005-04-30,2.97,,
2005-05-01,2.97,193.6,
2005-05-02,2.98,,0.57
2005-05-03,2.95,,0.53
2005-05-04,2.99,,0.57
2005-05-05,2.99,,0.61
2005-05-06,2.98,,0.55
2005-05-07,2.98,,
2005-05-08,2.98,,
2005-05-09,2.99,,0.53
2005-05-10,2.99,,0.54
2005-05-11,2.99,,0.53
2005-05-12,3.01,,0.52
2005-05-13,3.01,,0.51
2005-05-14,3.01,,
2005-05-15,3.01,,
2005-05-16,3.06,,0.52
2005-05-17,2.99,,0.51
2005-05-18,3.0,,0.51
2005-05-19,3.02,,0.47
2005-05-20,3.01,,0.44
2005-05-21,3.01,,
2005-05-22,3.01,,
2005-05-23,3.01,,0.42
2005-05-24,2.99,,0.43
2005-05-25,3.01,,0.47
2005-05-26,3.01,,0.44
2005-05-27,3.01,,0.44
2005-05-28,3.01,,
2005-05-29,3.01,,
2005-05-30,3.01,,
2005-05-31,3.09,,0.4
2005-06-01,3.02,193.7,0.41
2005-06-02,3.0,,0.37
2005-06-03,2.99,,0.41
2005-06-04,2.99,,
2005-06-05,2.99,,
2005-06-06,3.0,,0.37
2005-06-07,2.96,,0.35
2005-06-08,2.96,,0.35
2005-06-09,3.01,,0.34
2005-06-10,3.01,,0.34
2005-06-11,3.01,,
2005-06-12,3.01,,
2005-06-13,3.04,,0.38
2005-06-14,3.01,,0.42
2005-06-15,3.05,,0.4
2005-06-16,3.0,,0.39
2005-06-17,2.99,,0.37
2005-06-18,2.99,,
2005-06-19,2.99,,
2005-06-20,3.01,,0.39
2005-06-21,2.96,,0.35
2005-06-22,2.93,,0.33
2005-06-23,3.05,,0.33
2005-06-24,3.07,,0.33
2005-06-25,3.07,,
2005-06-26,3.07,,
2005-06-27,3.17,,0.3
2005-06-28,3.17,,0.32
2005-06-29,3.2,,0.34
2005-06-30,3.35,,0.28
2005-07-01,3.36,194.9,0.3
2005-07-02,3.36,,
2005-07-03,3.36,,
2005-07-04,3.36,,
2005-07-05,3.27,,0.32
2005-07-06,2.99,,0.31
2005-07-07,3.18,,0.34
2005-07-08,3.22,,0.33
2005-07-09,3.22,,
2005-07-10,3.22,,
2005-07-11,3.23,,0.3
2005-07-12,3.23,,0.33
2005-07-13,3.27,,0.33
2005-07-14,3.32,,0.33
2005-07-15,3.32,,0.32
2005-07-16,3.32,,
2005-07-17,3.32,,
2005-07-18,3.19,,0.33
2005-07-19,3.13,,0.32
2005-07-20,3.25,,0.27
2005-07-21,3.27,,0.32
2005-07-22,3.25,,0.31
2005-07-23,3.25,,
2005-07-24,3.25,,
2005-07-25,3.28,,0.3
2005-07-26,3.25,,0.29
2005-07-27,3.27,,0.28
2005-07-28,3.27,,0.24
2005-07-29,3.31,,0.26
2005-07-30,3.31,,
2005-07-31,3.31,,
2005-08-01,3.3,196.1,0.28
2005-08-02,3.2,,0.28
2005-08-03,3.35,,0.28
2005-08-04,3.44,,0.28
2005-08-05,3.49,,0.29
2005-08-06,3.49,,
2005-08-07,3.49,,
2005-08-08,3.5,,0.26
2005-08-09,3.47,,0.28
2005-08-10,3.48,,0.27
2005-08-11,3.51,,0.22
2005-08-12,3.55,,0.19
2005-08-13,3.55,,
2005-08-14,3.55,,
2005-08-15,3.61,,0.19
2005-08-16,3.46,,0.2
2005-08-17,3.57,,0.21
2005-08-18,3.5,,0.2
2005-08-19,3.54,,0.18
2005-08-20,3.54,,
2005-08-21,3.54,,
2005-08-22,3.51,,0.19
2005-08-23,3.49,,0.19
2005-08-24,3.5,,0.2
2005-08-25,3.55,,0.18
2005-08-26,3.54,,0.14
2005-08-27,3.54,,
2005-08-28,3.54,,
2005-08-29,3.54,,0.14
2005-08-30,3.52,,0.19
2005-08-31,3.63,,0.18
2005-09-01,3.57,198.8,0.3
2005-09-02,3.49,,0.28
2005-09-03,3.49,,
2005-09-04,3.49,,
2005-09-05,3.49,,
2005-09-06,3.57,,0.29
2005-09-07,3.48,,0.28
2005-09-08,3.49,,0.28
2005-09-09,3.49,,0.26
2005-09-10,3.49,,
2005-09-11,3.49,,
2005-09-12,3.5,,0.26
2005-09-13,3.45,,0.26
2005-09-14,3.54,,0.27
2005-09-15,3.67,,0.32
2005-09-16,3.62,,0.29
2005-09-17,3.62,,
2005-09-18,3.62,,
2005-09-19,3.62,,0.32
2005-09-20,3.67,,0.26
2005-09-21,3.72,,0.23
2005-09-22,3.77,,0.24
2005-09-23,3.76,,0.23
2005-09-24,3.76,,
2005-09-25,3.76,,
2005-09-26,3.83,,0.23
2005-09-27,3.73,,0.22
2005-09-28,3.76,,0.17
2005-09-29,3.82,,0.16
2005-09-30,3.93,,0.16
2005-10-01,3.93,199.1,
2005-10-02,3.93,,
2005-10-03,3.87,,0.18
2005-10-04,3.75,,0.16
2005-10-05,3.75,,0.15
2005-10-06,3.76,,0.17
2005-10-07,3.73,,0.17
2005-10-08,3.73,,
2005-10-09,3.73,,
2005-10-10,3.73,,
2005-10-11,3.72,,0.17
2005-10-12,3.36,,0.21
2005-10-13,3.75,,0.24
2005-10-14,3.77,,0.21
2005-10-15,3.77,,
2005-10-16,3.77,,
2005-10-17,3.82,,0.21
2005-10-18,3.71,,0.22
2005-10-19,3.71,,0.22
2005-10-20,3.77,,0.19
2005-10-21,3.76,,0.17
2005-10-22,3.76,,
2005-10-23,3.76,,
2005-10-24,3.76,,0.2
2005-10-25,3.74,,0.2
2005-10-26,3.75,,0.22
2005-10-27,3.85,,0.21
2005-10-28,3.9,,0.18
2005-10-29,3.9,,
2005-10-30,3.9,,
2005-10-31,4.02,,0.17
2005-11-01,3.99,198.1,0.16
2005-11-02,3.99,,0.18
2005-11-03,4.01,,0.18
2005-11-04,4.0,,0.19
2005-11-05,4.0,,
2005-11-06,4.0,,
2005-11-07,3.99,,0.18
2005-11-08,3.95,,0.14
2005-11-09,4.02,,0.15
2005-11-10,3.98,,0.11
2005-11-11,3.98,,
2005-11-12,3.98,,
2005-11-13,3.98,,
2005-11-14,4.03,,0.11
2005-11-15,3.97,,0.09
2005-11-16,3.96,,0.07
2005-11-17,3.98,,0.09
2005-11-18,4.0,,0.1
2005-11-19,4.0,,
2005-11-20,4.0,,
2005-11-21,4.03,,0.07
2005-11-22,3.99,,0.11
2005-11-23,4.01,,0.11
2005-11-24,4.01,,
2005-11-25,4.03,,0.1
2005-11-26,4.03,,
2005-11-27,4.03,,
2005-11-28,4.01,,0.08
2005-11-29,3.99,,0.08
2005-11-30,4.03,,0.07
2005-12-01,4.03,198.1,0.07
2005-12-02,4.0,,0.09
2005-12-03,4.0,,
2005-12-04,4.0,,
2005-12-05,4.02,,0.1
2005-12-06,3.97,,0.07
2005-12-07,3.98,,0.1
2005-12-08,4.09,,0.1
2005-12-09,4.16,,0.11
2005-12-10,4.16,,
2005-12-11,4.16,,
2005-12-12,4.24,,0.11
2005-12-13,4.23,,0.11
2005-12-14,4.26,,0.08
2005-12-15,4.29,,0.1
2005-12-16,4.25,,0.08
2005-12-17,4.25,,
2005-12-18,4.25,,
2005-12-19,4.25,,0.07
2005-12-20,4.3,,0.05
2005-12-21,4.08,,0.06
2005-12-22,4.25,,0.04
2005-12-23,4.21,,0.01
2005-12-24,4.21,,
2005-12-25,4.21,,
2005-12-26,4.21,,
2005-12-27,4.26,,-0.01
2005-12-28,4.19,,0.01
2005-12-29,4.18,,-0.01
2005-12-30,4.09,,-0.02
2005-12-31,4.09,,
2006-01-01,4.09,199.3,
2006-01-02,4.09,,
2006-01-03,4.34,,0.03
2006-01-04,4.22,,0.05
2006-01-05,4.24,,0.04
2006-01-06,4.22,,0.02
2006-01-07,4.22,,
2006-01-08,4.22,,
2006-01-09,4.25,,0.02
2006-01-10,4.24,,0.02
2006-01-11,4.24,,0.02
2006-01-12,4.28,,0.03
2006-01-13,4.3,,0.02
2006-01-14,4.3,,
2006-01-15,4.3,,
2006-01-16,4.3,,
2006-01-17,4.32,,0.01
2006-01-18,4.24,,0.01
2006-01-19,4.23,,0.01
2006-01-20,4.24,,0.0
2006-01-21,4.24,,
2006-01-22,4.24,,
2006-01-23,4.26,,0.01
2006-01-24,4.28,,0.03
2006-01-25,4.36,,0.03
2006-01-26,4.37,,0.04
2006-01-27,4.42,,0.01
2006-01-28,4.42,,
2006-01-29,4.42,,
2006-01-30,4.48,,0.02
2006-01-31,4.47,,-0.01
2006-02-01,4.47,199.4,-0.02
2006-02-02,4.48,,-0.02
2006-02-03,4.51,,-0.05
2006-02-04,4.51,,
2006-02-05,4.51,,
2006-02-06,4.51,,-0.07
2006-02-07,4.47,,-0.04
2006-02-08,4.48,,-0.08
2006-02-09,4.52,,-0.12
2006-02-10,4.51,,-0.1
2006-02-11,4.51,,
2006-02-12,4.51,,
2006-02-13,4.44,,-0.1
2006-02-14,4.45,,-0.07
2006-02-15,4.5,,-0.1
2006-02-16,4.48,,-0.1
2006-02-17,4.48,,-0.12
2006-02-18,4.48,,
2006-02-19,4.48,,
2006-02-20,4.48,,
2006-02-21,4.54,,-0.14
2006-02-22,4.49,,-0.15
2006-02-23,4.47,,-0.16
2006-02-24,4.48,,-0.16
2006-02-25,4.48,,
2006-02-26,4.48,,
2006-02-27,4.52,,-0.15
2006-02-28,4.52,,-0.14
2006-03-01,4.52,199.7,-0.12
2006-03-02,4.5,,-0.08
2006-03-03,4.51,,-0.08
2006-03-04,4.51,,
2006-03-05,4.51,,
2006-03-06,4.51,,-0.03
2006-03-07,4.51,,-0.03
2006-03-08,4.51,,0.01
2006-03-09,4.51,,0.02
2006-03-10,4.51,,0.02
2006-03-11,4.51,,
2006-03-12,4.51,,
2006-03-13,4.52,,0.03
2006-03-14,4.51,,0.05
2006-03-15,4.47,,0.04
2006-03-16,4.55,,0.03
2006-03-17,4.6,,0.03
2006-03-18,4.6,,
2006-03-19,4.6,,
2006-03-20,4.55,,0.01
2006-03-21,4.54,,-0.01
2006-03-22,4.58,,-0.04
2006-03-23,4.64,,-0.04
2006-03-24,4.69,,-0.05
2006-03-25,4.69,,
2006-03-26,4.69,,
2006-03-27,4.77,,-0.02
2006-03-28,4.7,,-0.02
2006-03-29,4.69,,-0.01
2006-03-30,4.76,,0.02
2006-03-31,5.0,,0.04
2006-04-01,5.0,200.7,
2006-04-02,5.0,,
2006-04-03,4.87,,0.02
2006-04-04,4.76,,0.03
2006-04-05,4.76,,0.03
2006-04-06,4.76,,0.06
2006-04-07,4.76,,0.08
2006-04-08,4.76,,
2006-04-09,4.76,,
2006-04-10,4.78,,0.08
2006-04-11,4.74,,0.05
2006-04-12,4.78,,0.07
2006-04-13,4.82,,0.09
2006-04-14,4.8,,
2006-04-15,4.8,,
2006-04-16,4.8,,
2006-04-17,4.78,,0.1
2006-04-18,4.72,,0.15
2006-04-19,4.7,,0.18
2006-04-20,4.73,,0.15
2006-04-21,4.74,,0.11
2006-04-22,4.74,,
2006-04-23,4.74,,
2006-04-24,4.77,,0.1
2006-04-25,4.74,,0.12
2006-04-26,4.73,,0.13
2006-04-27,4.79,,0.18
2006-04-28,4.86,,0.2
2006-04-29,4.86,,
2006-04-30,4.86,,
2006-05-01,4.84,201.3,0.2
2006-05-02,4.79,,0.2
2006-05-03,4.81,,0.21
2006-05-04,4.83,,0.19
2006-05-05,4.83,,0.18
2006-05-06,4.83,,
2006-05-07,4.83,,
2006-05-08,4.88,,0.15
2006-05-09,4.78,,0.16
2006-05-10,4.88,,0.12
2006-05-11,4.99,,0.15
2006-05-12,5.01,,0.18
2006-05-13,5.01,,
2006-05-14,5.01,,
2006-05-15,5.01,,0.16
2006-05-16,4.98,,0.14
2006-05-17,4.96,,0.19
2006-05-18,5.0,,0.14
2006-05-19,5.0,,0.09
2006-05-20,5.0,,
2006-05-21,5.0,,
2006-05-22,5.0,,0.1
2006-05-23,4.94,,0.1
2006-05-24,4.9,,0.09
2006-05-25,5.01,,0.09
2006-05-26,4.99,,0.1
2006-05-27,4.99,,
2006-05-28,4.99,,
2006-05-29,4.99,,
2006-05-30,5.02,,0.1
2006-05-31,5.05,,0.08
2006-06-01,5.02,201.8,0.07
2006-06-02,4.97,,0.08
2006-06-03,4.97,,
2006-06-04,4.97,,
2006-06-05,5.01,,0.03
2006-06-06,4.99,,0.02
2006-06-07,4.99,,0.0
2006-06-08,5.02,,-0.01
2006-06-09,5.0,,-0.03
2006-06-10,5.0,,
2006-06-11,5.0,,
2006-06-12,5.01,,-0.03
2006-06-13,5.0,,-0.05
2006-06-14,5.0,,-0.06
2006-06-15,5.02,,-0.04
2006-06-16,4.94,,-0.03
2006-06-17,4.94,,
2006-06-18,4.94,,
2006-06-19,4.95,,-0.05
2006-06-20,4.92,,-0.04
2006-06-21,4.91,,-0.04
2006-06-22,4.98,,-0.03
2006-06-23,4.98,,-0.04
2006-06-24,4.98,,
2006-06-25,4.98,,
2006-06-26,5.03,,-0.02
2006-06-27,5.02,,-0.03
2006-06-28,5.06,,-0.04
2006-06-29,5.08,,0.01
2006-06-30,5.05,,-0.01
2006-07-01,5.05,202.9,
2006-07-02,5.05,,
2006-07-03,5.25,,-0.02
2006-07-04,5.25,,
2006-07-05,5.25,,-0.01
2006-07-06,5.24,,-0.03
2006-07-07,5.22,,-0.03
2006-07-08,5.22,,
2006-07-09,5.22,,
2006-07-10,5.24,,-0.04
2006-07-11,5.25,,-0.07
2006-07-12,5.27,,-0.07
2006-07-13,5.26,,-0.04
2006-07-14,5.26,,-0.01
2006-07-15,5.26,,
2006-07-16,5.26,,
2006-07-17,5.28,,-0.05
2006-07-18,5.22,,-0.06
2006-07-19,5.23,,-0.06
2006-07-20,5.24,,-0.03
2006-07-21,5.23,,-0.03
2006-07-22,5.23,,
2006-07-23,5.23,,
2006-07-24,5.24,,-0.05
2006-07-25,5.24,,-0.04
2006-07-26,5.24,,-0.02
2006-07-27,5.27,,0.0
2006-07-28,5.26,,0.02
2006-07-29,5.26,,
2006-07-30,5.26,,
2006-07-31,5.31,,0.02
2006-08-01,5.27,203.8,0.02
2006-08-02,5.25,,-0.01
2006-08-03,5.27,,-0.02
2006-08-04,5.25,,0.0
2006-08-05,5.25,,
2006-08-06,5.25,,
2006-08-07,5.24,,-0.03
2006-08-08,5.26,,0.02
2006-08-09,5.25,,0.01
2006-08-10,5.24,,0.0
2006-08-11,5.24,,0.01
2006-08-12,5.24,,
2006-08-13,5.24,,
2006-08-14,5.26,,-0.01
2006-08-15,5.24,,-0.01
2006-08-16,5.17,,0.0
2006-08-17,5.2,,-0.02
2006-08-18,5.25,,-0.03
2006-08-19,5.25,,
2006-08-20,5.25,,
2006-08-21,5.24,,-0.03
2006-08-22,5.24,,-0.05
2006-08-23,5.25,,-0.05
2006-08-24,5.25,,-0.07
2006-08-25,5.25,,-0.07
2006-08-26,5.25,,
2006-08-27,5.25,,
2006-08-28,5.25,,-0.08
2006-08-29,5.23,,-0.08
2006-08-30,5.25,,-0.07
2006-08-31,5.31,,-0.05
2006-09-01,5.25,202.8,-0.04
2006-09-02,5.25,,
2006-09-03,5.25,,
2006-09-04,5.25,,
2006-09-05,5.26,,-0.02
2006-09-06,5.21,,-0.02
2006-09-07,5.23,,-0.02
2006-09-08,5.23,,-0.02
2006-09-09,5.23,,
2006-09-10,5.23,,
2006-09-11,5.24,,-0.03
2006-09-12,5.21,,-0.04
2006-09-13,5.26,,-0.03
2006-09-14,5.26,,-0.04
2006-09-15,5.25,,-0.07
2006-09-16,5.25,,
2006-09-17,5.25,,
2006-09-18,5.23,,-0.07
2006-09-19,5.21,,-0.05
2006-09-20,5.23,,-0.08
2006-09-21,5.24,,-0.06
2006-09-22,5.27,,-0.07
2006-09-23,5.27,,
2006-09-24,5.27,,
2006-09-25,5.3,,-0.07
2006-09-26,5.25,,-0.09
2006-09-27,5.3,,-0.06
2006-09-28,5.28,,-0.05
2006-09-29,5.34,,-0.07
2006-09-30,5.34,,
2006-10-01,5.34,201.9,
2006-10-02,5.33,,-0.04
2006-10-03,5.25,,-0.05
2006-10-04,5.23,,-0.03
2006-10-05,5.23,,-0.04
2006-10-06,5.22,,-0.04
2006-10-07,5.22,,
2006-10-08,5.22,,
2006-10-09,5.22,,
2006-10-10,5.28,,-0.07
2006-10-11,5.25,,-0.07
2006-10-12,5.25,,-0.06
2006-10-13,5.21,,-0.06
2006-10-14,5.21,,
2006-10-15,5.21,,
2006-10-16,5.28,,-0.06
2006-10-17,5.21,,-0.05
2006-10-18,5.23,,-0.08
2006-10-19,5.22,,-0.06
2006-10-20,5.25,,-0.08
2006-10-21,5.25,,
2006-10-22,5.25,,
2006-10-23,5.24,,-0.07
2006-10-24,5.24,,-0.08
2006-10-25,5.26,,-0.1
2006-10-26,5.23,,-0.08
2006-10-27,5.23,,-0.08
2006-10-28,5.23,,
2006-10-29,5.23,,
2006-10-30,5.27,,-0.1
2006-10-31,5.31,,-0.1
2006-11-01,5.23,202.0,-0.09
2006-11-02,5.22,,-0.07
2006-11-03,5.25,,-0.1
2006-11-04,5.25,,
2006-11-05,5.25,,
2006-11-06,5.24,,-0.11
2006-11-07,5.22,,-0.11
2006-11-08,5.22,,-0.11
2006-11-09,5.23,,-0.13
2006-11-10,5.23,,-0.14
2006-11-11,5.23,,
2006-11-12,5.23,,
2006-11-13,5.27,,-0.15
2006-11-14,5.25,,-0.17
2006-11-15,5.29,,-0.19
2006-11-16,5.25,,-0.19
2006-11-17,5.2,,-0.15
2006-11-18,5.2,,
2006-11-19,5.2,,
2006-11-20,5.25,,-0.16
2006-11-21,5.29,,-0.17
2006-11-22,5.26,,-0.17
2006-11-23,5.26,,
2006-11-24,5.24,,-0.18
2006-11-25,5.24,,
2006-11-26,5.24,,
2006-11-27,5.32,,-0.17
2006-11-28,5.24,,-0.16
2006-11-29,5.26,,-0.17
2006-11-30,5.31,,-0.16
2006-12-01,5.27,203.1,-0.09
2006-12-02,5.27,,
2006-12-03,5.27,,
2006-12-04,5.22,,-0.09
2006-12-05,5.21,,-0.07
2006-12-06,5.22,,-0.11
2006-12-07,5.25,,-0.09
2006-12-08,5.25,,-0.12
2006-12-09,5.25,,
2006-12-10,5.25,,
2006-12-11,5.25,,-0.15
2006-12-12,5.23,,-0.12
2006-12-13,5.23,,-0.12
2006-12-14,5.29,,-0.13
2006-12-15,5.27,,-0.13
2006-12-16,5.27,,
2006-12-17,5.27,,
2006-12-18,5.21,,-0.11
2006-12-19,5.21,,-0.11
2006-12-20,5.26,,-0.11
2006-12-21,5.25,,-0.11
2006-12-22,5.24,,-0.08
2006-12-23,5.24,,
2006-12-24,5.24,,
2006-12-25,5.24,,
2006-12-26,5.29,,-0.1
2006-12-27,5.17,,-0.11
2006-12-28,5.25,,-0.12
2006-12-29,5.17,,-0.11
2006-12-30,5.17,,
2006-12-31,5.17,,
2007-01-01,5.17,203.437,
2007-01-02,5.3,,-0.12
2007-01-03,5.28,,-0.09
2007-01-04,5.24,,-0.09
2007-01-05,5.21,,-0.11
2007-01-06,5.21,,
2007-01-07,5.21,,
2007-01-08,5.23,,-0.12
2007-01-09,5.25,,-0.13
2007-01-10,5.26,,-0.12
2007-01-11,5.27,,-0.12
2007-01-12,5.22,,-0.11
2007-01-13,5.22,,
2007-01-14,5.22,,
2007-01-15,5.22,,
2007-01-16,5.28,,-0.11
2007-01-17,5.25,,-0.12
2007-01-18,5.23,,-0.14
2007-01-19,5.25,,-0.15
2007-01-20,5.25,,
2007-01-21,5.25,,
2007-01-22,5.24,,-0.15
2007-01-23,5.26,,-0.13
2007-01-24,5.27,,-0.12
2007-01-25,5.31,,-0.11
2007-01-26,5.26,,-0.11
2007-01-27,5.26,,
2007-01-28,5.26,,
2007-01-29,5.26,,-0.09
2007-01-30,5.23,,-0.1
2007-01-31,5.33,,-0.11
2007-02-01,5.29,204.226,-0.12
2007-02-02,5.24,,-0.11
2007-02-03,5.24,,
2007-02-04,5.24,,
2007-02-05,5.25,,-0.11
2007-02-06,5.24,,-0.13
2007-02-07,5.23,,-0.13
2007-02-08,5.25,,-0.14
2007-02-09,5.25,,-0.13
2007-02-10,5.25,,
2007-02-11,5.25,,
2007-02-12,5.28,,-0.14
2007-02-13,5.26,,-0.13
2007-02-14,5.27,,-0.13
2007-02-15,5.29,,-0.13
2007-02-16,5.24,,-0.14
2007-02-17,5.24,,
2007-02-18,5.24,,
2007-02-19,5.24,,
2007-02-20,5.27,,-0.13
2007-02-21,5.23,,-0.13
2007-02-22,5.26,,-0.14
2007-02-23,5.24,,-0.14
2007-02-24,5.24,,
2007-02-25,5.24,,
2007-02-26,5.3,,-0.14
2007-02-27,5.27,,-0.09
2007-02-28,5.41,,-0.09
2007-03-01,5.31,205.288,-0.07
2007-03-02,5.23,,-0.04
2007-03-03,5.23,,
2007-03-04,5.23,,
2007-03-05,5.27,,-0.02
2007-03-06,5.22,,-0.05
2007-03-07,5.24,,-0.04
2007-03-08,5.24,,-0.05
2007-03-09,5.24,,-0.07
2007-03-10,5.24,,
2007-03-11,5.24,,
2007-03-12,5.25,,-0.06
2007-03-13,5.25,,-0.02
2007-03-14,5.27,,-0.01
2007-03-15,5.29,,-0.03
2007-03-16,5.25,,-0.03
2007-03-17,5.25,,
2007-03-18,5.25,,
2007-03-19,5.26,,-0.03
2007-03-20,5.26,,-0.04
2007-03-21,5.26,,0.02
2007-03-22,5.27,,0.02
2007-03-23,5.24,,0.02
2007-03-24,5.24,,
2007-03-25,5.24,,
2007-03-26,5.28,,0.04
2007-03-27,5.25,,0.04
2007-03-28,5.27,,0.09
2007-03-29,5.29,,0.06
2007-03-30,5.3,,0.07
2007-03-31,5.3,,
2007-04-01,5.3,205.904,
2007-04-02,5.25,,0.05
2007-04-03,5.2,,0.04
2007-04-04,5.21,,0.05
2007-04-05,5.3,,0.05
2007-04-06,5.3,,0.01
2007-04-07,5.3,,
2007-04-08,5.3,,
2007-04-09,5.28,,0.02
2007-04-10,5.26,,0.02
2007-04-11,5.24,,0.01
2007-04-12,5.27,,0.01
2007-04-13,5.25,,0.0
2007-04-14,5.25,,
2007-04-15,5.25,,
2007-04-16,5.29,,0.0
2007-04-17,5.2,,0.01
2007-04-18,5.19,,0.02
2007-04-19,5.23,,0.04
2007-04-20,5.25,,0.04
2007-04-21,5.25,,
2007-04-22,5.25,,
2007-04-23,5.23,,0.04
2007-04-24,5.2,,0.05
2007-04-25,5.19,,0.03
2007-04-26,5.24,,0.02
2007-04-27,5.24,,0.04
2007-04-28,5.24,,
2007-04-29,5.24,,
2007-04-30,5.29,,0.03
2007-05-01,5.26,206.755,0.01
2007-05-02,5.21,,0.0
2007-05-03,5.24,,-0.03
2007-05-04,5.24,,-0.03
2007-05-05,5.24,,
2007-05-06,5.24,,
2007-05-07,5.24,,-0.04
2007-05-08,5.21,,-0.05
2007-05-09,5.21,,-0.06
2007-05-10,5.25,,-0.05
2007-05-11,5.27,,-0.04
2007-05-12,5.27,,
2007-05-13,5.27,,
2007-05-14,5.26,,-0.04
2007-05-15,5.29,,-0.04
2007-05-16,5.25,,-0.02
2007-05-17,5.25,,-0.02
2007-05-18,5.24,,-0.01
2007-05-19,5.24,,
2007-05-20,5.24,,
2007-05-21,5.24,,-0.02
2007-05-22,5.23,,0.0
2007-05-23,5.25,,0.01
2007-05-24,5.24,,0.01
2007-05-25,5.29,,0.01
2007-05-26,5.29,,
2007-05-27,5.29,,
2007-05-28,5.29,,
2007-05-29,5.29,,0.0
2007-05-30,5.25,,-0.01
2007-05-31,5.28,,-0.02
2007-06-01,5.23,207.234,-0.02
2007-06-02,5.23,,
2007-06-03,5.23,,
2007-06-04,5.24,,-0.04
2007-06-05,5.19,,-0.01
2007-06-06,5.25,,0.0
2007-06-07,5.25,,0.08
2007-06-08,5.26,,0.11
2007-06-09,5.26,,
2007-06-10,5.26,,
2007-06-11,5.27,,0.13
2007-06-12,5.26,,0.18
2007-06-13,5.26,,0.12
2007-06-14,5.28,,0.13
2007-06-15,5.26,,0.11
2007-06-16,5.26,,
2007-06-17,5.26,,
2007-06-18,5.23,,0.14
2007-06-19,5.21,,0.15
2007-06-20,5.27,,0.17
2007-06-21,5.26,,0.18
2007-06-22,5.24,,0.22
2007-06-23,5.24,,
2007-06-24,5.24,,
2007-06-25,5.29,,0.22
2007-06-26,5.25,,0.2
2007-06-27,5.26,,0.18
2007-06-28,5.26,,0.16
2007-06-29,5.31,,0.16
2007-06-30,5.31,,
2007-07-01,5.31,207.603,
2007-07-02,5.31,,0.14
2007-07-03,5.24,,0.16
2007-07-04,5.24,,
2007-07-05,5.25,,0.17
2007-07-06,5.22,,0.2
2007-07-07,5.22,,
2007-07-08,5.22,,
2007-07-09,5.22,,0.19
2007-07-10,5.24,,0.18
2007-07-11,5.24,,0.2
2007-07-12,5.26,,0.19
2007-07-13,5.25,,0.17
2007-07-14,5.25,,
2007-07-15,5.25,,
2007-07-16,5.32,,0.16
2007-07-17,5.28,,0.17
2007-07-18,5.26,,0.18
2007-07-19,5.25,,0.17
2007-07-20,5.25,,0.17
2007-07-21,5.25,,
2007-07-22,5.25,,
2007-07-23,5.26,,0.17
2007-07-24,5.25,,0.17
2007-07-25,5.32,,0.18
2007-07-26,5.28,,0.23
2007-07-27,5.25,,0.24
2007-07-28,5.25,,
2007-07-29,5.25,,
2007-07-30,5.29,,0.23
2007-07-31,5.28,,0.22
2007-08-01,5.3,207.667,0.2
2007-08-02,5.24,,0.18
2007-08-03,5.24,,0.25
2007-08-04,5.24,,
2007-08-05,5.24,,
2007-08-06,5.26,,0.26
2007-08-07,5.26,,0.21
2007-08-08,5.27,,0.2
2007-08-09,5.41,,0.3
2007-08-10,4.68,,0.34
2007-08-11,4.68,,
2007-08-12,4.68,,
2007-08-13,4.81,,0.32
2007-08-14,4.54,,0.34
2007-08-15,4.71,,0.42
2007-08-16,4.97,,0.52
2007-08-17,4.91,,0.5
2007-08-18,4.91,,
2007-08-19,4.91,,
2007-08-20,5.03,,0.53
2007-08-21,4.89,,0.55
2007-08-22,4.77,,0.48
2007-08-23,4.88,,0.42
2007-08-24,5.11,,0.33
2007-08-25,5.11,,
2007-08-26,5.11,,
2007-08-27,5.27,,0.32
2007-08-28,5.3,,0.4
2007-08-29,5.0,,0.43
2007-08-30,5.0,,0.43
2007-08-31,4.96,,0.39
2007-09-01,4.96,208.547,
2007-09-02,4.96,,
2007-09-03,4.96,,
2007-09-04,5.22,,0.43
2007-09-05,5.18,,0.45
2007-09-06,4.98,,0.43
2007-09-07,4.86,,0.48
2007-09-08,4.86,,
2007-09-09,4.86,,
2007-09-10,5.07,,0.47
2007-09-11,5.06,,0.42
2007-09-12,5.18,,0.46
2007-09-13,5.09,,0.41
2007-09-14,5.25,,0.42
2007-09-15,5.25,,
2007-09-16,5.25,,
2007-09-17,5.33,,0.4
2007-09-18,4.92,,0.5
2007-09-19,4.74,,0.53
2007-09-20,4.77,,0.59
2007-09-21,4.76,,0.58
2007-09-22,4.76,,
2007-09-23,4.76,,
2007-09-24,4.74,,0.58
2007-09-25,4.82,,0.63
2007-09-26,4.88,,0.66
2007-09-27,4.93,,0.63
2007-09-28,4.58,,0.62
2007-09-29,4.58,,
2007-09-30,4.58,,
2007-10-01,4.92,209.19,0.54
2007-10-02,4.78,,0.56
2007-10-03,4.68,,0.53
2007-10-04,4.74,,0.54
2007-10-05,4.77,,0.57
2007-10-06,4.77,,
2007-10-07,4.77,,
2007-10-08,4.77,,
2007-10-09,4.91,,0.52
2007-10-10,4.52,,0.5
2007-10-11,4.75,,0.53
2007-10-12,4.75,,0.47
2007-10-13,4.75,,
2007-10-14,4.75,,
2007-10-15,4.81,,0.47
2007-10-16,4.68,,0.54
2007-10-17,4.7,,0.57
2007-10-18,4.69,,0.59
2007-10-19,4.77,,0.61
2007-10-20,4.77,,
2007-10-21,4.77,,
2007-10-22,4.71,,0.57
2007-10-23,4.67,,0.6
2007-10-24,4.74,,0.62
2007-10-25,4.86,,0.63
2007-10-26,4.8,,0.64
2007-10-27,4.8,,
2007-10-28,4.8,,
2007-10-29,4.84,,0.6
2007-10-30,4.78,,0.58
2007-10-31,4.6,,0.54
2007-11-01,4.59,210.834,0.59
2007-11-02,4.28,,0.65
2007-11-03,4.28,,
2007-11-04,4.28,,
2007-11-05,4.29,,0.66
2007-11-06,4.22,,0.68
2007-11-07,4.39,,0.73
2007-11-08,4.58,,0.81
2007-11-09,4.49,,0.81
2007-11-10,4.49,,
2007-11-11,4.49,,
2007-11-12,4.49,,
2007-11-13,4.61,,0.72
2007-11-14,4.6,,0.71
2007-11-15,4.54,,0.82
2007-11-16,4.51,,0.82
2007-11-17,4.51,,
2007-11-18,4.51,,
2007-11-19,4.51,,0.89
2007-11-20,4.51,,0.92
2007-11-21,4.5,,1.01
2007-11-22,4.5,,
2007-11-23,4.56,,0.94
2007-11-24,4.56,,
2007-11-25,4.56,,
2007-11-26,4.62,,0.91
2007-11-27,4.39,,0.9
2007-11-28,4.53,,0.86
2007-11-29,4.55,,0.88
2007-11-30,4.66,,0.93
2007-12-01,4.66,211.445,
2007-12-02,4.66,,
2007-12-03,4.52,,0.99
2007-12-04,4.5,,0.99
2007-12-05,4.31,,1.02
2007-12-06,4.49,,0.99
2007-12-07,4.41,,1.0
2007-12-08,4.41,,
2007-12-09,4.41,,
2007-12-10,4.46,,0.98
2007-12-11,4.29,,1.04
2007-12-12,4.28,,0.98
2007-12-13,4.3,,0.97
2007-12-14,4.24,,0.93
2007-12-15,4.24,,
2007-12-16,4.24,,
2007-12-17,4.31,,0.96
2007-12-18,4.16,,0.95
2007-12-19,3.98,,0.94
2007-12-20,4.37,,0.95
2007-12-21,4.28,,0.99
2007-12-22,4.28,,
2007-12-23,4.28,,
2007-12-24,4.0,,0.99
2007-12-25,4.0,,
2007-12-26,4.26,,0.99
2007-12-27,4.15,,0.97
2007-12-28,4.01,,0.99
2007-12-29,4.01,,
2007-12-30,4.01,,
2007-12-31,3.06,,0.99
2008-01-01,3.06,212.174,
2008-01-02,4.11,,1.03
2008-01-03,4.25,,1.08
2008-01-04,4.18,,1.14
2008-01-05,4.18,,
2008-01-06,4.18,,
2008-01-07,4.27,,1.1
2008-01-08,4.27,,1.1
2008-01-09,4.26,,1.13
2008-01-10,4.26,,1.2
2008-01-11,4.23,,1.23
2008-01-12,4.23,,
2008-01-13,4.23,,
2008-01-14,4.24,,1.23
2008-01-15,4.24,,1.19
2008-01-16,4.22,,1.23
2008-01-17,4.23,,1.22
2008-01-18,4.17,,1.3
2008-01-19,4.17,,
2008-01-20,4.17,,
2008-01-21,4.17,,
2008-01-22,3.68,,1.44
2008-01-23,3.43,,1.42
2008-01-24,3.47,,1.43
2008-01-25,3.6,,1.38
2008-01-26,3.6,,
2008-01-27,3.6,,
2008-01-28,3.5,,1.41
2008-01-29,3.47,,1.4
2008-01-30,3.26,,1.48
2008-01-31,3.22,,1.5
2008-02-01,3.12,212.687,1.53
2008-02-02,3.12,,
2008-02-03,3.12,,
2008-02-04,2.82,,1.6
2008-02-05,2.71,,1.68
2008-02-06,2.94,,1.65
2008-02-07,3.03,,1.75
2008-02-08,3.05,,1.71
2008-02-09,3.05,,
2008-02-10,3.05,,
2008-02-11,2.88,,1.69
2008-02-12,2.91,,1.72
2008-02-13,3.02,,1.79
2008-02-14,3.03,,1.92
2008-02-15,2.97,,1.85
2008-02-16,2.97,,
2008-02-17,2.97,,
2008-02-18,2.97,,
2008-02-19,2.94,,1.83
2008-02-20,3.0,,1.79
2008-02-21,3.01,,1.79
2008-02-22,2.97,,1.81
2008-02-23,2.97,,
2008-02-24,2.97,,
2008-02-25,3.0,,1.78
2008-02-26,2.85,,1.84
2008-02-27,2.93,,1.84
2008-02-28,3.06,,1.84
2008-02-29,3.01,,1.88
2008-03-01,3.01,213.448,
2008-03-02,3.01,,
2008-03-03,3.1,,1.93
2008-03-04,2.9,,1.98
2008-03-05,2.93,,2.04
2008-03-06,2.99,,2.09
2008-03-07,2.96,,2.03
2008-03-08,2.96,,
2008-03-09,2.96,,
2008-03-10,2.99,,1.99
2008-03-11,2.95,,1.86
2008-03-12,2.97,,1.86
2008-03-13,2.98,,1.93
2008-03-14,2.99,,1.97
2008-03-15,2.99,,
2008-03-16,2.99,,
2008-03-17,2.69,,1.99
2008-03-18,2.16,,1.9
2008-03-19,2.08,,1.84
2008-03-20,2.22,,1.75
2008-03-21,2.08,,
2008-03-22,2.08,,
2008-03-23,2.08,,
2008-03-24,2.08,,1.72
2008-03-25,2.42,,1.72
2008-03-26,2.3,,1.8
2008-03-27,2.27,,1.83
2008-03-28,2.09,,1.8
2008-03-29,2.09,,
2008-03-30,2.09,,
2008-03-31,2.51,,1.83
2008-04-01,2.38,213.942,1.77
2008-04-02,2.18,,1.72
2008-04-03,2.19,,1.7
2008-04-04,2.26,,1.67
2008-04-05,2.26,,
2008-04-06,2.26,,
2008-04-07,2.24,,1.62
2008-04-08,2.23,,1.71
2008-04-09,2.2,,1.72
2008-04-10,2.3,,1.71
2008-04-11,2.37,,1.73
2008-04-12,2.37,,
2008-04-13,2.37,,
2008-04-14,2.32,,1.75
2008-04-15,2.32,,1.76
2008-04-16,2.35,,1.74
2008-04-17,2.37,,1.62
2008-04-18,2.32,,1.58
2008-04-19,2.32,,
2008-04-20,2.32,,
2008-04-21,2.28,,1.55
2008-04-22,1.99,,1.5
2008-04-23,2.18,,1.55
2008-04-24,2.26,,1.46
2008-04-25,2.28,,1.47
2008-04-26,2.28,,
2008-04-27,2.28,,
2008-04-28,2.29,,1.5
2008-04-29,2.21,,1.5
2008-04-30,2.37,,1.48
2008-05-01,2.16,215.208,1.41
2008-05-02,1.88,,1.42
2008-05-03,1.88,,
2008-05-04,1.88,,
2008-05-05,1.85,,1.46
2008-05-06,1.91,,1.55
2008-05-07,2.01,,1.56
2008-05-08,1.99,,1.54
2008-05-09,1.97,,1.52
2008-05-10,1.97,,
2008-05-11,1.97,,
2008-05-12,1.88,,1.48
2008-05-13,1.93,,1.43
2008-05-14,2.03,,1.39
2008-05-15,2.03,,1.38
2008-05-16,1.91,,1.38
2008-05-17,1.91,,
2008-05-18,1.91,,
2008-05-19,1.95,,1.41
2008-05-20,1.99,,1.44
2008-05-21,2.03,,1.4
2008-05-22,2.05,,1.36
2008-05-23,1.99,,1.39
2008-05-24,1.99,,
2008-05-25,1.99,,
2008-05-26,1.99,,
2008-05-27,2.23,,1.38
2008-05-28,2.08,,1.41
2008-05-29,2.01,,1.41
2008-05-30,1.98,,1.4
2008-05-31,1.98,,
2008-06-01,1.98,217.463,
2008-06-02,2.06,,1.47
2008-06-03,1.95,,1.47
2008-06-04,1.98,,1.51
2008-06-05,1.98,,1.54
2008-06-06,2.01,,1.54
2008-06-07,2.01,,
2008-06-08,2.01,,
2008-06-09,2.02,,1.29
2008-06-10,1.96,,1.2
2008-06-11,1.95,,1.27
2008-06-12,2.01,,1.2
2008-06-13,2.02,,1.22
2008-06-14,2.02,,
2008-06-15,2.02,,
2008-06-16,2.06,,1.23
2008-06-17,1.87,,1.29
2008-06-18,1.84,,1.27
2008-06-19,1.94,,1.23
2008-06-20,1.99,,1.28
2008-06-21,1.99,,
2008-06-22,1.99,,
2008-06-23,1.98,,1.21
2008-06-24,1.93,,1.23
2008-06-25,1.97,,1.3
2008-06-26,2.05,,1.39
2008-06-27,1.99,,1.34
2008-06-28,1.99,,
2008-06-29,1.99,,
2008-06-30,2.47,,1.36
2008-07-01,2.11,219.016,1.38
2008-07-02,1.95,,1.39
2008-07-03,1.92,,1.45
2008-07-04,1.92,,
2008-07-05,1.92,,
2008-07-06,1.92,,
2008-07-07,1.99,,1.48
2008-07-08,1.97,,1.44
2008-07-09,1.99,,1.44
2008-07-10,2.01,,1.39
2008-07-11,1.97,,1.37
2008-07-12,1.97,,
2008-07-13,1.97,,
2008-07-14,2.06,,1.43
2008-07-15,2.16,,1.48
2008-07-16,1.95,,1.53
2008-07-17,2.03,,1.49
2008-07-18,1.96,,1.45
2008-07-19,1.96,,
2008-07-20,1.96,,
2008-07-21,1.98,,1.43
2008-07-22,1.97,,1.4
2008-07-23,2.04,,1.35
2008-07-24,2.06,,1.42
2008-07-25,2.13,,1.43
2008-07-26,2.13,,
2008-07-27,2.13,,
2008-07-28,2.0,,1.47
2008-07-29,2.05,,1.44
2008-07-30,2.03,,1.43
2008-07-31,2.09,,1.47
2008-08-01,2.04,218.69,1.46
2008-08-02,2.04,,
2008-08-03,2.04,,
2008-08-04,1.97,,1.45
2008-08-05,1.97,,1.5
2008-08-06,2.01,,1.5
2008-08-07,1.96,,1.49
2008-08-08,2.01,,1.43
2008-08-09,2.01,,
2008-08-10,2.01,,
2008-08-11,1.99,,1.43
2008-08-12,1.95,,1.46
2008-08-13,1.98,,1.44
2008-08-14,2.09,,1.44
2008-08-15,2.08,,1.44
2008-08-16,2.08,,
2008-08-17,2.08,,
2008-08-18,1.91,,1.47
2008-08-19,1.94,,1.51
2008-08-20,1.98,,1.54
2008-08-21,2.01,,1.51
2008-08-22,2.02,,1.45
2008-08-23,2.02,,
2008-08-24,2.02,,
2008-08-25,2.01,,1.46
2008-08-26,1.88,,1.44
2008-08-27,1.98,,1.46
2008-08-28,1.99,,1.42
2008-08-29,1.94,,1.47
2008-08-30,1.94,,
2008-08-31,1.94,,
2008-09-01,1.94,218.877,
2008-09-02,1.96,,1.48
2008-09-03,2.01,,1.45
2008-09-04,1.99,,1.44
2008-09-05,1.97,,1.43
2008-09-06,1.97,,
2008-09-07,1.97,,
2008-09-08,1.92,,1.36
2008-09-09,1.96,,1.39
2008-09-10,2.12,,1.43
2008-09-11,2.0,,1.46
2008-09-12,2.1,,1.51
2008-09-13,2.1,,
2008-09-14,2.1,,
2008-09-15,2.64,,1.69
2008-09-16,1.98,,1.59
2008-09-17,2.8,,1.77
2008-09-18,2.16,,1.76
2008-09-19,1.48,,1.62
2008-09-20,1.48,,
2008-09-21,1.48,,
2008-09-22,1.51,,1.7
2008-09-23,1.46,,1.74
2008-09-24,1.19,,1.77
2008-09-25,1.23,,1.72
2008-09-26,1.08,,1.74
2008-09-27,1.08,,
2008-09-28,1.08,,
2008-09-29,1.56,,1.91
2008-09-30,2.03,,1.85
2008-10-01,1.15,216.995,1.95
2008-10-02,0.67,,2.04
2008-10-03,1.1,,2.03
2008-10-04,1.1,,
2008-10-05,1.1,,
2008-10-06,1.96,,2.05
2008-10-07,2.97,,2.03
2008-10-08,2.24,,2.07
2008-10-09,1.4,,2.19
2008-10-10,0.79,,2.27
2008-10-11,0.79,,
2008-10-12,0.79,,
2008-10-13,0.79,,
2008-10-14,1.1,,2.26
2008-10-15,1.04,,2.4
2008-10-16,0.83,,2.38
2008-10-17,0.6,,2.34
2008-10-18,0.6,,
2008-10-19,0.6,,
2008-10-20,0.7,,2.2
2008-10-21,0.67,,2.18
2008-10-22,0.81,,2.12
2008-10-23,0.93,,2.09
2008-10-24,0.95,,2.19
2008-10-25,0.95,,
2008-10-26,0.95,,
2008-10-27,0.92,,2.2
2008-10-28,0.67,,2.24
2008-10-29,0.36,,2.35
2008-10-30,0.3,,2.41
2008-10-31,0.22,,2.45
2008-11-01,0.22,213.153,
2008-11-02,0.22,,
2008-11-03,0.23,,2.51
2008-11-04,0.23,,2.42
2008-11-05,0.23,,2.37
2008-11-06,0.23,,2.47
2008-11-07,0.27,,2.5
2008-11-08,0.27,,
2008-11-09,0.27,,
2008-11-10,0.29,,2.55
2008-11-11,0.29,,
2008-11-12,0.35,,2.56
2008-11-13,0.35,,2.6
2008-11-14,0.34,,2.5
2008-11-15,0.34,,
2008-11-16,0.34,,
2008-11-17,0.37,,2.46
2008-11-18,0.38,,2.38
2008-11-19,0.38,,2.29
2008-11-20,0.49,,2.1
2008-11-21,0.57,,2.11
2008-11-22,0.57,,
2008-11-23,0.57,,
2008-11-24,0.62,,2.04
2008-11-25,0.59,,1.96
2008-11-26,0.53,,1.9
2008-11-27,0.53,,
2008-11-28,0.52,,1.93
2008-11-29,0.52,,
2008-11-30,0.52,,
2008-12-01,0.52,211.398,1.82
2008-12-02,0.47,,1.78
2008-12-03,0.36,,1.8
2008-12-04,0.2,,1.73
2008-12-05,0.12,,1.74
2008-12-06,0.12,,
2008-12-07,0.12,,
2008-12-08,0.12,,1.8
2008-12-09,0.13,,1.83
2008-12-10,0.11,,1.83
2008-12-11,0.14,,1.85
2008-12-12,0.15,,1.82
2008-12-13,0.15,,
2008-12-14,0.15,,
2008-12-15,0.18,,1.78
2008-12-16,0.17,,1.72
2008-12-17,0.12,,1.47
2008-12-18,0.11,,1.4
2008-12-19,0.11,,1.39
2008-12-20,0.11,,
2008-12-21,0.11,,
2008-12-22,0.11,,1.29
2008-12-23,0.11,,1.28
2008-12-24,0.11,,1.3
2008-12-25,0.11,,
2008-12-26,0.09,,1.27
2008-12-27,0.09,,
2008-12-28,0.09,,
2008-12-29,0.1,,1.35
2008-12-30,0.09,,1.36
2008-12-31,0.14,,1.49
2009-01-01,0.14,211.933,
2009-01-02,0.08,,1.58
2009-01-03,0.08,,
2009-01-04,0.08,,
2009-01-05,0.11,,1.71
2009-01-06,0.09,,1.71
2009-01-07,0.11,,1.7
2009-01-08,0.1,,1.64
2009-01-09,0.09,,1.68
2009-01-10,0.09,,
2009-01-11,0.09,,
2009-01-12,0.1,,1.6
2009-01-13,0.1,,1.57
2009-01-14,0.15,,1.51
2009-01-15,0.18,,1.5
2009-01-16,0.19,,1.63
2009-01-17,0.19,,
2009-01-18,0.19,,
2009-01-19,0.19,,
2009-01-20,0.2,,1.67
2009-01-21,0.23,,1.78
2009-01-22,0.21,,1.87
2009-01-23,0.18,,1.82
2009-01-24,0.18,,
2009-01-25,0.18,,
2009-01-26,0.19,,1.85
2009-01-27,0.18,,1.72
2009-01-28,0.19,,1.82
2009-01-29,0.23,,1.92
2009-01-30,0.23,,1.93
2009-01-31,0.23,,
2009-02-01,0.23,212.705,
2009-02-02,0.24,,1.87
2009-02-03,0.24,,1.93
2009-02-04,0.24,,1.97
2009-02-05,0.23,,1.97
2009-02-06,0.23,,2.06
2009-02-07,0.23,,
2009-02-08,0.23,,
2009-02-09,0.22,,2.02
2009-02-10,0.24,,1.98
2009-02-11,0.22,,1.85
2009-02-12,0.23,,1.86
2009-02-13,0.22,,1.92
2009-02-14,0.22,,
2009-02-15,0.22,,
2009-02-16,0.22,,
2009-02-17,0.25,,1.77
2009-02-18,0.23,,1.77
2009-02-19,0.21,,1.84
2009-02-20,0.2,,1.82
2009-02-21,0.2,,
2009-02-22,0.2,,
2009-02-23,0.19,,1.82
2009-02-24,0.21,,1.77
2009-02-25,0.21,,1.86
2009-02-26,0.22,,1.9
2009-02-27,0.22,,2.02
2009-02-28,0.22,,
2009-03-01,0.22,212.495,
2009-03-02,0.22,,2.02
2009-03-03,0.2,,2.02
2009-03-04,0.21,,2.04
2009-03-05,0.2,,1.93
2009-03-06,0.2,,1.92
2009-03-07,0.2,,
2009-03-08,0.2,,
2009-03-09,0.2,,1.93
2009-03-10,0.2,,1.98
2009-03-11,0.19,,1.92
2009-03-12,0.18,,1.86
2009-03-13,0.15,,1.91
2009-03-14,0.15,,
2009-03-15,0.15,,
2009-03-16,0.2,,1.97
2009-03-17,0.2,,1.97
2009-03-18,0.18,,1.69
2009-03-19,0.17,,1.74
2009-03-20,0.18,,1.76
2009-03-21,0.18,,
2009-03-22,0.18,,
2009-03-23,0.17,,1.75
2009-03-24,0.17,,1.75
2009-03-25,0.17,,1.85
2009-03-26,0.16,,1.86
2009-03-27,0.15,,1.88
2009-03-28,0.15,,
2009-03-29,0.15,,
2009-03-30,0.16,,1.89
2009-03-31,0.16,,1.9
2009-04-01,0.16,212.709,1.85
2009-04-02,0.16,,1.89
2009-04-03,0.13,,1.95
2009-04-04,0.13,,
2009-04-05,0.13,,
2009-04-06,0.14,,2.01
2009-04-07,0.14,,2.02
2009-04-08,0.14,,1.93
2009-04-09,0.14,,2.0
2009-04-10,0.15,,
2009-04-11,0.15,,
2009-04-12,0.15,,
2009-04-13,0.13,,1.99
2009-04-14,0.16,,1.94
2009-04-15,0.16,,1.96
2009-04-16,0.15,,1.95
2009-04-17,0.13,,1.99
2009-04-18,0.13,,
2009-04-19,0.13,,
2009-04-20,0.14,,1.95
2009-04-21,0.15,,1.98
2009-04-22,0.15,,1.98
2009-04-23,0.17,,1.99
2009-04-24,0.16,,2.04
2009-04-25,0.16,,
2009-04-26,0.16,,
2009-04-27,0.17,,2.05
2009-04-28,0.16,,2.1
2009-04-29,0.18,,2.18
2009-04-30,0.2,,2.25
2009-05-01,0.22,213.022,2.29
2009-05-02,0.22,,
2009-05-03,0.22,,
2009-05-04,0.22,,2.25
2009-05-05,0.2,,2.22
2009-05-06,0.18,,2.22
2009-05-07,0.18,,2.29
2009-05-08,0.17,,2.29
2009-05-09,0.17,,
2009-05-10,0.17,,
2009-05-11,0.17,,2.25
2009-05-12,0.16,,2.27
2009-05-13,0.16,,2.22
2009-05-14,0.16,,2.23
2009-05-15,0.17,,2.26
2009-05-16,0.17,,
2009-05-17,0.17,,
2009-05-18,0.16,,2.29
2009-05-19,0.15,,2.34
2009-05-20,0.14,,2.32
2009-05-21,0.17,,2.46
2009-05-22,0.17,,2.53
2009-05-23,0.17,,
2009-05-24,0.17,,
2009-05-25,0.17,,
2009-05-26,0.18,,2.54
2009-05-27,0.17,,2.75
2009-05-28,0.17,,2.7
2009-05-29,0.19,,2.55
2009-05-30,0.19,,
2009-05-31,0.19,,
2009-06-01,0.21,214.79,2.74
2009-06-02,0.2,,2.69
2009-06-03,0.21,,2.65
2009-06-04,0.2,,2.76
2009-06-05,0.21,,2.52
2009-06-06,0.21,,
2009-06-07,0.21,,
2009-06-08,0.21,,2.49
2009-06-09,0.18,,2.53
2009-06-10,0.18,,2.6
2009-06-11,0.17,,2.53
2009-06-12,0.17,,2.51
2009-06-13,0.17,,
2009-06-14,0.17,,
2009-06-15,0.22,,2.5
2009-06-16,0.22,,2.44
2009-06-17,0.24,,2.49
2009-06-18,0.25,,2.58
2009-06-19,0.25,,2.54
2009-06-20,0.25,,
2009-06-21,0.25,,
2009-06-22,0.24,,2.55
2009-06-23,0.24,,2.51
2009-06-24,0.21,,2.53
2009-06-25,0.19,,2.43
2009-06-26,0.18,,2.42
2009-06-27,0.18,,
2009-06-28,0.18,,
2009-06-29,0.17,,2.4
2009-06-30,0.22,,2.42
2009-07-01,0.2,214.726,2.5
2009-07-02,0.17,,2.53
2009-07-03,0.16,,
2009-07-04,0.16,,
2009-07-05,0.16,,
2009-07-06,0.18,,2.56
2009-07-07,0.18,,2.49
2009-07-08,0.16,,2.42
2009-07-09,0.15,,2.5
2009-07-10,0.15,,2.41
2009-07-11,0.15,,
2009-07-12,0.15,,
2009-07-13,0.13,,2.46
2009-07-14,0.13,,2.53
2009-07-15,0.14,,2.6
2009-07-16,0.15,,2.59
2009-07-17,0.15,,2.65
2009-07-18,0.15,,
2009-07-19,0.15,,
2009-07-20,0.15,,2.62
2009-07-21,0.14,,2.54
2009-07-22,0.14,,2.6
2009-07-23,0.15,,2.64
2009-07-24,0.15,,2.65
2009-07-25,0.15,,
2009-07-26,0.15,,
2009-07-27,0.16,,2.67
2009-07-28,0.15,,2.6
2009-07-29,0.17,,2.52
2009-07-30,0.17,,2.48
2009-07-31,0.18,,2.39
2009-08-01,0.18,215.445,
2009-08-02,0.18,,
2009-08-03,0.18,,2.48
2009-08-04,0.17,,2.5
2009-08-05,0.17,,2.57
2009-08-06,0.17,,2.57
2009-08-07,0.17,,2.57
2009-08-08,0.17,,
2009-08-09,0.17,,
2009-08-10,0.17,,2.56
2009-08-11,0.16,,2.5
2009-08-12,0.15,,2.54
2009-08-13,0.15,,2.47
2009-08-14,0.15,,2.48
2009-08-15,0.15,,
2009-08-16,0.15,,
2009-08-17,0.17,,2.44
2009-08-18,0.17,,2.45
2009-08-19,0.17,,2.44
2009-08-20,0.17,,2.39
2009-08-21,0.16,,2.43
2009-08-22,0.16,,
2009-08-23,0.16,,
2009-08-24,0.16,,2.43
2009-08-25,0.15,,2.4
2009-08-26,0.15,,2.38
2009-08-27,0.14,,2.43
2009-08-28,0.14,,2.45
2009-08-29,0.14,,
2009-08-30,0.14,,
2009-08-31,0.15,,2.43
2009-09-01,0.15,215.861,2.46
2009-09-02,0.16,,2.4
2009-09-03,0.15,,2.42
2009-09-04,0.15,,2.51
2009-09-05,0.15,,
2009-09-06,0.15,,
2009-09-07,0.15,,
2009-09-08,0.15,,2.54
2009-09-09,0.15,,2.55
2009-09-10,0.16,,2.46
2009-09-11,0.15,,2.44
2009-09-12,0.15,,
2009-09-13,0.15,,
2009-09-14,0.16,,2.48
2009-09-15,0.17,,2.51
2009-09-16,0.17,,2.47
2009-09-17,0.16,,2.44
2009-09-18,0.16,,2.46
2009-09-19,0.16,,
2009-09-20,0.16,,
2009-09-21,0.15,,2.47
2009-09-22,0.15,,2.44
2009-09-23,0.15,,2.48
2009-09-24,0.14,,2.47
2009-09-25,0.13,,2.36
2009-09-26,0.13,,
2009-09-27,0.13,,
2009-09-28,0.13,,2.33
2009-09-29,0.11,,2.31
2009-09-30,0.07,,2.36
2009-10-01,0.11,216.509,2.34
2009-10-02,0.13,,2.36
2009-10-03,0.13,,
2009-10-04,0.13,,
2009-10-05,0.13,,2.36
2009-10-06,0.12,,2.36
2009-10-07,0.13,,2.34
2009-10-08,0.12,,2.37
2009-10-09,0.12,,2.42
2009-10-10,0.12,,
2009-10-11,0.12,,
2009-10-12,0.12,,
2009-10-13,0.12,,2.43
2009-10-14,0.12,,2.49
2009-10-15,0.13,,2.52
2009-10-16,0.12,,2.46
2009-10-17,0.12,,
2009-10-18,0.12,,
2009-10-19,0.12,,2.42
2009-10-20,0.12,,2.4
2009-10-21,0.11,,2.42
2009-10-22,0.11,,2.47
2009-10-23,0.11,,2.47
2009-10-24,0.11,,
2009-10-25,0.11,,
2009-10-26,0.11,,2.53
2009-10-27,0.11,,2.5
2009-10-28,0.11,,2.49
2009-10-29,0.11,,2.55
2009-10-30,0.11,,2.51
2009-10-31,0.11,,
2009-11-01,0.11,217.234,
2009-11-02,0.12,,2.53
2009-11-03,0.12,,2.58
2009-11-04,0.13,,2.66
2009-11-05,0.13,,2.67
2009-11-06,0.12,,2.68
2009-11-07,0.12,,
2009-11-08,0.12,,
2009-11-09,0.12,,2.65
2009-11-10,0.13,,2.65
2009-11-11,0.13,,
2009-11-12,0.12,,2.63
2009-11-13,0.12,,2.61
2009-11-14,0.12,,
2009-11-15,0.12,,
2009-11-16,0.12,,2.55
2009-11-17,0.12,,2.55
2009-11-18,0.11,,2.59
2009-11-19,0.11,,2.62
2009-11-20,0.11,,2.61
2009-11-21,0.11,,
2009-11-22,0.11,,
2009-11-23,0.12,,2.6
2009-11-24,0.12,,2.59
2009-11-25,0.11,,2.55
2009-11-26,0.11,,
2009-11-27,0.12,,2.53
2009-11-28,0.12,,
2009-11-29,0.12,,
2009-11-30,0.13,,2.54
2009-12-01,0.13,217.347,2.61
2009-12-02,0.13,,2.6
2009-12-03,0.13,,2.65
2009-12-04,0.12,,2.64
2009-12-05,0.12,,
2009-12-06,0.12,,
2009-12-07,0.12,,2.66
2009-12-08,0.12,,2.67
2009-12-09,0.12,,2.69
2009-12-10,0.12,,2.71
2009-12-11,0.12,,2.72
2009-12-12,0.12,,
2009-12-13,0.12,,
2009-12-14,0.12,,2.69
2009-12-15,0.13,,2.72
2009-12-16,0.14,,2.76
2009-12-17,0.13,,2.73
2009-12-18,0.12,,2.73
2009-12-19,0.12,,
2009-12-20,0.12,,
2009-12-21,0.12,,2.8
2009-12-22,0.12,,2.81
2009-12-23,0.11,,2.81
2009-12-24,0.11,,2.82
2009-12-25,0.11,,
2009-12-26,0.11,,
2009-12-27,0.11,,
2009-12-28,0.12,,2.76
2009-12-29,0.12,,2.73
2009-12-30,0.11,,2.72
2009-12-31,0.05,,2.71
2010-01-01,0.05,217.488,
2010-01-02,0.05,,
2010-01-03,0.05,,
2010-01-04,0.12,,2.76
2010-01-05,0.12,,2.76
2010-01-06,0.12,,2.84
2010-01-07,0.1,,2.82
2010-01-08,0.11,,2.87
2010-01-09,0.11,,
2010-01-10,0.11,,
2010-01-11,0.11,,2.9
2010-01-12,0.11,,2.82
2010-01-13,0.11,,2.83
2010-01-14,0.11,,2.82
2010-01-15,0.12,,2.81
2010-01-16,0.12,,
2010-01-17,0.12,,
2010-01-18,0.12,,
2010-01-19,0.13,,2.8
2010-01-20,0.13,,2.76
2010-01-21,0.12,,2.75
2010-01-22,0.11,,2.78
2010-01-23,0.11,,
2010-01-24,0.11,,
2010-01-25,0.12,,2.8
2010-01-26,0.12,,2.78
2010-01-27,0.12,,2.76
2010-01-28,0.12,,2.81
2010-01-29,0.12,,2.81
2010-01-30,0.12,,
2010-01-31,0.12,,
2010-02-01,0.14,217.281,2.82
2010-02-02,0.14,,2.81
2010-02-03,0.13,,2.85
2010-02-04,0.14,,2.82
2010-02-05,0.13,,2.82
2010-02-06,0.13,,
2010-02-07,0.13,,
2010-02-08,0.13,,2.83
2010-02-09,0.13,,2.83
2010-02-10,0.12,,2.81
2010-02-11,0.12,,2.82
2010-02-12,0.12,,2.85
2010-02-13,0.12,,
2010-02-14,0.12,,
2010-02-15,0.12,,
2010-02-16,0.13,,2.84
2010-02-17,0.12,,2.87
2010-02-18,0.12,,2.89
2010-02-19,0.13,,2.83
2010-02-20,0.13,,
2010-02-21,0.13,,
2010-02-22,0.12,,2.89
2010-02-23,0.12,,2.82
2010-02-24,0.11,,2.83
2010-02-25,0.12,,2.82
2010-02-26,0.13,,2.8
2010-02-27,0.13,,
2010-02-28,0.13,,
2010-03-01,0.14,217.353,2.81
2010-03-02,0.14,,2.82
2010-03-03,0.15,,2.81
2010-03-04,0.16,,2.75
2010-03-05,0.17,,2.78
2010-03-06,0.17,,
2010-03-07,0.17,,
2010-03-08,0.15,,2.82
2010-03-09,0.14,,2.82
2010-03-10,0.14,,2.81
2010-03-11,0.15,,2.76
2010-03-12,0.17,,2.74
2010-03-13,0.17,,
2010-03-14,0.17,,
2010-03-15,0.2,,2.75
2010-03-16,0.2,,2.73
2010-03-17,0.18,,2.7
2010-03-18,0.18,,2.7
2010-03-19,0.18,,2.68
2010-03-20,0.18,,
2010-03-21,0.18,,
2010-03-22,0.18,,2.66
2010-03-23,0.17,,2.67
2010-03-24,0.17,,2.76
2010-03-25,0.17,,2.81
2010-03-26,0.17,,2.82
2010-03-27,0.17,,
2010-03-28,0.17,,
2010-03-29,0.16,,2.84
2010-03-30,0.16,,2.82
2010-03-31,0.09,,2.82
2010-04-01,0.17,217.403,2.84
2010-04-02,0.2,,2.85
2010-04-03,0.2,,
2010-04-04,0.2,,
2010-04-05,0.2,,2.83
2010-04-06,0.2,,2.84
2010-04-07,0.19,,2.83
2010-04-08,0.19,,2.82
2010-04-09,0.19,,2.82
2010-04-10,0.19,,
2010-04-11,0.19,,
2010-04-12,0.19,,2.8
2010-04-13,0.2,,2.77
2010-04-14,0.2,,2.81
2010-04-15,0.22,,2.82
2010-04-16,0.21,,2.81
2010-04-17,0.21,,
2010-04-18,0.21,,
2010-04-19,0.2,,2.82
2010-04-20,0.2,,2.77
2010-04-21,0.2,,2.74
2010-04-22,0.2,,2.73
2010-04-23,0.2,,2.74
2010-04-24,0.2,,
2010-04-25,0.2,,
2010-04-26,0.2,,2.74
2010-04-27,0.2,,2.68
2010-04-28,0.2,,2.77
2010-04-29,0.19,,2.75
2010-04-30,0.2,,2.72
2010-05-01,0.2,217.29,
2010-05-02,0.2,,
2010-05-03,0.2,,2.72
2010-05-04,0.21,,2.67
2010-05-05,0.21,,2.7
2010-05-06,0.2,,2.66
2010-05-07,0.2,,2.62
2010-05-08,0.2,,
2010-05-09,0.2,,
2010-05-10,0.2,,2.7
2010-05-11,0.2,,2.71
2010-05-12,0.2,,2.67
2010-05-13,0.2,,2.68
2010-05-14,0.2,,2.65
2010-05-15,0.2,,
2010-05-16,0.2,,
2010-05-17,0.21,,2.66
2010-05-18,0.21,,2.62
2010-05-19,0.2,,2.56
2010-05-20,0.2,,2.49
2010-05-21,0.2,,2.44
2010-05-22,0.2,,
2010-05-23,0.2,,
2010-05-24,0.21,,2.46
2010-05-25,0.21,,2.37
2010-05-26,0.2,,2.39
2010-05-27,0.2,,2.47
2010-05-28,0.19,,2.55
2010-05-29,0.19,,
2010-05-30,0.19,,
2010-05-31,0.19,,
2010-06-01,0.2,217.199,2.51
2010-06-02,0.2,,2.53
2010-06-03,0.19,,2.57
2010-06-04,0.19,,2.48
2010-06-05,0.19,,
2010-06-06,0.19,,
2010-06-07,0.19,,2.43
2010-06-08,0.19,,2.44
2010-06-09,0.18,,2.46
2010-06-10,0.18,,2.54
2010-06-11,0.18,,2.49
2010-06-12,0.18,,
2010-06-13,0.18,,
2010-06-14,0.18,,2.51
2010-06-15,0.19,,2.53
2010-06-16,0.19,,2.52
2010-06-17,0.19,,2.49
2010-06-18,0.18,,2.5
2010-06-19,0.18,,
2010-06-20,0.18,,
2010-06-21,0.17,,2.52
2010-06-22,0.18,,2.47
2010-06-23,0.17,,2.47
2010-06-24,0.16,,2.47
2010-06-25,0.16,,2.47
2010-06-26,0.16,,
2010-06-27,0.16,,
2010-06-28,0.17,,2.43
2010-06-29,0.15,,2.36
2010-06-30,0.09,,2.36
2010-07-01,0.17,217.605,2.33
2010-07-02,0.18,,2.37
2010-07-03,0.18,,
2010-07-04,0.18,,
2010-07-05,0.18,,
2010-07-06,0.18,,2.33
2010-07-07,0.18,,2.37
2010-07-08,0.17,,2.41
2010-07-09,0.18,,2.44
2010-07-10,0.18,,
2010-07-11,0.18,,
2010-07-12,0.17,,2.43
2010-07-13,0.17,,2.48
2010-07-14,0.17,,2.45
2010-07-15,0.19,,2.39
2010-07-16,0.19,,2.35
2010-07-17,0.19,,
2010-07-18,0.19,,
2010-07-19,0.19,,2.38
2010-07-20,0.18,,2.37
2010-07-21,0.18,,2.32
2010-07-22,0.18,,2.36
2010-07-23,0.19,,2.42
2010-07-24,0.19,,
2010-07-25,0.19,,
2010-07-26,0.19,,2.41
2010-07-27,0.19,,2.43
2010-07-28,0.2,,2.42
2010-07-29,0.19,,2.44
2010-07-30,0.18,,2.39
2010-07-31,0.18,,
2010-08-01,0.18,217.923,
2010-08-02,0.19,,2.43
2010-08-03,0.19,,2.41
2010-08-04,0.19,,2.42
2010-08-05,0.19,,2.41
2010-08-06,0.18,,2.36
2010-08-07,0.18,,
2010-08-08,0.18,,
2010-08-09,0.18,,2.32
2010-08-10,0.18,,2.27
2010-08-11,0.17,,2.18
2010-08-12,0.18,,2.19
2010-08-13,0.19,,2.14
2010-08-14,0.19,,
2010-08-15,0.19,,
2010-08-16,0.2,,2.07
2010-08-17,0.2,,2.12
2010-08-18,0.19,,2.13
2010-08-19,0.19,,2.09
2010-08-20,0.2,,2.13
2010-08-21,0.2,,
2010-08-22,0.2,,
2010-08-23,0.19,,2.11
2010-08-24,0.19,,2.0
2010-08-25,0.19,,2.01
2010-08-26,0.19,,1.99
2010-08-27,0.19,,2.1
2010-08-28,0.19,,
2010-08-29,0.19,,
2010-08-30,0.19,,2.04
2010-08-31,0.21,,2.0
2010-09-01,0.19,218.275,2.08
2010-09-02,0.19,,2.13
2010-09-03,0.19,,2.2
2010-09-04,0.19,,
2010-09-05,0.19,,
2010-09-06,0.19,,
2010-09-07,0.2,,2.12
2010-09-08,0.19,,2.14
2010-09-09,0.18,,2.2
2010-09-10,0.18,,2.23
2010-09-11,0.18,,
2010-09-12,0.18,,
2010-09-13,0.18,,2.21
2010-09-14,0.19,,2.18
2010-09-15,0.21,,2.24
2010-09-16,0.21,,2.29
2010-09-17,0.21,,2.27
2010-09-18,0.21,,
2010-09-19,0.21,,
2010-09-20,0.21,,2.25
2010-09-21,0.2,,2.18
2010-09-22,0.21,,2.12
2010-09-23,0.2,,2.11
2010-09-24,0.21,,2.17
2010-09-25,0.21,,
2010-09-26,0.21,,
2010-09-27,0.19,,2.1
2010-09-28,0.19,,2.11
2010-09-29,0.19,,2.08
2010-09-30,0.15,,2.11
2010-10-01,0.2,219.035,2.12
2010-10-02,0.2,,
2010-10-03,0.2,,
2010-10-04,0.2,,2.09
2010-10-05,0.2,,2.09
2010-10-06,0.19,,2.03
2010-10-07,0.18,,2.05
2010-10-08,0.18,,2.06
2010-10-09,0.18,,
2010-10-10,0.18,,
2010-10-11,0.18,,
2010-10-12,0.18,,2.07
2010-10-13,0.18,,2.09
2010-10-14,0.19,,2.14
2010-10-15,0.2,,2.22
2010-10-16,0.2,,
2010-10-17,0.2,,
2010-10-18,0.19,,2.14
2010-10-19,0.19,,2.13
2010-10-20,0.19,,2.16
2010-10-21,0.19,,2.2
2010-10-22,0.19,,2.24
2010-10-23,0.19,,
2010-10-24,0.19,,
2010-10-25,0.19,,2.22
2010-10-26,0.19,,2.27
2010-10-27,0.19,,2.35
2010-10-28,0.19,,2.32
2010-10-29,0.2,,2.29
2010-10-30,0.2,,
2010-10-31,0.2,,
2010-11-01,0.2,219.59,2.32
2010-11-02,0.2,,2.29
2010-11-03,0.2,,2.33
2010-11-04,0.19,,2.2
2010-11-05,0.18,,2.2
2010-11-06,0.18,,
2010-11-07,0.18,,
2010-11-08,0.18,,2.19
2010-11-09,0.17,,2.26
2010-11-10,0.17,,2.21
2010-11-11,0.17,,
2010-11-12,0.19,,2.25
2010-11-13,0.19,,
2010-11-14,0.19,,
2010-11-15,0.21,,2.39
2010-11-16,0.21,,2.34
2010-11-17,0.2,,2.39
2010-11-18,0.2,,2.38
2010-11-19,0.21,,2.36
2010-11-20,0.21,,
2010-11-21,0.21,,
2010-11-22,0.19,,2.31
2010-11-23,0.2,,2.32
2010-11-24,0.2,,2.4
2010-11-25,0.2,,
2010-11-26,0.2,,2.36
2010-11-27,0.2,,
2010-11-28,0.2,,
2010-11-29,0.2,,2.32
2010-11-30,0.2,,2.36
2010-12-01,0.2,220.472,2.44
2010-12-02,0.19,,2.46
2010-12-03,0.18,,2.54
2010-12-04,0.18,,
2010-12-05,0.18,,
2010-12-06,0.18,,2.53
2010-12-07,0.17,,2.61
2010-12-08,0.17,,2.63
2010-12-09,0.16,,2.59
2010-12-10,0.16,,2.68
2010-12-11,0.16,,
2010-12-12,0.16,,
2010-12-13,0.17,,2.68
2010-12-14,0.19,,2.83
2010-12-15,0.2,,2.85
2010-12-16,0.2,,2.81
2010-12-17,0.2,,2.72
2010-12-18,0.2,,
2010-12-19,0.2,,
2010-12-20,0.21,,2.74
2010-12-21,0.2,,2.72
2010-12-22,0.19,,2.71
2010-12-23,0.19,,2.74
2010-12-24,0.19,,
2010-12-25,0.19,,
2010-12-26,0.19,,
2010-12-27,0.19,,2.65
2010-12-28,0.18,,2.75
2010-12-29,0.18,,2.71
2010-12-30,0.19,,2.72
2010-12-31,0.13,,2.69
2011-01-01,0.13,221.187,
2011-01-02,0.13,,
2011-01-03,0.19,,2.75
2011-01-04,0.18,,2.73
2011-01-05,0.18,,2.79
2011-01-06,0.17,,2.76
2011-01-07,0.17,,2.74
2011-01-08,0.17,,
2011-01-09,0.17,,
2011-01-10,0.17,,2.73
2011-01-11,0.17,,2.77
2011-01-12,0.16,,2.79
2011-01-13,0.16,,2.75
2011-01-14,0.16,,2.76
2011-01-15,0.16,,
2011-01-16,0.16,,
2011-01-17,0.16,,
2011-01-18,0.19,,2.79
2011-01-19,0.18,,2.77
2011-01-20,0.18,,2.82
2011-01-21,0.17,,2.81
2011-01-22,0.17,,
2011-01-23,0.17,,
2011-01-24,0.18,,2.78
2011-01-25,0.17,,2.73
2011-01-26,0.17,,2.83
2011-01-27,0.17,,2.83
2011-01-28,0.17,,2.82
2011-01-29,0.17,,
2011-01-30,0.17,,
2011-01-31,0.17,,2.84
2011-02-01,0.18,221.898,2.87
2011-02-02,0.18,,2.85
2011-02-03,0.17,,2.87
2011-02-04,0.17,,2.91
2011-02-05,0.17,,
2011-02-06,0.17,,
2011-02-07,0.17,,2.9
2011-02-08,0.16,,2.89
2011-02-09,0.15,,2.84
2011-02-10,0.15,,2.85
2011-02-11,0.15,,2.79
2011-02-12,0.15,,
2011-02-13,0.15,,
2011-02-14,0.15,,2.75
2011-02-15,0.16,,2.77
2011-02-16,0.15,,2.76
2011-02-17,0.15,,2.78
2011-02-18,0.15,,2.81
2011-02-19,0.15,,
2011-02-20,0.15,,
2011-02-21,0.15,,
2011-02-22,0.15,,2.72
2011-02-23,0.15,,2.75
2011-02-24,0.15,,2.73
2011-02-25,0.15,,2.7
2011-02-26,0.15,,
2011-02-27,0.15,,
2011-02-28,0.16,,2.73
2011-03-01,0.15,223.046,2.75
2011-03-02,0.16,,2.77
2011-03-03,0.15,,2.79
2011-03-04,0.15,,2.81
2011-03-05,0.15,,
2011-03-06,0.15,,
2011-03-07,0.14,,2.81
2011-03-08,0.14,,2.83
2011-03-09,0.14,,2.78
2011-03-10,0.14,,2.72
2011-03-11,0.13,,2.76
2011-03-12,0.13,,
2011-03-13,0.13,,
2011-03-14,0.14,,2.75
2011-03-15,0.14,,2.7
2011-03-16,0.14,,2.64
2011-03-17,0.14,,2.65
2011-03-18,0.15,,2.67
2011-03-19,0.15,,
2011-03-20,0.15,,
2011-03-21,0.14,,2.67
2011-03-22,0.14,,2.66
2011-03-23,0.14,,2.67
2011-03-24,0.13,,2.7
2011-03-25,0.13,,2.67
2011-03-26,0.13,,
2011-03-27,0.13,,
2011-03-28,0.13,,2.66
2011-03-29,0.13,,2.69
2011-03-30,0.13,,2.67
2011-03-31,0.1,,2.67
2011-04-01,0.11,224.093,2.66
2011-04-02,0.11,,
2011-04-03,0.11,,
2011-04-04,0.09,,2.68
2011-04-05,0.09,,2.66
2011-04-06,0.1,,2.71
2011-04-07,0.1,,2.77
2011-04-08,0.09,,2.76
2011-04-09,0.09,,
2011-04-10,0.09,,
2011-04-11,0.09,,2.74
2011-04-12,0.08,,2.75
2011-04-13,0.08,,2.74
2011-04-14,0.09,,2.74
2011-04-15,0.12,,2.72
2011-04-16,0.12,,
2011-04-17,0.12,,
2011-04-18,0.1,,2.71
2011-04-19,0.11,,2.71
2011-04-20,0.1,,2.74
2011-04-21,0.1,,2.74
2011-04-22,0.1,,
2011-04-23,0.1,,
2011-04-24,0.1,,
2011-04-25,0.1,,2.72
2011-04-26,0.09,,2.69
2011-04-27,0.09,,2.74
2011-04-28,0.09,,2.72
2011-04-29,0.09,,2.71
2011-04-30,0.09,,
2011-05-01,0.09,224.806,
2011-05-02,0.09,,2.7
2011-05-03,0.09,,2.67
2011-05-04,0.09,,2.65
2011-05-05,0.09,,2.6
2011-05-06,0.09,,2.62
2011-05-07,0.09,,
2011-05-08,0.09,,
2011-05-09,0.09,,2.6
2011-05-10,0.09,,2.64
2011-05-11,0.09,,2.63
2011-05-12,0.09,,2.65
2011-05-13,0.09,,2.61
2011-05-14,0.09,,
2011-05-15,0.09,,
2011-05-16,0.1,,2.61
2011-05-17,0.09,,2.57
2011-05-18,0.1,,2.6
2011-05-19,0.09,,2.62
2011-05-20,0.1,,2.6
2011-05-21,0.1,,
2011-05-22,0.1,,
2011-05-23,0.1,,2.58
2011-05-24,0.1,,2.56
2011-05-25,0.09,,2.59
2011-05-26,0.09,,2.59
2011-05-27,0.1,,2.59
2011-05-28,0.1,,
2011-05-29,0.1,,
2011-05-30,0.1,,
2011-05-31,0.1,,2.6
2011-06-01,0.1,224.806,2.52
2011-06-02,0.1,,2.59
2011-06-03,0.11,,2.57
2011-06-04,0.11,,
2011-06-05,0.11,,
2011-06-06,0.1,,2.58
2011-06-07,0.09,,2.62
2011-06-08,0.09,,2.59
2011-06-09,0.09,,2.58
2011-06-10,0.09,,2.58
2011-06-11,0.09,,
2011-06-12,0.09,,
2011-06-13,0.1,,2.6
2011-06-14,0.1,,2.66
2011-06-15,0.1,,2.6
2011-06-16,0.1,,2.55
2011-06-17,0.1,,2.56
2011-06-18,0.1,,
2011-06-19,0.1,,
2011-06-20,0.09,,2.59
2011-06-21,0.09,,2.59
2011-06-22,0.09,,2.62
2011-06-23,0.08,,2.58
2011-06-24,0.08,,2.53
2011-06-25,0.08,,
2011-06-26,0.08,,
2011-06-27,0.08,,2.54
2011-06-28,0.08,,2.57
2011-06-29,0.07,,2.67
2011-06-30,0.07,,2.73
2011-07-01,0.08,225.395,2.72
2011-07-02,0.08,,
2011-07-03,0.08,,
2011-07-04,0.08,,
2011-07-05,0.08,,2.72
2011-07-06,0.07,,2.69
2011-07-07,0.07,,2.68
2011-07-08,0.07,,2.63
2011-07-09,0.07,,
2011-07-10,0.07,,
2011-07-11,0.07,,2.57
2011-07-12,0.06,,2.55
2011-07-13,0.06,,2.55
2011-07-14,0.06,,2.6
2011-07-15,0.06,,2.57
2011-07-16,0.06,,
2011-07-17,0.06,,
2011-07-18,0.06,,2.57
2011-07-19,0.06,,2.52
2011-07-20,0.06,,2.56
2011-07-21,0.06,,2.63
2011-07-22,0.06,,2.59
2011-07-23,0.06,,
2011-07-24,0.06,,
2011-07-25,0.06,,2.61
2011-07-26,0.06,,2.58
2011-07-27,0.07,,2.57
2011-07-28,0.08,,2.56
2011-07-29,0.11,,2.46
2011-07-30,0.11,,
2011-07-31,0.11,,
2011-08-01,0.17,226.106,2.39
2011-08-02,0.16,,2.33
2011-08-03,0.12,,2.31
2011-08-04,0.09,,2.2
2011-08-05,0.08,,2.3
2011-08-06,0.08,,
2011-08-07,0.08,,
2011-08-08,0.11,,2.13
2011-08-09,0.1,,2.01
2011-08-10,0.1,,1.98
2011-08-11,0.09,,2.15
2011-08-12,0.1,,2.04
2011-08-13,0.1,,
2011-08-14,0.1,,
2011-08-15,0.1,,2.1
2011-08-16,0.09,,2.03
2011-08-17,0.09,,1.98
2011-08-18,0.09,,1.88
2011-08-19,0.09,,1.87
2011-08-20,0.09,,
2011-08-21,0.09,,
2011-08-22,0.09,,1.88
2011-08-23,0.08,,1.93
2011-08-24,0.08,,2.06
2011-08-25,0.08,,2.01
2011-08-26,0.09,,1.99
2011-08-27,0.09,,
2011-08-28,0.09,,
2011-08-29,0.09,,2.08
2011-08-30,0.08,,1.99
2011-08-31,0.08,,2.03
2011-09-01,0.08,226.597,1.96
2011-09-02,0.08,,1.82
2011-09-03,0.08,,
2011-09-04,0.08,,
2011-09-05,0.08,,
2011-09-06,0.09,,1.77
2011-09-07,0.09,,1.84
2011-09-08,0.09,,1.81
2011-09-09,0.09,,1.76
2011-09-10,0.09,,
2011-09-11,0.09,,
2011-09-12,0.09,,1.73
2011-09-13,0.09,,1.79
2011-09-14,0.08,,1.84
2011-09-15,0.09,,1.88
2011-09-16,0.09,,1.9
2011-09-17,0.09,,
2011-09-18,0.09,,
2011-09-19,0.09,,1.81
2011-09-20,0.09,,1.77
2011-09-21,0.08,,1.67
2011-09-22,0.08,,1.52
2011-09-23,0.08,,1.61
2011-09-24,0.08,,
2011-09-25,0.08,,
2011-09-26,0.08,,1.66
2011-09-27,0.08,,1.75
2011-09-28,0.08,,1.76
2011-09-29,0.08,,1.72
2011-09-30,0.06,,1.67
2011-10-01,0.06,226.75,
2011-10-02,0.06,,
2011-10-03,0.08,,1.56
2011-10-04,0.07,,1.56
2011-10-05,0.07,,1.67
2011-10-06,0.07,,1.72
2011-10-07,0.07,,1.8
2011-10-08,0.07,,
2011-10-09,0.07,,
2011-10-10,0.07,,
2011-10-11,0.07,,1.86
2011-10-12,0.07,,1.95
2011-10-13,0.07,,1.9
2011-10-14,0.07,,1.98
2011-10-15,0.07,,
2011-10-16,0.07,,
2011-10-17,0.07,,1.9
2011-10-18,0.07,,1.91
2011-10-19,0.07,,1.9
2011-10-20,0.07,,1.92
2011-10-21,0.07,,1.93
2011-10-22,0.07,,
2011-10-23,0.07,,
2011-10-24,0.07,,1.95
2011-10-25,0.07,,1.88
2011-10-26,0.08,,1.95
2011-10-27,0.07,,2.11
2011-10-28,0.07,,2.06
2011-10-29,0.07,,
2011-10-30,0.07,,
2011-10-31,0.09,,1.92
2011-11-01,0.08,227.169,1.78
2011-11-02,0.08,,1.8
2011-11-03,0.09,,1.85
2011-11-04,0.08,,1.84
2011-11-05,0.08,,
2011-11-06,0.08,,
2011-11-07,0.08,,1.79
2011-11-08,0.08,,1.85
2011-11-09,0.08,,1.76
2011-11-10,0.08,,1.8
2011-11-11,0.08,,
2011-11-12,0.08,,
2011-11-13,0.08,,
2011-11-14,0.08,,1.8
2011-11-15,0.09,,1.8
2011-11-16,0.08,,1.75
2011-11-17,0.08,,1.69
2011-11-18,0.08,,1.72
2011-11-19,0.08,,
2011-11-20,0.08,,
2011-11-21,0.08,,1.7
2011-11-22,0.08,,1.68
2011-11-23,0.09,,1.63
2011-11-24,0.09,,
2011-11-25,0.07,,1.69
2011-11-26,0.07,,
2011-11-27,0.07,,
2011-11-28,0.08,,1.71
2011-11-29,0.08,,1.73
2011-11-30,0.1,,1.83
2011-12-01,0.08,227.223,1.84
2011-12-02,0.08,,1.8
2011-12-03,0.08,,
2011-12-04,0.08,,
2011-12-05,0.08,,1.77
2011-12-06,0.08,,1.83
2011-12-07,0.08,,1.78
2011-12-08,0.07,,1.77
2011-12-09,0.07,,1.85
2011-12-10,0.07,,
2011-12-11,0.07,,
2011-12-12,0.07,,1.79
2011-12-13,0.07,,1.72
2011-12-14,0.07,,1.67
2011-12-15,0.07,,1.66
2011-12-16,0.07,,1.62
2011-12-17,0.07,,
2011-12-18,0.07,,
2011-12-19,0.07,,1.58
2011-12-20,0.07,,1.68
2011-12-21,0.07,,1.7
2011-12-22,0.07,,1.69
2011-12-23,0.08,,1.75
2011-12-24,0.08,,
2011-12-25,0.08,,
2011-12-26,0.08,,
2011-12-27,0.07,,1.72
2011-12-28,0.07,,1.65
2011-12-29,0.07,,1.63
2011-12-30,0.04,,1.64
2011-12-31,0.04,,
2012-01-01,0.04,227.842,
2012-01-02,0.04,,
2012-01-03,0.07,,1.7
2012-01-04,0.07,,1.75
2012-01-05,0.07,,1.75
2012-01-06,0.07,,1.73
2012-01-07,0.07,,
2012-01-08,0.07,,
2012-01-09,0.08,,1.72
2012-01-10,0.08,,1.76
2012-01-11,0.08,,1.69
2012-01-12,0.08,,1.72
2012-01-13,0.09,,1.65
2012-01-14,0.09,,
2012-01-15,0.09,,
2012-01-16,0.09,,
2012-01-17,0.09,,1.66
2012-01-18,0.09,,1.68
2012-01-19,0.1,,1.75
2012-01-20,0.09,,1.79
2012-01-21,0.09,,
2012-01-22,0.09,,
2012-01-23,0.09,,1.83
2012-01-24,0.09,,1.84
2012-01-25,0.08,,1.79
2012-01-26,0.08,,1.74
2012-01-27,0.09,,1.71
2012-01-28,0.09,,
2012-01-29,0.09,,
2012-01-30,0.09,,1.65
2012-01-31,0.11,,1.61
2012-02-01,0.11,228.329,1.64
2012-02-02,0.11,,1.63
2012-02-03,0.11,,1.74
2012-02-04,0.11,,
2012-02-05,0.11,,
2012-02-06,0.11,,1.69
2012-02-07,0.11,,1.75
2012-02-08,0.11,,1.74
2012-02-09,0.11,,1.77
2012-02-10,0.12,,1.69
2012-02-11,0.12,,
2012-02-12,0.12,,
2012-02-13,0.12,,1.7
2012-02-14,0.12,,1.63
2012-02-15,0.12,,1.64
2012-02-16,0.11,,1.7
2012-02-17,0.09,,1.72
2012-02-18,0.09,,
2012-02-19,0.09,,
2012-02-20,0.09,,
2012-02-21,0.1,,1.74
2012-02-22,0.08,,1.72
2012-02-23,0.08,,1.68
2012-02-24,0.09,,1.67
2012-02-25,0.09,,
2012-02-26,0.09,,
2012-02-27,0.1,,1.62
2012-02-28,0.1,,1.64
2012-02-29,0.1,,1.68
2012-03-01,0.11,228.807,1.73
2012-03-02,0.11,,1.71
2012-03-03,0.11,,
2012-03-04,0.11,,
2012-03-05,0.11,,1.69
2012-03-06,0.11,,1.66
2012-03-07,0.11,,1.68
2012-03-08,0.11,,1.71
2012-03-09,0.12,,1.71
2012-03-10,0.12,,
2012-03-11,0.12,,
2012-03-12,0.12,,1.71
2012-03-13,0.12,,1.79
2012-03-14,0.13,,1.89
2012-03-15,0.14,,1.92
2012-03-16,0.15,,1.94
2012-03-17,0.15,,
2012-03-18,0.15,,
2012-03-19,0.15,,2.0
2012-03-20,0.15,,1.97
2012-03-21,0.15,,1.92
2012-03-22,0.14,,1.92
2012-03-23,0.14,,1.88
2012-03-24,0.14,,
2012-03-25,0.14,,
2012-03-26,0.14,,1.9
2012-03-27,0.14,,1.87
2012-03-28,0.13,,1.87
2012-03-29,0.13,,1.85
2012-03-30,0.09,,1.9
2012-03-31,0.09,,
2012-04-01,0.09,229.187,
2012-04-02,0.15,,1.89
2012-04-03,0.15,,1.94
2012-04-04,0.15,,1.9
2012-04-05,0.15,,1.84
2012-04-06,0.12,,1.75
2012-04-07,0.12,,
2012-04-08,0.12,,
2012-04-09,0.16,,1.74
2012-04-10,0.15,,1.73
2012-04-11,0.16,,1.75
2012-04-12,0.15,,1.79
2012-04-13,0.15,,1.75
2012-04-14,0.15,,
2012-04-15,0.15,,
2012-04-16,0.15,,1.73
2012-04-17,0.16,,1.76
2012-04-18,0.15,,1.73
2012-04-19,0.13,,1.71
2012-04-20,0.12,,1.7
2012-04-21,0.12,,
2012-04-22,0.12,,
2012-04-23,0.13,,1.69
2012-04-24,0.14,,1.73
2012-04-25,0.15,,1.75
2012-04-26,0.14,,1.72
2012-04-27,0.13,,1.7
2012-04-28,0.13,,
2012-04-29,0.13,,
2012-04-30,0.16,,1.68
2012-05-01,0.16,228.713,1.71
2012-05-02,0.15,,1.69
2012-05-03,0.15,,1.68
2012-05-04,0.16,,1.64
2012-05-05,0.16,,
2012-05-06,0.16,,
2012-05-07,0.16,,1.65
2012-05-08,0.16,,1.61
2012-05-09,0.15,,1.6
2012-05-10,0.15,,1.62
2012-05-11,0.15,,1.57
2012-05-12,0.15,,
2012-05-13,0.15,,
2012-05-14,0.16,,1.49
2012-05-15,0.16,,1.47
2012-05-16,0.16,,1.46
2012-05-17,0.16,,1.38
2012-05-18,0.16,,1.39
2012-05-19,0.16,,
2012-05-20,0.16,,
2012-05-21,0.16,,1.45
2012-05-22,0.16,,1.49
2012-05-23,0.15,,1.45
2012-05-24,0.15,,1.48
2012-05-25,0.15,,1.45
2012-05-26,0.15,,
2012-05-27,0.15,,
2012-05-28,0.15,,
2012-05-29,0.16,,1.44
2012-05-30,0.16,,1.36
2012-05-31,0.16,,1.32
2012-06-01,0.16,228.524,1.22
2012-06-02,0.16,,
2012-06-03,0.16,,
2012-06-04,0.17,,1.28
2012-06-05,0.17,,1.32
2012-06-06,0.16,,1.4
2012-06-07,0.16,,1.39
2012-06-08,0.17,,1.37
2012-06-09,0.17,,
2012-06-10,0.17,,
2012-06-11,0.17,,1.33
2012-06-12,0.16,,1.37
2012-06-13,0.17,,1.31
2012-06-14,0.17,,1.34
2012-06-15,0.18,,1.31
2012-06-16,0.18,,
2012-06-17,0.18,,
2012-06-18,0.17,,1.3
2012-06-19,0.17,,1.34
2012-06-20,0.16,,1.33
2012-06-21,0.17,,1.31
2012-06-22,0.17,,1.38
2012-06-23,0.17,,
2012-06-24,0.17,,
2012-06-25,0.17,,1.32
2012-06-26,0.16,,1.35
2012-06-27,0.15,,1.34
2012-06-28,0.15,,1.29
2012-06-29,0.09,,1.34
2012-06-30,0.09,,
2012-07-01,0.09,228.59,
2012-07-02,0.18,,1.31
2012-07-03,0.17,,1.35
2012-07-04,0.17,,
2012-07-05,0.17,,1.34
2012-07-06,0.17,,1.3
2012-07-07,0.17,,
2012-07-08,0.17,,
2012-07-09,0.17,,1.26
2012-07-10,0.17,,1.26
2012-07-11,0.17,,1.27
2012-07-12,0.18,,1.25
2012-07-13,0.19,,1.27
2012-07-14,0.19,,
2012-07-15,0.19,,
2012-07-16,0.18,,1.26
2012-07-17,0.17,,1.28
2012-07-18,0.16,,1.3
2012-07-19,0.13,,1.32
2012-07-20,0.13,,1.27
2012-07-21,0.13,,
2012-07-22,0.13,,
2012-07-23,0.14,,1.25
2012-07-24,0.15,,1.22
2012-07-25,0.15,,1.21
2012-07-26,0.14,,1.22
2012-07-27,0.14,,1.33
2012-07-28,0.14,,
2012-07-29,0.14,,
2012-07-30,0.14,,1.3
2012-07-31,0.13,,1.28
2012-08-01,0.14,229.918,1.32
2012-08-02,0.14,,1.27
2012-08-03,0.14,,1.36
2012-08-04,0.14,,
2012-08-05,0.14,,
2012-08-06,0.14,,1.35
2012-08-07,0.13,,1.39
2012-08-08,0.13,,1.39
2012-08-09,0.13,,1.4
2012-08-10,0.13,,1.38
2012-08-11,0.13,,
2012-08-12,0.13,,
2012-08-13,0.13,,1.38
2012-08-14,0.13,,1.46
2012-08-15,0.13,,1.53
2012-08-16,0.13,,1.54
2012-08-17,0.13,,1.52
2012-08-18,0.13,,
2012-08-19,0.13,,
2012-08-20,0.13,,1.53
2012-08-21,0.13,,1.49
2012-08-22,0.13,,1.45
2012-08-23,0.13,,1.42
2012-08-24,0.13,,1.4
2012-08-25,0.13,,
2012-08-26,0.13,,
2012-08-27,0.13,,1.37
2012-08-28,0.13,,1.37
2012-08-29,0.13,,1.39
2012-08-30,0.14,,1.36
2012-08-31,0.13,,1.35
2012-09-01,0.13,231.015,
2012-09-02,0.13,,
2012-09-03,0.13,,
2012-09-04,0.14,,1.36
2012-09-05,0.16,,1.35
2012-09-06,0.16,,1.41
2012-09-07,0.15,,1.42
2012-09-08,0.15,,
2012-09-09,0.15,,
2012-09-10,0.15,,1.43
2012-09-11,0.15,,1.45
2012-09-12,0.15,,1.52
2012-09-13,0.15,,1.51
2012-09-14,0.16,,1.61
2012-09-15,0.16,,
2012-09-16,0.16,,
2012-09-17,0.16,,1.6
2012-09-18,0.16,,1.57
2012-09-19,0.15,,1.52
2012-09-20,0.16,,1.53
2012-09-21,0.15,,1.5
2012-09-22,0.15,,
2012-09-23,0.15,,
2012-09-24,0.16,,1.47
2012-09-25,0.15,,1.43
2012-09-26,0.15,,1.38
2012-09-27,0.14,,1.41
2012-09-28,0.09,,1.42
2012-09-29,0.09,,
2012-09-30,0.09,,
2012-10-01,0.15,231.638,1.39
2012-10-02,0.16,,1.41
2012-10-03,0.16,,1.41
2012-10-04,0.15,,1.47
2012-10-05,0.15,,1.48
2012-10-06,0.15,,
2012-10-07,0.15,,
2012-10-08,0.15,,
2012-10-09,0.16,,1.49
2012-10-10,0.16,,1.45
2012-10-11,0.16,,1.42
2012-10-12,0.16,,1.42
2012-10-13,0.16,,
2012-10-14,0.16,,
2012-10-15,0.16,,1.43
2012-10-16,0.16,,1.48
2012-10-17,0.15,,1.53
2012-10-18,0.15,,1.57
2012-10-19,0.16,,1.49
2012-10-20,0.16,,
2012-10-21,0.16,,
2012-10-22,0.15,,1.51
2012-10-23,0.15,,1.5
2012-10-24,0.17,,1.51
2012-10-25,0.16,,1.55
2012-10-26,0.16,,1.48
2012-10-27,0.16,,
2012-10-28,0.16,,
2012-10-29,0.17,,1.44
2012-10-30,0.17,,
2012-10-31,0.18,,1.42
2012-11-01,0.17,231.249,1.45
2012-11-02,0.16,,1.47
2012-11-03,0.16,,
2012-11-04,0.16,,
2012-11-05,0.17,,1.44
2012-11-06,0.16,,1.48
2012-11-07,0.16,,1.41
2012-11-08,0.16,,1.35
2012-11-09,0.16,,1.34
2012-11-10,0.16,,
2012-11-11,0.16,,
2012-11-12,0.16,,
2012-11-13,0.16,,1.32
2012-11-14,0.16,,1.34
2012-11-15,0.16,,1.34
2012-11-16,0.16,,1.34
2012-11-17,0.16,,
2012-11-18,0.16,,
2012-11-19,0.16,,1.36
2012-11-20,0.16,,1.39
2012-11-21,0.16,,1.42
2012-11-22,0.16,,
2012-11-23,0.16,,1.41
2012-11-24,0.16,,
2012-11-25,0.16,,
2012-11-26,0.16,,1.39
2012-11-27,0.16,,1.37
2012-11-28,0.16,,1.36
2012-11-29,0.16,,1.37
2012-11-30,0.16,,1.37
2012-12-01,0.16,231.221,
2012-12-02,0.16,,
2012-12-03,0.16,,1.38
2012-12-04,0.17,,1.37
2012-12-05,0.16,,1.35
2012-12-06,0.16,,1.34
2012-12-07,0.16,,1.39
2012-12-08,0.16,,
2012-12-09,0.16,,
2012-12-10,0.16,,1.39
2012-12-11,0.17,,1.42
2012-12-12,0.17,,1.47
2012-12-13,0.16,,1.47
2012-12-14,0.17,,1.48
2012-12-15,0.17,,
2012-12-16,0.17,,
2012-12-17,0.16,,1.53
2012-12-18,0.17,,1.56
2012-12-19,0.17,,1.54
2012-12-20,0.17,,1.53
2012-12-21,0.17,,1.51
2012-12-22,0.17,,
2012-12-23,0.17,,
2012-12-24,0.18,,1.53
2012-12-25,0.18,,
2012-12-26,0.17,,1.51
2012-12-27,0.17,,1.48
2012-12-28,0.17,,1.46
2012-12-29,0.17,,
2012-12-30,0.17,,
2012-12-31,0.09,,1.53
2013-01-01,0.09,231.679,
2013-01-02,0.17,,1.59
2013-01-03,0.17,,1.65
2013-01-04,0.16,,1.66
2013-01-05,0.16,,
2013-01-06,0.16,,
2013-01-07,0.16,,1.65
2013-01-08,0.15,,1.64
2013-01-09,0.14,,1.64
2013-01-10,0.14,,1.65
2013-01-11,0.14,,1.63
2013-01-12,0.14,,
2013-01-13,0.14,,
2013-01-14,0.14,,1.63
2013-01-15,0.15,,1.6
2013-01-16,0.14,,1.58
2013-01-17,0.14,,1.61
2013-01-18,0.14,,1.61
2013-01-19,0.14,,
2013-01-20,0.14,,
2013-01-21,0.14,,
2013-01-22,0.14,,1.6
2013-01-23,0.13,,1.6
2013-01-24,0.15,,1.65
2013-01-25,0.14,,1.7
2013-01-26,0.14,,
2013-01-27,0.14,,
2013-01-28,0.14,,1.71
2013-01-29,0.12,,1.73
2013-01-30,0.12,,1.76
2013-01-31,0.15,,1.75
2013-02-01,0.14,232.937,1.77
2013-02-02,0.14,,
2013-02-03,0.14,,
2013-02-04,0.13,,1.75
2013-02-05,0.13,,1.77
2013-02-06,0.13,,1.73
2013-02-07,0.13,,1.74
2013-02-08,0.14,,1.74
2013-02-09,0.14,,
2013-02-10,0.14,,
2013-02-11,0.14,,1.72
2013-02-12,0.13,,1.73
2013-02-13,0.14,,1.76
2013-02-14,0.14,,1.73
2013-02-15,0.16,,1.72
2013-02-16,0.16,,
2013-02-17,0.16,,
2013-02-18,0.16,,
2013-02-19,0.15,,1.74
2013-02-20,0.15,,1.75
2013-02-21,0.16,,1.73
2013-02-22,0.16,,1.7
2013-02-23,0.16,,
2013-02-24,0.16,,
2013-02-25,0.15,,1.63
2013-02-26,0.14,,1.63
2013-02-27,0.14,,1.64
2013-02-28,0.14,,1.64
2013-03-01,0.14,232.282,1.61
2013-03-02,0.14,,
2013-03-03,0.14,,
2013-03-04,0.16,,1.64
2013-03-05,0.15,,1.65
2013-03-06,0.15,,1.7
2013-03-07,0.16,,1.75
2013-03-08,0.15,,1.79
2013-03-09,0.15,,
2013-03-10,0.15,,
2013-03-11,0.16,,1.8
2013-03-12,0.15,,1.76
2013-03-13,0.14,,1.77
2013-03-14,0.15,,1.77
2013-03-15,0.16,,1.76
2013-03-16,0.16,,
2013-03-17,0.16,,
2013-03-18,0.16,,1.7
2013-03-19,0.15,,1.68
2013-03-20,0.15,,1.7
2013-03-21,0.16,,1.68
2013-03-22,0.15,,1.67
2013-03-23,0.15,,
2013-03-24,0.15,,
2013-03-25,0.15,,1.69
2013-03-26,0.14,,1.67
2013-03-27,0.12,,1.62
2013-03-28,0.13,,1.62
2013-03-29,0.09,,
2013-03-30,0.09,,
2013-03-31,0.09,,
2013-04-01,0.16,231.797,1.63
2013-04-02,0.15,,1.63
2013-04-03,0.14,,1.59
2013-04-04,0.14,,1.56
2013-04-05,0.15,,1.48
2013-04-06,0.15,,
2013-04-07,0.15,,
2013-04-08,0.15,,1.52
2013-04-09,0.15,,1.54
2013-04-10,0.15,,1.6
2013-04-11,0.15,,1.58
2013-04-12,0.15,,1.53
2013-04-13,0.15,,
2013-04-14,0.15,,
2013-04-15,0.15,,1.5
2013-04-16,0.15,,1.51
2013-04-17,0.15,,1.49
2013-04-18,0.15,,1.48
2013-04-19,0.15,,1.49
2013-04-20,0.15,,
2013-04-21,0.15,,
2013-04-22,0.15,,1.48
2013-04-23,0.14,,1.51
2013-04-24,0.13,,1.5
2013-04-25,0.13,,1.51
2013-04-26,0.13,,1.48
2013-04-27,0.13,,
2013-04-28,0.13,,
2013-04-29,0.13,,1.5
2013-04-30,0.14,,1.48
2013-05-01,0.14,231.893,1.46
2013-05-02,0.15,,1.46
2013-05-03,0.14,,1.56
2013-05-04,0.14,,
2013-05-05,0.14,,
2013-05-06,0.14,,1.58
2013-05-07,0.12,,1.6
2013-05-08,0.12,,1.59
2013-05-09,0.12,,1.59
2013-05-10,0.12,,1.64
2013-05-11,0.12,,
2013-05-12,0.12,,
2013-05-13,0.12,,1.68
2013-05-14,0.11,,1.7
2013-05-15,0.12,,1.68
2013-05-16,0.11,,1.64
2013-05-17,0.1,,1.69
2013-05-18,0.1,,
2013-05-19,0.1,,
2013-05-20,0.1,,1.71
2013-05-21,0.09,,1.68
2013-05-22,0.08,,1.77
2013-05-23,0.08,,1.76
2013-05-24,0.09,,1.75
2013-05-25,0.09,,
2013-05-26,0.09,,
2013-05-27,0.09,,
2013-05-28,0.09,,1.86
2013-05-29,0.08,,1.83
2013-05-30,0.08,,1.82
2013-05-31,0.09,,1.86
2013-06-01,0.09,232.445,
2013-06-02,0.09,,
2013-06-03,0.1,,1.83
2013-06-04,0.11,,1.82
2013-06-05,0.09,,1.8
2013-06-06,0.1,,1.78
2013-06-07,0.09,,1.85
2013-06-08,0.09,,
2013-06-09,0.09,,
2013-06-10,0.09,,1.9
2013-06-11,0.09,,1.86
2013-06-12,0.08,,1.91
2013-06-13,0.09,,1.87
2013-06-14,0.1,,1.85
2013-06-15,0.1,,
2013-06-16,0.1,,
2013-06-17,0.11,,1.92
2013-06-18,0.12,,1.93
2013-06-19,0.1,,2.02
2013-06-20,0.1,,2.08
2013-06-21,0.1,,2.14
2013-06-22,0.1,,
2013-06-23,0.1,,
2013-06-24,0.1,,2.15
2013-06-25,0.09,,2.17
2013-06-26,0.09,,2.16
2013-06-27,0.09,,2.13
2013-06-28,0.07,,2.16
2013-06-29,0.07,,
2013-06-30,0.07,,
2013-07-01,0.1,232.9,2.16
2013-07-02,0.1,,2.14
2013-07-03,0.1,,2.16
2013-07-04,0.1,,
2013-07-05,0.1,,2.33
2013-07-06,0.1,,
2013-07-07,0.1,,
2013-07-08,0.1,,2.28
2013-07-09,0.1,,2.28
2013-07-10,0.09,,2.32
2013-07-11,0.09,,2.26
2013-07-12,0.09,,2.24
2013-07-13,0.09,,
2013-07-14,0.09,,
2013-07-15,0.09,,2.23
2013-07-16,0.09,,2.21
2013-07-17,0.09,,2.2
2013-07-18,0.09,,2.24
2013-07-19,0.09,,2.18
2013-07-20,0.09,,
2013-07-21,0.09,,
2013-07-22,0.09,,2.18
2013-07-23,0.09,,2.2
2013-07-24,0.09,,2.27
2013-07-25,0.09,,2.29
2013-07-26,0.09,,2.27
2013-07-27,0.09,,
2013-07-28,0.09,,
2013-07-29,0.08,,2.28
2013-07-30,0.09,,2.3
2013-07-31,0.09,,2.29
2013-08-01,0.08,233.456,2.39
2013-08-02,0.09,,2.33
2013-08-03,0.09,,
2013-08-04,0.09,,
2013-08-05,0.08,,2.35
2013-08-06,0.09,,2.35
2013-08-07,0.09,,2.29
2013-08-08,0.09,,2.28
2013-08-09,0.08,,2.25
2013-08-10,0.08,,
2013-08-11,0.08,,
2013-08-12,0.08,,2.29
2013-08-13,0.08,,2.37
2013-08-14,0.09,,2.37
2013-08-15,0.08,,2.41
2013-08-16,0.09,,2.48
2013-08-17,0.09,,
2013-08-18,0.09,,
2013-08-19,0.09,,2.52
2013-08-20,0.09,,2.46
2013-08-21,0.08,,2.49
2013-08-22,0.09,,2.48
2013-08-23,0.08,,2.42
2013-08-24,0.08,,
2013-08-25,0.08,,
2013-08-26,0.08,,2.38
2013-08-27,0.07,,2.34
2013-08-28,0.07,,2.38
2013-08-29,0.08,,2.36
2013-08-30,0.07,,2.39
2013-08-31,0.07,,
2013-09-01,0.07,233.544,
2013-09-02,0.07,,
2013-09-03,0.09,,2.43
2013-09-04,0.08,,2.44
2013-09-05,0.08,,2.46
2013-09-06,0.08,,2.48
2013-09-07,0.08,,
2013-09-08,0.08,,
2013-09-09,0.08,,2.45
2013-09-10,0.08,,2.46
2013-09-11,0.08,,2.46
2013-09-12,0.08,,2.47
2013-09-13,0.08,,2.45
2013-09-14,0.08,,
2013-09-15,0.08,,
2013-09-16,0.08,,2.47
2013-09-17,0.08,,2.47
2013-09-18,0.08,,2.35
2013-09-19,0.09,,2.42
2013-09-20,0.08,,2.41
2013-09-21,0.08,,
2013-09-22,0.08,,
2013-09-23,0.09,,2.37
2013-09-24,0.09,,2.32
2013-09-25,0.08,,2.27
2013-09-26,0.08,,2.32
2013-09-27,0.08,,2.3
2013-09-28,0.08,,
2013-09-29,0.08,,
2013-09-30,0.06,,2.31
2013-10-01,0.08,233.669,2.33
2013-10-02,0.07,,2.32
2013-10-03,0.08,,2.29
2013-10-04,0.08,,2.33
2013-10-05,0.08,,
2013-10-06,0.08,,
2013-10-07,0.08,,2.28
2013-10-08,0.08,,2.26
2013-10-09,0.09,,2.31
2013-10-10,0.09,,2.36
2013-10-11,0.1,,2.35
2013-10-12,0.1,,
2013-10-13,0.1,,
2013-10-14,0.1,,
2013-10-15,0.1,,2.38
2013-10-16,0.11,,2.35
2013-10-17,0.1,,2.28
2013-10-18,0.1,,2.27
2013-10-19,0.1,,
2013-10-20,0.1,,
2013-10-21,0.09,,2.3
2013-10-22,0.08,,2.23
2013-10-23,0.08,,2.2
2013-10-24,0.08,,2.2
2013-10-25,0.08,,2.21
2013-10-26,0.08,,
2013-10-27,0.08,,
2013-10-28,0.08,,2.22
2013-10-29,0.08,,2.22
2013-10-30,0.08,,2.22
2013-10-31,0.07,,2.26
2013-11-01,0.08,234.1,2.32
2013-11-02,0.08,,
2013-11-03,0.08,,
2013-11-04,0.08,,2.31
2013-11-05,0.08,,2.37
2013-11-06,0.08,,2.37
2013-11-07,0.08,,2.34
2013-11-08,0.08,,2.45
2013-11-09,0.08,,
2013-11-10,0.08,,
2013-11-11,0.08,,
2013-11-12,0.08,,2.46
2013-11-13,0.08,,2.43
2013-11-14,0.09,,2.4
2013-11-15,0.09,,2.4
2013-11-16,0.09,,
2013-11-17,0.09,,
2013-11-18,0.09,,2.36
2013-11-19,0.09,,2.42
2013-11-20,0.09,,2.52
2013-11-21,0.09,,2.5
2013-11-22,0.09,,2.44
2013-11-23,0.09,,
2013-11-24,0.09,,
2013-11-25,0.09,,2.44
2013-11-26,0.09,,2.42
2013-11-27,0.09,,2.46
2013-11-28,0.09,,
2013-11-29,0.07,,2.47
2013-11-30,0.07,,
2013-12-01,0.07,234.719,
2013-12-02,0.09,,2.51
2013-12-03,0.09,,2.51
2013-12-04,0.09,,2.54
2013-12-05,0.09,,2.58
2013-12-06,0.09,,2.58
2013-12-07,0.09,,
2013-12-08,0.09,,
2013-12-09,0.09,,2.56
2013-12-10,0.09,,2.51
2013-12-11,0.08,,2.55
2013-12-12,0.09,,2.55
2013-12-13,0.08,,2.54
2013-12-14,0.08,,
2013-12-15,0.08,,
2013-12-16,0.09,,2.55
2013-12-17,0.09,,2.51
2013-12-18,0.09,,2.57
2013-12-19,0.09,,2.59
2013-12-20,0.09,,2.52
2013-12-21,0.09,,
2013-12-22,0.09,,
2013-12-23,0.09,,2.56
2013-12-24,0.08,,2.61
2013-12-25,0.08,,
2013-12-26,0.08,,2.58
2013-12-27,0.08,,2.62
2013-12-28,0.08,,
2013-12-29,0.08,,
2013-12-30,0.08,,2.6
2013-12-31,0.07,,2.66
2014-01-01,0.07,235.288,
2014-01-02,0.08,,2.61
2014-01-03,0.08,,2.6
2014-01-04,0.08,,
2014-01-05,0.08,,
2014-01-06,0.08,,2.58
2014-01-07,0.07,,2.56
2014-01-08,0.07,,2.58
2014-01-09,0.07,,2.53
2014-01-10,0.07,,2.49
2014-01-11,0.07,,
2014-01-12,0.07,,
2014-01-13,0.07,,2.45
2014-01-14,0.07,,2.49
2014-01-15,0.07,,2.49
2014-01-16,0.07,,2.45
2014-01-17,0.07,,2.44
2014-01-18,0.07,,
2014-01-19,0.07,,
2014-01-20,0.07,,
2014-01-21,0.07,,2.45
2014-01-22,0.07,,2.43
2014-01-23,0.07,,2.4
2014-01-24,0.07,,2.38
2014-01-25,0.07,,
2014-01-26,0.07,,
2014-01-27,0.07,,2.41
2014-01-28,0.07,,2.39
2014-01-29,0.07,,2.33
2014-01-30,0.07,,2.36
2014-01-31,0.07,,2.33
2014-02-01,0.07,235.547,
2014-02-02,0.07,,
2014-02-03,0.07,,2.31
2014-02-04,0.07,,2.33
2014-02-05,0.07,,2.38
2014-02-06,0.07,,2.4
2014-02-07,0.06,,2.41
2014-02-08,0.06,,
2014-02-09,0.06,,
2014-02-10,0.07,,2.38
2014-02-11,0.06,,2.4
2014-02-12,0.07,,2.45
2014-02-13,0.06,,2.41
2014-02-14,0.06,,2.43
2014-02-15,0.06,,
2014-02-16,0.06,,
2014-02-17,0.06,,
2014-02-18,0.07,,2.4
2014-02-19,0.07,,2.4
2014-02-20,0.07,,2.42
2014-02-21,0.07,,2.4
2014-02-22,0.07,,
2014-02-23,0.07,,
2014-02-24,0.07,,2.4
2014-02-25,0.07,,2.36
2014-02-26,0.07,,2.34
2014-02-27,0.07,,2.32
2014-02-28,0.06,,2.33
2014-03-01,0.06,236.028,
2014-03-02,0.06,,
2014-03-03,0.07,,2.28
2014-03-04,0.07,,2.37
2014-03-05,0.08,,2.37
2014-03-06,0.08,,2.37
2014-03-07,0.08,,2.42
2014-03-08,0.08,,
2014-03-09,0.08,,
2014-03-10,0.08,,2.42
2014-03-11,0.08,,2.4
2014-03-12,0.08,,2.36
2014-03-13,0.08,,2.32
2014-03-14,0.08,,2.29
2014-03-15,0.08,,
2014-03-16,0.08,,
2014-03-17,0.08,,2.32
2014-03-18,0.08,,2.32
2014-03-19,0.08,,2.31
2014-03-20,0.08,,2.34
2014-03-21,0.08,,2.3
2014-03-22,0.08,,
2014-03-23,0.08,,
2014-03-24,0.09,,2.27
2014-03-25,0.09,,2.28
2014-03-26,0.08,,2.26
2014-03-27,0.08,,2.24
2014-03-28,0.08,,2.28
2014-03-29,0.08,,
2014-03-30,0.08,,
2014-03-31,0.06,,2.29
2014-04-01,0.08,236.468,2.33
2014-04-02,0.09,,2.35
2014-04-03,0.08,,2.34
2014-04-04,0.08,,2.31
2014-04-05,0.08,,
2014-04-06,0.08,,
2014-04-07,0.09,,2.3
2014-04-08,0.08,,2.29
2014-04-09,0.08,,2.34
2014-04-10,0.08,,2.28
2014-04-11,0.09,,2.26
2014-04-12,0.09,,
2014-04-13,0.09,,
2014-04-14,0.09,,2.28
2014-04-15,0.1,,2.25
2014-04-16,0.09,,2.26
2014-04-17,0.09,,2.3
2014-04-18,0.1,,
2014-04-19,0.1,,
2014-04-20,0.1,,
2014-04-21,0.1,,2.31
2014-04-22,0.1,,2.28
2014-04-23,0.1,,2.27
2014-04-24,0.1,,2.27
2014-04-25,0.09,,2.25
2014-04-26,0.09,,
2014-04-27,0.09,,
2014-04-28,0.09,,2.26
2014-04-29,0.1,,2.27
2014-04-30,0.09,,2.25
2014-05-01,0.09,236.918,2.22
2014-05-02,0.09,,2.18
2014-05-03,0.09,,
2014-05-04,0.09,,
2014-05-05,0.09,,2.2
2014-05-06,0.09,,2.18
2014-05-07,0.08,,2.21
2014-05-08,0.08,,2.21
2014-05-09,0.08,,2.22
2014-05-10,0.08,,
2014-05-11,0.08,,
2014-05-12,0.08,,2.25
2014-05-13,0.09,,2.22
2014-05-14,0.08,,2.15
2014-05-15,0.09,,2.12
2014-05-16,0.09,,2.14
2014-05-17,0.09,,
2014-05-18,0.09,,
2014-05-19,0.09,,2.18
2014-05-20,0.09,,2.17
2014-05-21,0.09,,2.17
2014-05-22,0.09,,2.19
2014-05-23,0.09,,2.17
2014-05-24,0.09,,
2014-05-25,0.09,,
2014-05-26,0.09,,
2014-05-27,0.09,,2.13
2014-05-28,0.09,,2.07
2014-05-29,0.09,,2.08
2014-05-30,0.08,,2.11
2014-05-31,0.08,,
2014-06-01,0.08,237.231,
2014-06-02,0.09,,2.15
2014-06-03,0.1,,2.19
2014-06-04,0.09,,2.2
2014-06-05,0.09,,2.19
2014-06-06,0.09,,2.19
2014-06-07,0.09,,
2014-06-08,0.09,,
2014-06-09,0.09,,2.19
2014-06-10,0.09,,2.19
2014-06-11,0.09,,2.21
2014-06-12,0.09,,2.16
2014-06-13,0.1,,2.15
2014-06-14,0.1,,
2014-06-15,0.1,,
2014-06-16,0.1,,2.12
2014-06-17,0.1,,2.15
2014-06-18,0.1,,2.13
2014-06-19,0.1,,2.16
2014-06-20,0.1,,2.13
2014-06-21,0.1,,
2014-06-22,0.1,,
2014-06-23,0.1,,2.15
2014-06-24,0.1,,2.1
2014-06-25,0.1,,2.09
2014-06-26,0.1,,2.07
2014-06-27,0.1,,2.09
2014-06-28,0.1,,
2014-06-29,0.1,,
2014-06-30,0.09,,2.06
2014-07-01,0.1,237.498,2.11
2014-07-02,0.1,,2.15
2014-07-03,0.09,,2.13
2014-07-04,0.09,,
2014-07-05,0.09,,
2014-07-06,0.09,,
2014-07-07,0.1,,2.11
2014-07-08,0.09,,2.07
2014-07-09,0.09,,2.06
2014-07-10,0.09,,2.09
2014-07-11,0.09,,2.05
2014-07-12,0.09,,
2014-07-13,0.09,,
2014-07-14,0.09,,2.07
2014-07-15,0.09,,2.07
2014-07-16,0.09,,2.05
2014-07-17,0.09,,2.0
2014-07-18,0.09,,1.99
2014-07-19,0.09,,
2014-07-20,0.09,,
2014-07-21,0.1,,1.98
2014-07-22,0.09,,1.99
2014-07-23,0.09,,1.98
2014-07-24,0.09,,1.99
2014-07-25,0.09,,1.95
2014-07-26,0.09,,
2014-07-27,0.09,,
2014-07-28,0.09,,1.96
2014-07-29,0.09,,1.93
2014-07-30,0.09,,2.01
2014-07-31,0.08,,2.05
2014-08-01,0.09,237.46,2.05
2014-08-02,0.09,,
2014-08-03,0.09,,
2014-08-04,0.09,,2.04
2014-08-05,0.09,,2.02
2014-08-06,0.09,,2.01
2014-08-07,0.09,,1.99
2014-08-08,0.09,,1.99
2014-08-09,0.09,,
2014-08-10,0.09,,
2014-08-11,0.09,,1.97
2014-08-12,0.09,,2.01
2014-08-13,0.09,,2.0
2014-08-14,0.09,,1.98
2014-08-15,0.09,,1.92
2014-08-16,0.09,,
2014-08-17,0.09,,
2014-08-18,0.09,,1.95
2014-08-19,0.09,,1.94
2014-08-20,0.09,,1.94
2014-08-21,0.09,,1.92
2014-08-22,0.09,,1.87
2014-08-23,0.09,,
2014-08-24,0.09,,
2014-08-25,0.09,,1.86
2014-08-26,0.09,,1.87
2014-08-27,0.09,,1.86
2014-08-28,0.09,,1.84
2014-08-29,0.07,,1.87
2014-08-30,0.07,,
2014-08-31,0.07,,
2014-09-01,0.07,237.477,
2014-09-02,0.09,,1.89
2014-09-03,0.09,,1.89
2014-09-04,0.09,,1.91
2014-09-05,0.09,,1.94
2014-09-06,0.09,,
2014-09-07,0.09,,
2014-09-08,0.09,,1.94
2014-09-09,0.09,,1.94
2014-09-10,0.09,,1.96
2014-09-11,0.09,,1.96
2014-09-12,0.09,,2.04
2014-09-13,0.09,,
2014-09-14,0.09,,
2014-09-15,0.09,,2.02
2014-09-16,0.09,,2.05
2014-09-17,0.09,,2.03
2014-09-18,0.09,,2.04
2014-09-19,0.09,,2.0
2014-09-20,0.09,,
2014-09-21,0.09,,
2014-09-22,0.09,,1.99
2014-09-23,0.09,,1.97
2014-09-24,0.09,,1.98
2014-09-25,0.09,,1.96
2014-09-26,0.09,,1.95
2014-09-27,0.09,,
2014-09-28,0.09,,
2014-09-29,0.08,,1.92
2014-09-30,0.07,,1.94
2014-10-01,0.09,237.43,1.89
2014-10-02,0.09,,1.91
2014-10-03,0.09,,1.88
2014-10-04,0.09,,
2014-10-05,0.09,,
2014-10-06,0.09,,1.89
2014-10-07,0.09,,1.84
2014-10-08,0.09,,1.89
2014-10-09,0.08,,1.88
2014-10-10,0.09,,1.86
2014-10-11,0.09,,
2014-10-12,0.09,,
2014-10-13,0.09,,
2014-10-14,0.09,,1.82
2014-10-15,0.09,,1.81
2014-10-16,0.09,,1.82
2014-10-17,0.09,,1.83
2014-10-18,0.09,,
2014-10-19,0.09,,
2014-10-20,0.09,,1.83
2014-10-21,0.09,,1.85
2014-10-22,0.09,,1.84
2014-10-23,0.09,,1.88
2014-10-24,0.09,,1.88
2014-10-25,0.09,,
2014-10-26,0.09,,
2014-10-27,0.09,,1.86
2014-10-28,0.09,,1.88
2014-10-29,0.09,,1.86
2014-10-30,0.09,,1.84
2014-10-31,0.07,,1.85
2014-11-01,0.07,236.983,
2014-11-02,0.07,,
2014-11-03,0.09,,1.84
2014-11-04,0.1,,1.83
2014-11-05,0.09,,1.84
2014-11-06,0.09,,1.85
2014-11-07,0.09,,1.81
2014-11-08,0.09,,
2014-11-09,0.09,,
2014-11-10,0.09,,1.83
2014-11-11,0.09,,
2014-11-12,0.09,,1.82
2014-11-13,0.09,,1.82
2014-11-14,0.09,,1.78
2014-11-15,0.09,,
2014-11-16,0.09,,
2014-11-17,0.1,,1.8
2014-11-18,0.11,,1.79
2014-11-19,0.1,,1.82
2014-11-20,0.1,,1.81
2014-11-21,0.1,,1.78
2014-11-22,0.1,,
2014-11-23,0.1,,
2014-11-24,0.1,,1.77
2014-11-25,0.1,,1.76
2014-11-26,0.1,,1.71
2014-11-27,0.1,,
2014-11-28,0.08,,1.71
2014-11-29,0.08,,
2014-11-30,0.08,,
2014-12-01,0.13,236.252,1.73
2014-12-02,0.12,,1.73
2014-12-03,0.12,,1.72
2014-12-04,0.12,,1.7
2014-12-05,0.12,,1.66
2014-12-06,0.12,,
2014-12-07,0.12,,
2014-12-08,0.12,,1.62
2014-12-09,0.12,,1.58
2014-12-10,0.12,,1.59
2014-12-11,0.12,,1.57
2014-12-12,0.12,,1.54
2014-12-13,0.12,,
2014-12-14,0.12,,
2014-12-15,0.11,,1.52
2014-12-16,0.12,,1.49
2014-12-17,0.13,,1.52
2014-12-18,0.13,,1.55
2014-12-19,0.13,,1.5
2014-12-20,0.13,,
2014-12-21,0.13,,
2014-12-22,0.13,,1.46
2014-12-23,0.13,,1.53
2014-12-24,0.13,,1.54
2014-12-25,0.13,,
2014-12-26,0.13,,1.52
2014-12-27,0.13,,
2014-12-28,0.13,,
2014-12-29,0.13,,1.5
2014-12-30,0.13,,1.51
2014-12-31,0.06,,1.5
2015-01-01,0.06,234.747,
2015-01-02,0.12,,1.46
2015-01-03,0.12,,
2015-01-04,0.12,,
2015-01-05,0.12,,1.36
2015-01-06,0.12,,1.32
2015-01-07,0.12,,1.34
2015-01-08,0.12,,1.41
2015-01-09,0.12,,1.39
2015-01-10,0.12,,
2015-01-11,0.12,,
2015-01-12,0.12,,1.36
2015-01-13,0.12,,1.37
2015-01-14,0.12,,1.35
2015-01-15,0.12,,1.33
2015-01-16,0.13,,1.34
2015-01-17,0.13,,
2015-01-18,0.13,,
2015-01-19,0.13,,
2015-01-20,0.12,,1.29
2015-01-21,0.12,,1.34
2015-01-22,0.12,,1.37
2015-01-23,0.12,,1.29
2015-01-24,0.12,,
2015-01-25,0.12,,
2015-01-26,0.12,,1.29
2015-01-27,0.11,,1.29
2015-01-28,0.12,,1.23
2015-01-29,0.11,,1.26
2015-01-30,0.06,,1.21
2015-01-31,0.06,,
2015-02-01,0.06,235.342,
2015-02-02,0.12,,1.19
2015-02-03,0.12,,1.27
2015-02-04,0.11,,1.29
2015-02-05,0.12,,1.31
2015-02-06,0.11,,1.3
2015-02-07,0.11,,
2015-02-08,0.11,,
2015-02-09,0.12,,1.31
2015-02-10,0.12,,1.34
2015-02-11,0.12,,1.33
2015-02-12,0.12,,1.38
2015-02-13,0.12,,1.36
2015-02-14,0.12,,
2015-02-15,0.12,,
2015-02-16,0.12,,
2015-02-17,0.12,,1.44
2015-02-18,0.12,,1.45
2015-02-19,0.12,,1.44
2015-02-20,0.12,,1.46
2015-02-21,0.12,,
2015-02-22,0.12,,
2015-02-23,0.11,,1.42
2015-02-24,0.11,,1.39
2015-02-25,0.11,,1.35
2015-02-26,0.11,,1.37
2015-02-27,0.06,,1.37
2015-02-28,0.06,,
2015-03-01,0.06,235.976,
2015-03-02,0.12,,1.42
2015-03-03,0.12,,1.44
2015-03-04,0.11,,1.46
2015-03-05,0.11,,1.46
2015-03-06,0.12,,1.51
2015-03-07,0.12,,
2015-03-08,0.12,,
2015-03-09,0.12,,1.5
2015-03-10,0.12,,1.44
2015-03-11,0.11,,1.41
2015-03-12,0.11,,1.43
2015-03-13,0.11,,1.45
2015-03-14,0.11,,
2015-03-15,0.11,,
2015-03-16,0.12,,1.44
2015-03-17,0.12,,1.36
2015-03-18,0.11,,1.36
2015-03-19,0.12,,1.35
2015-03-20,0.12,,1.33
2015-03-21,0.12,,
2015-03-22,0.12,,
2015-03-23,0.12,,1.32
2015-03-24,0.11,,1.3
2015-03-25,0.12,,1.34
2015-03-26,0.11,,1.4
2015-03-27,0.12,,1.37
2015-03-28,0.12,,
2015-03-29,0.12,,
2015-03-30,0.12,,1.38
2015-03-31,0.06,,1.38
2015-04-01,0.12,236.222,1.32
2015-04-02,0.12,,1.37
2015-04-03,0.12,,1.36
2015-04-04,0.12,,
2015-04-05,0.12,,
2015-04-06,0.13,,1.41
2015-04-07,0.12,,1.37
2015-04-08,0.12,,1.38
2015-04-09,0.12,,1.41
2015-04-10,0.12,,1.39
2015-04-11,0.12,,
2015-04-12,0.12,,
2015-04-13,0.13,,1.4
2015-04-14,0.13,,1.37
2015-04-15,0.13,,1.4
2015-04-16,0.13,,1.4
2015-04-17,0.13,,1.36
2015-04-18,0.13,,
2015-04-19,0.13,,
2015-04-20,0.13,,1.35
2015-04-21,0.13,,1.37
2015-04-22,0.13,,1.42
2015-04-23,0.13,,1.41
2015-04-24,0.13,,1.39
2015-04-25,0.13,,
2015-04-26,0.13,,
2015-04-27,0.13,,1.4
2015-04-28,0.13,,1.44
2015-04-29,0.13,,1.5
2015-04-30,0.08,,1.47
2015-05-01,0.13,237.001,1.52
2015-05-02,0.13,,
2015-05-03,0.13,,
2015-05-04,0.13,,1.56
2015-05-05,0.13,,1.57
2015-05-06,0.13,,1.6
2015-05-07,0.13,,1.55
2015-05-08,0.13,,1.57
2015-05-09,0.13,,
2015-05-10,0.13,,
2015-05-11,0.13,,1.66
2015-05-12,0.13,,1.67
2015-05-13,0.13,,1.68
2015-05-14,0.13,,1.67
2015-05-15,0.13,,1.59
2015-05-16,0.13,,
2015-05-17,0.13,,
2015-05-18,0.13,,1.65
2015-05-19,0.12,,1.64
2015-05-20,0.12,,1.66
2015-05-21,0.12,,1.59
2015-05-22,0.13,,1.57
2015-05-23,0.13,,
2015-05-24,0.13,,
2015-05-25,0.13,,
2015-05-26,0.12,,1.5
2015-05-27,0.12,,1.5
2015-05-28,0.12,,1.51
2015-05-29,0.08,,1.51
2015-05-30,0.08,,
2015-05-31,0.08,,
2015-06-01,0.12,237.657,1.55
2015-06-02,0.12,,1.63
2015-06-03,0.13,,1.69
2015-06-04,0.13,,1.65
2015-06-05,0.13,,1.68
2015-06-06,0.13,,
2015-06-07,0.13,,
2015-06-08,0.13,,1.69
2015-06-09,0.13,,1.7
2015-06-10,0.13,,1.75
2015-06-11,0.13,,1.66
2015-06-12,0.13,,1.65
2015-06-13,0.13,,
2015-06-14,0.13,,
2015-06-15,0.13,,1.64
2015-06-16,0.14,,1.61
2015-06-17,0.14,,1.65
2015-06-18,0.14,,1.69
2015-06-19,0.13,,1.61
2015-06-20,0.13,,
2015-06-21,0.13,,
2015-06-22,0.13,,1.69
2015-06-23,0.13,,1.72
2015-06-24,0.13,,1.7
2015-06-25,0.13,,1.72
2015-06-26,0.13,,1.77
2015-06-27,0.13,,
2015-06-28,0.13,,
2015-06-29,0.14,,1.69
2015-06-30,0.08,,1.71
2015-07-01,0.13,238.034,1.74
2015-07-02,0.13,,1.76
2015-07-03,0.13,,
2015-07-04,0.13,,
2015-07-05,0.13,,
2015-07-06,0.13,,1.7
2015-07-07,0.13,,1.69
2015-07-08,0.13,,1.67
2015-07-09,0.13,,1.72
2015-07-10,0.13,,1.77
2015-07-11,0.13,,
2015-07-12,0.13,,
2015-07-13,0.13,,1.75
2015-07-14,0.13,,1.75
2015-07-15,0.13,,1.72
2015-07-16,0.14,,1.69
2015-07-17,0.13,,1.66
2015-07-18,0.13,,
2015-07-19,0.13,,
2015-07-20,0.14,,1.67
2015-07-21,0.13,,1.64
2015-07-22,0.13,,1.58
2015-07-23,0.13,,1.57
2015-07-24,0.13,,1.57
2015-07-25,0.13,,
2015-07-26,0.13,,
2015-07-27,0.14,,1.55
2015-07-28,0.14,,1.57
2015-07-29,0.14,,1.59
2015-07-30,0.14,,1.56
2015-07-31,0.08,,1.53
2015-08-01,0.08,238.033,
2015-08-02,0.08,,
2015-08-03,0.14,,1.48
2015-08-04,0.14,,1.49
2015-08-05,0.14,,1.55
2015-08-06,0.14,,1.52
2015-08-07,0.14,,1.45
2015-08-08,0.14,,
2015-08-09,0.14,,
2015-08-10,0.14,,1.51
2015-08-11,0.15,,1.47
2015-08-12,0.15,,1.47
2015-08-13,0.15,,1.47
2015-08-14,0.14,,1.47
2015-08-15,0.14,,
2015-08-16,0.14,,
2015-08-17,0.15,,1.44
2015-08-18,0.15,,1.46
2015-08-19,0.15,,1.45
2015-08-20,0.15,,1.4
2015-08-21,0.15,,1.41
2015-08-22,0.15,,
2015-08-23,0.15,,
2015-08-24,0.15,,1.42
2015-08-25,0.15,,1.45
2015-08-26,0.14,,1.51
2015-08-27,0.14,,1.5
2015-08-28,0.14,,1.47
2015-08-29,0.14,,
2015-08-30,0.14,,
2015-08-31,0.08,,1.47
2015-09-01,0.14,237.498,1.47
2015-09-02,0.14,,1.48
2015-09-03,0.14,,1.47
2015-09-04,0.14,,1.42
2015-09-05,0.14,,
2015-09-06,0.14,,
2015-09-07,0.14,,
2015-09-08,0.14,,1.46
2015-09-09,0.14,,1.46
2015-09-10,0.14,,1.48
2015-09-11,0.14,,1.49
2015-09-12,0.14,,
2015-09-13,0.14,,
2015-09-14,0.14,,1.45
2015-09-15,0.14,,1.46
2015-09-16,0.14,,1.48
2015-09-17,0.14,,1.51
2015-09-18,0.14,,1.44
2015-09-19,0.14,,
2015-09-20,0.14,,
2015-09-21,0.14,,1.48
2015-09-22,0.14,,1.45
2015-09-23,0.14,,1.46
2015-09-24,0.14,,1.46
2015-09-25,0.13,,1.47
2015-09-26,0.13,,
2015-09-27,0.13,,
2015-09-28,0.13,,1.43
2015-09-29,0.13,,1.41
2015-09-30,0.07,,1.42
2015-10-01,0.13,237.733,1.41
2015-10-02,0.13,,1.41
2015-10-03,0.13,,
2015-10-04,0.13,,
2015-10-05,0.13,,1.46
2015-10-06,0.13,,1.44
2015-10-07,0.13,,1.43
2015-10-08,0.13,,1.47
2015-10-09,0.13,,1.47
2015-10-10,0.13,,
2015-10-11,0.13,,
2015-10-12,0.13,,
2015-10-13,0.13,,1.42
2015-10-14,0.13,,1.42
2015-10-15,0.13,,1.43
2015-10-16,0.13,,1.43
2015-10-17,0.13,,
2015-10-18,0.13,,
2015-10-19,0.13,,1.43
2015-10-20,0.13,,1.42
2015-10-21,0.13,,1.4
2015-10-22,0.12,,1.43
2015-10-23,0.12,,1.43
2015-10-24,0.12,,
2015-10-25,0.12,,
2015-10-26,0.12,,1.41
2015-10-27,0.12,,1.4
2015-10-28,0.12,,1.37
2015-10-29,0.12,,1.44
2015-10-30,0.07,,1.41
2015-10-31,0.07,,
2015-11-01,0.07,238.017,
2015-11-02,0.12,,1.43
2015-11-03,0.12,,1.43
2015-11-04,0.12,,1.41
2015-11-05,0.12,,1.41
2015-11-06,0.12,,1.44
2015-11-07,0.12,,
2015-11-08,0.12,,
2015-11-09,0.12,,1.47
2015-11-10,0.12,,1.45
2015-11-11,0.12,,
2015-11-12,0.12,,1.43
2015-11-13,0.12,,1.42
2015-11-14,0.12,,
2015-11-15,0.12,,
2015-11-16,0.13,,1.39
2015-11-17,0.13,,1.39
2015-11-18,0.12,,1.37
2015-11-19,0.12,,1.33
2015-11-20,0.12,,1.33
2015-11-21,0.12,,
2015-11-22,0.12,,
2015-11-23,0.12,,1.31
2015-11-24,0.12,,1.31
2015-11-25,0.12,,1.3
2015-11-26,0.12,,
2015-11-27,0.12,,1.3
2015-11-28,0.12,,
2015-11-29,0.12,,
2015-11-30,0.08,,1.27
2015-12-01,0.13,237.761,1.24
2015-12-02,0.13,,1.24
2015-12-03,0.13,,1.37
2015-12-04,0.13,,1.32
2015-12-05,0.13,,
2015-12-06,0.13,,
2015-12-07,0.13,,1.29
2015-12-08,0.13,,1.3
2015-12-09,0.14,,1.29
2015-12-10,0.14,,1.29
2015-12-11,0.14,,1.25
2015-12-12,0.14,,
2015-12-13,0.14,,
2015-12-14,0.15,,1.26
2015-12-15,0.15,,1.3
2015-12-16,0.15,,1.28
2015-12-17,0.37,,1.24
2015-12-18,0.37,,1.22
2015-12-19,0.37,,
2015-12-20,0.37,,
2015-12-21,0.36,,1.24
2015-12-22,0.36,,1.25
2015-12-23,0.36,,1.26
2015-12-24,0.36,,1.22
2015-12-25,0.36,,
2015-12-26,0.36,,
2015-12-27,0.36,,
2015-12-28,0.36,,1.19
2015-12-29,0.36,,1.23
2015-12-30,0.35,,1.23
2015-12-31,0.2,,1.21
2016-01-01,0.2,237.652,
2016-01-02,0.2,,
2016-01-03,0.2,,
2016-01-04,0.36,,1.22
2016-01-05,0.36,,1.21
2016-01-06,0.36,,1.19
2016-01-07,0.36,,1.2
2016-01-08,0.36,,1.19
2016-01-09,0.36,,
2016-01-10,0.36,,
2016-01-11,0.36,,1.23
2016-01-12,0.36,,1.19
2016-01-13,0.36,,1.17
2016-01-14,0.36,,1.2
2016-01-15,0.36,,1.18
2016-01-16,0.36,,
2016-01-17,0.36,,
2016-01-18,0.36,,
2016-01-19,0.36,,1.18
2016-01-20,0.37,,1.16
2016-01-21,0.37,,1.18
2016-01-22,0.38,,1.19
2016-01-23,0.38,,
2016-01-24,0.38,,
2016-01-25,0.38,,1.15
2016-01-26,0.38,,1.16
2016-01-27,0.38,,1.18
2016-01-28,0.38,,1.17
2016-01-29,0.29,,1.18
2016-01-30,0.29,,
2016-01-31,0.29,,
2016-02-01,0.38,237.336,1.16
2016-02-02,0.38,,1.12
2016-02-03,0.38,,1.16
2016-02-04,0.38,,1.17
2016-02-05,0.38,,1.12
2016-02-06,0.38,,
2016-02-07,0.38,,
2016-02-08,0.38,,1.09
2016-02-09,0.38,,1.05
2016-02-10,0.38,,1.0
2016-02-11,0.38,,0.99
2016-02-12,0.38,,1.03
2016-02-13,0.38,,
2016-02-14,0.38,,
2016-02-15,0.38,,
2016-02-16,0.38,,1.04
2016-02-17,0.37,,1.07
2016-02-18,0.38,,1.04
2016-02-19,0.38,,1.0
2016-02-20,0.38,,
2016-02-21,0.38,,
2016-02-22,0.38,,0.99
2016-02-23,0.38,,0.98
2016-02-24,0.38,,1.0
2016-02-25,0.37,,0.99
2016-02-26,0.37,,0.96
2016-02-27,0.37,,
2016-02-28,0.37,,
2016-02-29,0.29,,0.96
2016-03-01,0.36,238.08,0.98
2016-03-02,0.37,,0.99
2016-03-03,0.37,,0.98
2016-03-04,0.36,,1.0
2016-03-05,0.36,,
2016-03-06,0.36,,
2016-03-07,0.36,,1.0
2016-03-08,0.36,,0.95
2016-03-09,0.36,,1.0
2016-03-10,0.36,,1.0
2016-03-11,0.36,,1.01
2016-03-12,0.36,,
2016-03-13,0.36,,
2016-03-14,0.36,,1.0
2016-03-15,0.37,,0.99
2016-03-16,0.37,,1.07
2016-03-17,0.37,,1.04
2016-03-18,0.37,,1.04
2016-03-19,0.37,,
2016-03-20,0.37,,
2016-03-21,0.37,,1.05
2016-03-22,0.37,,1.03
2016-03-23,0.37,,1.01
2016-03-24,0.37,,1.02
2016-03-25,0.37,,
2016-03-26,0.37,,
2016-03-27,0.37,,
2016-03-28,0.37,,1.0
2016-03-29,0.37,,1.03
2016-03-30,0.37,,1.07
2016-03-31,0.25,,1.05
2016-04-01,0.37,238.992,1.03
2016-04-02,0.37,,
2016-04-03,0.37,,
2016-04-04,0.37,,1.03
2016-04-05,0.37,,1.01
2016-04-06,0.37,,1.03
2016-04-07,0.37,,1.0
2016-04-08,0.37,,1.02
2016-04-09,0.37,,
2016-04-10,0.37,,
2016-04-11,0.37,,1.03
2016-04-12,0.37,,1.05
2016-04-13,0.37,,1.02
2016-04-14,0.37,,1.03
2016-04-15,0.37,,1.02
2016-04-16,0.37,,
2016-04-17,0.37,,
2016-04-18,0.37,,1.03
2016-04-19,0.37,,1.02
2016-04-20,0.37,,1.05
2016-04-21,0.37,,1.06
2016-04-22,0.37,,1.05
2016-04-23,0.37,,
2016-04-24,0.37,,
2016-04-25,0.37,,1.06
2016-04-26,0.37,,1.08
2016-04-27,0.37,,1.04
2016-04-28,0.37,,1.06
2016-04-29,0.3,,1.06
2016-04-30,0.3,,
2016-05-01,0.3,239.557,
2016-05-02,0.37,,1.08
2016-05-03,0.37,,1.06
2016-05-04,0.37,,1.04
2016-05-05,0.37,,1.04
2016-05-06,0.37,,1.05
2016-05-07,0.37,,
2016-05-08,0.37,,
2016-05-09,0.37,,1.05
2016-05-10,0.37,,1.05
2016-05-11,0.37,,0.99
2016-05-12,0.37,,0.99
2016-05-13,0.37,,0.95
2016-05-14,0.37,,
2016-05-15,0.37,,
2016-05-16,0.37,,0.96
2016-05-17,0.37,,0.94
2016-05-18,0.37,,0.97
2016-05-19,0.37,,0.96
2016-05-20,0.37,,0.96
2016-05-21,0.37,,
2016-05-22,0.37,,
2016-05-23,0.37,,0.93
2016-05-24,0.37,,0.94
2016-05-25,0.37,,0.95
2016-05-26,0.37,,0.96
2016-05-27,0.37,,0.95
2016-05-28,0.37,,
2016-05-29,0.37,,
2016-05-30,0.37,,
2016-05-31,0.29,,0.97
2016-06-01,0.37,240.222,0.94
2016-06-02,0.37,,0.92
2016-06-03,0.37,,0.93
2016-06-04,0.37,,
2016-06-05,0.37,,
2016-06-06,0.37,,0.93
2016-06-07,0.37,,0.94
2016-06-08,0.37,,0.93
2016-06-09,0.37,,0.91
2016-06-10,0.37,,0.91
2016-06-11,0.37,,
2016-06-12,0.37,,
2016-06-13,0.37,,0.89
2016-06-14,0.37,,0.88
2016-06-15,0.37,,0.91
2016-06-16,0.38,,0.87
2016-06-17,0.38,,0.92
2016-06-18,0.38,,
2016-06-19,0.38,,
2016-06-20,0.38,,0.93
2016-06-21,0.38,,0.95
2016-06-22,0.38,,0.94
2016-06-23,0.39,,0.96
2016-06-24,0.4,,0.93
2016-06-25,0.4,,
2016-06-26,0.4,,
2016-06-27,0.41,,0.85
2016-06-28,0.41,,0.85
2016-06-29,0.41,,0.88
2016-06-30,0.3,,0.91
2016-07-01,0.41,240.101,0.87
2016-07-02,0.41,,
2016-07-03,0.41,,
2016-07-04,0.41,,
2016-07-05,0.4,,0.81
2016-07-06,0.4,,0.8
2016-07-07,0.4,,0.82
2016-07-08,0.4,,0.76
2016-07-09,0.4,,
2016-07-10,0.4,,
2016-07-11,0.4,,0.77
2016-07-12,0.4,,0.84
2016-07-13,0.4,,0.8
2016-07-14,0.4,,0.85
2016-07-15,0.4,,0.89
2016-07-16,0.4,,
2016-07-17,0.4,,
2016-07-18,0.4,,0.91
2016-07-19,0.4,,0.86
2016-07-20,0.4,,0.86
2016-07-21,0.4,,0.87
2016-07-22,0.4,,0.86
2016-07-23,0.4,,
2016-07-24,0.4,,
2016-07-25,0.4,,0.86
2016-07-26,0.4,,0.82
2016-07-27,0.4,,0.79
2016-07-28,0.4,,0.8
2016-07-29,0.3,,0.79
2016-07-30,0.3,,
2016-07-31,0.3,,
2016-08-01,0.4,240.545,0.84
2016-08-02,0.4,,0.88
2016-08-03,0.4,,0.88
2016-08-04,0.4,,0.87
2016-08-05,0.4,,0.87
2016-08-06,0.4,,
2016-08-07,0.4,,
2016-08-08,0.4,,0.85
2016-08-09,0.4,,0.84
2016-08-10,0.4,,0.81
2016-08-11,0.4,,0.81
2016-08-12,0.4,,0.8
2016-08-13,0.4,,
2016-08-14,0.4,,
2016-08-15,0.4,,0.83
2016-08-16,0.4,,0.81
2016-08-17,0.4,,0.82
2016-08-18,0.4,,0.82
2016-08-19,0.4,,0.82
2016-08-20,0.4,,
2016-08-21,0.4,,
2016-08-22,0.4,,0.79
2016-08-23,0.4,,0.81
2016-08-24,0.4,,0.8
2016-08-25,0.4,,0.8
2016-08-26,0.4,,0.78
2016-08-27,0.4,,
2016-08-28,0.4,,
2016-08-29,0.4,,0.76
2016-08-30,0.4,,0.77
2016-08-31,0.3,,0.78
2016-09-01,0.4,241.176,0.79
2016-09-02,0.4,,0.8
2016-09-03,0.4,,
2016-09-04,0.4,,
2016-09-05,0.4,,
2016-09-06,0.4,,0.81
2016-09-07,0.4,,0.8
2016-09-08,0.4,,0.83
2016-09-09,0.4,,0.88
2016-09-10,0.4,,
2016-09-11,0.4,,
2016-09-12,0.4,,0.89
2016-09-13,0.4,,0.93
2016-09-14,0.4,,0.93
2016-09-15,0.4,,0.97
2016-09-16,0.4,,0.93
2016-09-17,0.4,,
2016-09-18,0.4,,
2016-09-19,0.4,,0.91
2016-09-20,0.4,,0.9
2016-09-21,0.4,,0.87
2016-09-22,0.4,,0.84
2016-09-23,0.4,,0.85
2016-09-24,0.4,,
2016-09-25,0.4,,
2016-09-26,0.4,,0.83
2016-09-27,0.4,,0.81
2016-09-28,0.4,,0.82
2016-09-29,0.4,,0.83
2016-09-30,0.29,,0.83
2016-10-01,0.29,241.741,
2016-10-02,0.29,,
2016-10-03,0.4,,0.83
2016-10-04,0.4,,0.87
2016-10-05,0.4,,0.87
2016-10-06,0.4,,0.89
2016-10-07,0.4,,0.9
2016-10-08,0.4,,
2016-10-09,0.4,,
2016-10-10,0.4,,
2016-10-11,0.41,,0.9
2016-10-12,0.41,,0.92
2016-10-13,0.41,,0.9
2016-10-14,0.41,,0.96
2016-10-15,0.41,,
2016-10-16,0.41,,
2016-10-17,0.41,,0.96
2016-10-18,0.41,,0.93
2016-10-19,0.41,,0.95
2016-10-20,0.41,,0.92
2016-10-21,0.41,,0.9
2016-10-22,0.41,,
2016-10-23,0.41,,
2016-10-24,0.41,,0.93
2016-10-25,0.41,,0.91
2016-10-26,0.41,,0.93
2016-10-27,0.41,,0.98
2016-10-28,0.41,,1.0
2016-10-29,0.41,,
2016-10-30,0.41,,
2016-10-31,0.31,,0.98
2016-11-01,0.41,242.026,1.0
2016-11-02,0.41,,1.0
2016-11-03,0.41,,1.01
2016-11-04,0.41,,0.99
2016-11-05,0.41,,
2016-11-06,0.41,,
2016-11-07,0.41,,1.01
2016-11-08,0.41,,1.01
2016-11-09,0.41,,1.17
2016-11-10,0.41,,1.23
2016-11-11,0.41,,
2016-11-12,0.41,,
2016-11-13,0.41,,
2016-11-14,0.41,,1.23
2016-11-15,0.41,,1.21
2016-11-16,0.41,,1.22
2016-11-17,0.41,,1.25
2016-11-18,0.41,,1.27
2016-11-19,0.41,,
2016-11-20,0.41,,
2016-11-21,0.41,,1.25
2016-11-22,0.41,,1.24
2016-11-23,0.41,,1.24
2016-11-24,0.41,,
2016-11-25,0.41,,1.24
2016-11-26,0.41,,
2016-11-27,0.41,,
2016-11-28,0.41,,1.21
2016-11-29,0.41,,1.21
2016-11-30,0.31,,1.26
2016-12-01,0.41,242.637,1.31
2016-12-02,0.41,,1.29
2016-12-03,0.41,,
2016-12-04,0.41,,
2016-12-05,0.41,,1.26
2016-12-06,0.41,,1.27
2016-12-07,0.41,,1.24
2016-12-08,0.41,,1.28
2016-12-09,0.41,,1.32
2016-12-10,0.41,,
2016-12-11,0.41,,
2016-12-12,0.41,,1.34
2016-12-13,0.41,,1.31
2016-12-14,0.41,,1.27
2016-12-15,0.66,,1.31
2016-12-16,0.66,,1.32
2016-12-17,0.66,,
2016-12-18,0.66,,
2016-12-19,0.66,,1.3
2016-12-20,0.66,,1.32
2016-12-21,0.66,,1.34
2016-12-22,0.66,,1.33
2016-12-23,0.66,,1.33
2016-12-24,0.66,,
2016-12-25,0.66,,
2016-12-26,0.66,,
2016-12-27,0.66,,1.29
2016-12-28,0.66,,1.25
2016-12-29,0.66,,1.27
2016-12-30,0.55,,1.25
2016-12-31,0.55,,
2017-01-01,0.55,243.618,
2017-01-02,0.55,,
2017-01-03,0.66,,1.23
2017-01-04,0.66,,1.22
2017-01-05,0.66,,1.2
2017-01-06,0.66,,1.2
2017-01-07,0.66,,
2017-01-08,0.66,,
2017-01-09,0.66,,1.17
2017-01-10,0.66,,1.19
2017-01-11,0.66,,1.18
2017-01-12,0.66,,1.18
2017-01-13,0.66,,1.19
2017-01-14,0.66,,
2017-01-15,0.66,,
2017-01-16,0.66,,
2017-01-17,0.66,,1.16
2017-01-18,0.66,,1.19
2017-01-19,0.66,,1.22
2017-01-20,0.66,,1.28
2017-01-21,0.66,,
2017-01-22,0.66,,
2017-01-23,0.66,,1.25
2017-01-24,0.66,,1.26
2017-01-25,0.66,,1.3
2017-01-26,0.66,,1.3
2017-01-27,0.66,,1.27
2017-01-28,0.66,,
2017-01-29,0.66,,
2017-01-30,0.66,,1.27
2017-01-31,0.56,,1.26
2017-02-01,0.66,244.006,1.26
2017-02-02,0.66,,1.27
2017-02-03,0.66,,1.28
2017-02-04,0.66,,
2017-02-05,0.66,,
2017-02-06,0.66,,1.26
2017-02-07,0.66,,1.24
2017-02-08,0.66,,1.19
2017-02-09,0.66,,1.2
2017-02-10,0.66,,1.21
2017-02-11,0.66,,
2017-02-12,0.66,,
2017-02-13,0.66,,1.23
2017-02-14,0.66,,1.22
2017-02-15,0.66,,1.24
2017-02-16,0.66,,1.23
2017-02-17,0.66,,1.21
2017-02-18,0.66,,
2017-02-19,0.66,,
2017-02-20,0.66,,
2017-02-21,0.66,,1.21
2017-02-22,0.66,,1.2
2017-02-23,0.66,,1.2
2017-02-24,0.66,,1.19
2017-02-25,0.66,,
2017-02-26,0.66,,
2017-02-27,0.66,,1.16
2017-02-28,0.57,,1.14
2017-03-01,0.66,243.892,1.17
2017-03-02,0.66,,1.17
2017-03-03,0.66,,1.17
2017-03-04,0.66,,
2017-03-05,0.66,,
2017-03-06,0.66,,1.18
2017-03-07,0.66,,1.2
2017-03-08,0.66,,1.21
2017-03-09,0.66,,1.23
2017-03-10,0.66,,1.22
2017-03-11,0.66,,
2017-03-12,0.66,,
2017-03-13,0.66,,1.22
2017-03-14,0.66,,1.2
2017-03-15,0.66,,1.18
2017-03-16,0.91,,1.18
2017-03-17,0.91,,1.17
2017-03-18,0.91,,
2017-03-19,0.91,,
2017-03-20,0.91,,1.17
2017-03-21,0.91,,1.16
2017-03-22,0.91,,1.13
2017-03-23,0.91,,1.15
2017-03-24,0.91,,1.14
2017-03-25,0.91,,
2017-03-26,0.91,,
2017-03-27,0.91,,1.11
2017-03-28,0.91,,1.12
2017-03-29,0.91,,1.13
2017-03-30,0.91,,1.14
2017-03-31,0.82,,1.13
2017-04-01,0.82,244.193,
2017-04-02,0.82,,
2017-04-03,0.91,,1.11
2017-04-04,0.91,,1.11
2017-04-05,0.91,,1.1
2017-04-06,0.91,,1.1
2017-04-07,0.91,,1.09
2017-04-08,0.91,,
2017-04-09,0.91,,
2017-04-10,0.91,,1.08
2017-04-11,0.91,,1.08
2017-04-12,0.91,,1.04
2017-04-13,0.91,,1.03
2017-04-14,0.91,,
2017-04-15,0.91,,
2017-04-16,0.91,,
2017-04-17,0.91,,1.05
2017-04-18,0.91,,1.0
2017-04-19,0.91,,1.02
2017-04-20,0.91,,1.03
2017-04-21,0.91,,1.04
2017-04-22,0.91,,
2017-04-23,0.91,,
2017-04-24,0.91,,1.03
2017-04-25,0.91,,1.06
2017-04-26,0.91,,1.04
2017-04-27,0.91,,1.05
2017-04-28,0.83,,1.01
2017-04-29,0.83,,
2017-04-30,0.83,,
2017-05-01,0.91,244.004,1.05
2017-05-02,0.91,,1.02
2017-05-03,0.91,,1.03
2017-05-04,0.91,,1.04
2017-05-05,0.91,,1.04
2017-05-06,0.91,,
2017-05-07,0.91,,
2017-05-08,0.91,,1.06
2017-05-09,0.91,,1.05
2017-05-10,0.91,,1.06
2017-05-11,0.91,,1.04
2017-05-12,0.91,,1.04
2017-05-13,0.91,,
2017-05-14,0.91,,
2017-05-15,0.91,,1.03
2017-05-16,0.91,,1.04
2017-05-17,0.91,,0.96
2017-05-18,0.91,,0.96
2017-05-19,0.91,,0.95
2017-05-20,0.91,,
2017-05-21,0.91,,
2017-05-22,0.91,,0.96
2017-05-23,0.91,,0.98
2017-05-24,0.91,,0.97
2017-05-25,0.91,,0.95
2017-05-26,0.91,,0.95
2017-05-27,0.91,,
2017-05-28,0.91,,
2017-05-29,0.91,,
2017-05-30,0.91,,0.93
2017-05-31,0.83,,0.93
2017-06-01,0.91,244.163,0.93
2017-06-02,0.91,,0.87
2017-06-03,0.91,,
2017-06-04,0.91,,
2017-06-05,0.91,,0.86
2017-06-06,0.91,,0.84
2017-06-07,0.91,,0.86
2017-06-08,0.91,,0.86
2017-06-09,0.91,,0.86
2017-06-10,0.91,,
2017-06-11,0.91,,
2017-06-12,0.91,,0.86
2017-06-13,0.91,,0.83
2017-06-14,0.91,,0.8
2017-06-15,1.16,,0.81
2017-06-16,1.16,,0.84
2017-06-17,1.16,,
2017-06-18,1.16,,
2017-06-19,1.16,,0.83
2017-06-20,1.16,,0.8
2017-06-21,1.16,,0.8
2017-06-22,1.16,,0.81
2017-06-23,1.16,,0.81
2017-06-24,1.16,,
2017-06-25,1.16,,
2017-06-26,1.16,,0.78
2017-06-27,1.16,,0.83
2017-06-28,1.16,,0.88
2017-06-29,1.16,,0.89
2017-06-30,1.06,,0.93
2017-07-01,1.06,244.243,
2017-07-02,1.06,,
2017-07-03,1.16,,0.94
2017-07-04,1.16,,
2017-07-05,1.16,,0.92
2017-07-06,1.16,,0.97
2017-07-07,1.16,,0.99
2017-07-08,1.16,,
2017-07-09,1.16,,
2017-07-10,1.16,,0.98
2017-07-11,1.16,,1.0
2017-07-12,1.16,,0.98
2017-07-13,1.16,,0.98
2017-07-14,1.16,,0.98
2017-07-15,1.16,,
2017-07-16,1.16,,
2017-07-17,1.16,,0.95
2017-07-18,1.16,,0.91
2017-07-19,1.16,,0.9
2017-07-20,1.16,,0.9
2017-07-21,1.16,,0.88
2017-07-22,1.16,,
2017-07-23,1.16,,
2017-07-24,1.16,,0.89
2017-07-25,1.16,,0.93
2017-07-26,1.16,,0.93
2017-07-27,1.16,,0.96
2017-07-28,1.16,,0.96
2017-07-29,1.16,,
2017-07-30,1.16,,
2017-07-31,1.07,,0.96
2017-08-01,1.16,245.183,0.92
2017-08-02,1.16,,0.91
2017-08-03,1.16,,0.9
2017-08-04,1.16,,0.91
2017-08-05,1.16,,
2017-08-06,1.16,,
2017-08-07,1.16,,0.9
2017-08-08,1.16,,0.93
2017-08-09,1.16,,0.91
2017-08-10,1.16,,0.87
2017-08-11,1.16,,0.89
2017-08-12,1.16,,
2017-08-13,1.16,,
2017-08-14,1.16,,0.89
2017-08-15,1.16,,0.92
2017-08-16,1.16,,0.9
2017-08-17,1.16,,0.87
2017-08-18,1.16,,0.86
2017-08-19,1.16,,
2017-08-20,1.16,,
2017-08-21,1.16,,0.86
2017-08-22,1.16,,0.89
2017-08-23,1.16,,0.85
2017-08-24,1.16,,0.86
2017-08-25,1.16,,0.82
2017-08-26,1.16,,
2017-08-27,1.16,,
2017-08-28,1.16,,0.83
2017-08-29,1.16,,0.8
2017-08-30,1.16,,0.82
2017-08-31,1.07,,0.79
2017-09-01,1.16,246.435,0.81
2017-09-02,1.16,,
2017-09-03,1.16,,
2017-09-04,1.16,,
2017-09-05,1.16,,0.77
2017-09-06,1.16,,0.8
2017-09-07,1.16,,0.78
2017-09-08,1.16,,0.79
2017-09-09,1.16,,
2017-09-10,1.16,,
2017-09-11,1.16,,0.82
2017-09-12,1.16,,0.84
2017-09-13,1.16,,0.85
2017-09-14,1.16,,0.83
2017-09-15,1.16,,0.81
2017-09-16,1.16,,
2017-09-17,1.16,,
2017-09-18,1.16,,0.83
2017-09-19,1.16,,0.84
2017-09-20,1.16,,0.83
2017-09-21,1.16,,0.82
2017-09-22,1.16,,0.8
2017-09-23,1.16,,
2017-09-24,1.16,,
2017-09-25,1.16,,0.78
2017-09-26,1.16,,0.79
2017-09-27,1.16,,0.84
2017-09-28,1.16,,0.86
2017-09-29,1.06,,0.86
2017-09-30,1.06,,
2017-10-01,1.06,246.626,
2017-10-02,1.16,,0.85
2017-10-03,1.16,,0.86
2017-10-04,1.16,,0.86
2017-10-05,1.16,,0.86
2017-10-06,1.16,,0.83
2017-10-07,1.16,,
2017-10-08,1.16,,
2017-10-09,1.16,,
2017-10-10,1.16,,0.84
2017-10-11,1.16,,0.84
2017-10-12,1.16,,0.82
2017-10-13,1.16,,0.77
2017-10-14,1.16,,
2017-10-15,1.16,,
2017-10-16,1.16,,0.76
2017-10-17,1.16,,0.76
2017-10-18,1.16,,0.75
2017-10-19,1.16,,0.75
2017-10-20,1.16,,0.79
2017-10-21,1.16,,
2017-10-22,1.16,,
2017-10-23,1.16,,0.8
2017-10-24,1.16,,0.82
2017-10-25,1.16,,0.83
2017-10-26,1.16,,0.83
2017-10-27,1.16,,0.83
2017-10-28,1.16,,
2017-10-29,1.16,,
2017-10-30,1.16,,0.79
2017-10-31,1.07,,0.78
2017-11-01,1.16,247.284,0.76
2017-11-02,1.16,,0.74
2017-11-03,1.16,,0.71
2017-11-04,1.16,,
2017-11-05,1.16,,
2017-11-06,1.16,,0.71
2017-11-07,1.16,,0.69
2017-11-08,1.16,,0.67
2017-11-09,1.16,,0.7
2017-11-10,1.16,,0.73
2017-11-11,1.16,,
2017-11-12,1.16,,
2017-11-13,1.16,,0.7
2017-11-14,1.16,,0.7
2017-11-15,1.16,,0.65
2017-11-16,1.16,,0.65
2017-11-17,1.16,,0.62
2017-11-18,1.16,,
2017-11-19,1.16,,
2017-11-20,1.16,,0.6
2017-11-21,1.16,,0.59
2017-11-22,1.16,,0.58
2017-11-23,1.16,,
2017-11-24,1.16,,0.59
2017-11-25,1.16,,
2017-11-26,1.16,,
2017-11-27,1.16,,0.58
2017-11-28,1.16,,0.59
2017-11-29,1.16,,0.59
2017-11-30,1.07,,0.64
2017-12-01,1.16,247.805,0.59
2017-12-02,1.16,,
2017-12-03,1.16,,
2017-12-04,1.16,,0.57
2017-12-05,1.16,,0.53
2017-12-06,1.16,,0.55
2017-12-07,1.16,,0.57
2017-12-08,1.16,,0.58
2017-12-09,1.16,,
2017-12-10,1.16,,
2017-12-11,1.16,,0.57
2017-12-12,1.17,,0.57
2017-12-13,1.17,,0.57
2017-12-14,1.41,,0.53
2017-12-15,1.41,,0.51
2017-12-16,1.41,,
2017-12-17,1.41,,
2017-12-18,1.42,,0.55
2017-12-19,1.42,,0.59
2017-12-20,1.42,,0.62
2017-12-21,1.42,,0.59
2017-12-22,1.42,,0.57
2017-12-23,1.42,,
2017-12-24,1.42,,
2017-12-25,1.42,,
2017-12-26,1.42,,0.55
2017-12-27,1.42,,0.53
2017-12-28,1.42,,0.52
2017-12-29,1.33,,0.51
2017-12-30,1.33,,
2017-12-31,1.33,,
2018-01-01,1.33,248.859,
2018-01-02,1.42,,0.54
2018-01-03,1.42,,0.5
2018-01-04,1.42,,0.5
2018-01-05,1.42,,0.51
2018-01-06,1.42,,
2018-01-07,1.42,,
2018-01-08,1.42,,0.53
2018-01-09,1.42,,0.57
2018-01-10,1.42,,0.57
2018-01-11,1.42,,0.56
2018-01-12,1.42,,0.56
2018-01-13,1.42,,
2018-01-14,1.42,,
2018-01-15,1.42,,
2018-01-16,1.42,,0.51
2018-01-17,1.42,,0.52
2018-01-18,1.42,,0.57
2018-01-19,1.42,,0.58
2018-01-20,1.42,,
2018-01-21,1.42,,
2018-01-22,1.42,,0.58
2018-01-23,1.42,,0.57
2018-01-24,1.42,,0.57
2018-01-25,1.42,,0.55
2018-01-26,1.42,,0.53
2018-01-27,1.42,,
2018-01-28,1.42,,
2018-01-29,1.42,,0.59
2018-01-30,1.42,,0.6
2018-01-31,1.34,,0.58
2018-02-01,1.42,249.529,0.62
2018-02-02,1.42,,0.69
2018-02-03,1.42,,
2018-02-04,1.42,,
2018-02-05,1.42,,0.69
2018-02-06,1.42,,0.69
2018-02-07,1.42,,0.69
2018-02-08,1.42,,0.72
2018-02-09,1.42,,0.78
2018-02-10,1.42,,
2018-02-11,1.42,,
2018-02-12,1.42,,0.77
2018-02-13,1.42,,0.73
2018-02-14,1.42,,0.74
2018-02-15,1.42,,0.71
2018-02-16,1.42,,0.66
2018-02-17,1.42,,
2018-02-18,1.42,,
2018-02-19,1.42,,
2018-02-20,1.42,,0.63
2018-02-21,1.42,,0.68
2018-02-22,1.42,,0.67
2018-02-23,1.42,,0.63
2018-02-24,1.42,,
2018-02-25,1.42,,
2018-02-26,1.42,,0.64
2018-02-27,1.42,,0.63
2018-02-28,1.35,,0.62
2018-03-01,1.42,249.577,0.59
2018-03-02,1.42,,0.61
2018-03-03,1.42,,
2018-03-04,1.42,,
2018-03-05,1.42,,0.64
2018-03-06,1.42,,0.63
2018-03-07,1.42,,0.64
2018-03-08,1.42,,0.61
2018-03-09,1.42,,0.63
2018-03-10,1.42,,
2018-03-11,1.42,,
2018-03-12,1.42,,0.6
2018-03-13,1.42,,0.58
2018-03-14,1.42,,0.55
2018-03-15,1.43,,0.53
2018-03-16,1.43,,0.54
2018-03-17,1.43,,
2018-03-18,1.43,,
2018-03-19,1.43,,0.54
2018-03-20,1.44,,0.55
2018-03-21,1.44,,0.58
2018-03-22,1.68,,0.54
2018-03-23,1.68,,0.54
2018-03-24,1.68,,
2018-03-25,1.68,,
2018-03-26,1.68,,0.52
2018-03-27,1.68,,0.52
2018-03-28,1.68,,0.49
2018-03-29,1.68,,0.47
2018-03-30,1.67,,
2018-03-31,1.67,,
2018-04-01,1.67,250.227,
2018-04-02,1.68,,0.48
2018-04-03,1.69,,0.51
2018-04-04,1.69,,0.51
2018-04-05,1.69,,0.53
2018-04-06,1.69,,0.5
2018-04-07,1.69,,
2018-04-08,1.69,,
2018-04-09,1.69,,0.49
2018-04-10,1.69,,0.48
2018-04-11,1.69,,0.47
2018-04-12,1.69,,0.49
2018-04-13,1.69,,0.45
2018-04-14,1.69,,
2018-04-15,1.69,,
2018-04-16,1.69,,0.44
2018-04-17,1.69,,0.41
2018-04-18,1.69,,0.45
2018-04-19,1.69,,0.48
2018-04-20,1.7,,0.5
2018-04-21,1.7,,
2018-04-22,1.7,,
2018-04-23,1.7,,0.49
2018-04-24,1.7,,0.52
2018-04-25,1.7,,0.54
2018-04-26,1.7,,0.51
2018-04-27,1.7,,0.47
2018-04-28,1.7,,
2018-04-29,1.7,,
2018-04-30,1.69,,0.46
2018-05-01,1.7,250.792,0.47
2018-05-02,1.7,,0.48
2018-05-03,1.7,,0.45
2018-05-04,1.7,,0.44
2018-05-05,1.7,,
2018-05-06,1.7,,
2018-05-07,1.7,,0.46
2018-05-08,1.7,,0.46
2018-05-09,1.7,,0.46
2018-05-10,1.7,,0.43
2018-05-11,1.7,,0.43
2018-05-12,1.7,,
2018-05-13,1.7,,
2018-05-14,1.7,,0.45
2018-05-15,1.7,,0.5
2018-05-16,1.7,,0.51
2018-05-17,1.7,,0.54
2018-05-18,1.7,,0.51
2018-05-19,1.7,,
2018-05-20,1.7,,
2018-05-21,1.7,,0.48
2018-05-22,1.7,,0.47
2018-05-23,1.7,,0.48
2018-05-24,1.7,,0.48
2018-05-25,1.7,,0.45
2018-05-26,1.7,,
2018-05-27,1.7,,
2018-05-28,1.7,,
2018-05-29,1.7,,0.45
2018-05-30,1.7,,0.42
2018-05-31,1.7,,0.43
2018-06-01,1.7,251.018,0.42
2018-06-02,1.7,,
2018-06-03,1.7,,
2018-06-04,1.7,,0.42
2018-06-05,1.7,,0.43
2018-06-06,1.7,,0.45
2018-06-07,1.7,,0.43
2018-06-08,1.7,,0.43
2018-06-09,1.7,,
2018-06-10,1.7,,
2018-06-11,1.7,,0.44
2018-06-12,1.7,,0.42
2018-06-13,1.7,,0.39
2018-06-14,1.9,,0.35
2018-06-15,1.9,,0.38
2018-06-16,1.9,,
2018-06-17,1.9,,
2018-06-18,1.9,,0.36
2018-06-19,1.91,,0.35
2018-06-20,1.92,,0.37
2018-06-21,1.92,,0.34
2018-06-22,1.92,,0.34
2018-06-23,1.92,,
2018-06-24,1.92,,
2018-06-25,1.92,,0.33
2018-06-26,1.92,,0.35
2018-06-27,1.91,,0.31
2018-06-28,1.91,,0.32
2018-06-29,1.91,,0.33
2018-06-30,1.91,,
2018-07-01,1.91,251.214,
2018-07-02,1.91,,0.3
2018-07-03,1.91,,0.3
2018-07-04,1.91,,
2018-07-05,1.91,,0.29
2018-07-06,1.91,,0.29
2018-07-07,1.91,,
2018-07-08,1.91,,
2018-07-09,1.91,,0.29
2018-07-10,1.91,,0.28
2018-07-11,1.91,,0.27
2018-07-12,1.91,,0.25
2018-07-13,1.91,,0.24
2018-07-14,1.91,,
2018-07-15,1.91,,
2018-07-16,1.91,,0.26
2018-07-17,1.91,,0.24
2018-07-18,1.91,,0.28
2018-07-19,1.91,,0.24
2018-07-20,1.91,,0.29
2018-07-21,1.91,,
2018-07-22,1.91,,
2018-07-23,1.91,,0.32
2018-07-24,1.91,,0.32
2018-07-25,1.91,,0.28
2018-07-26,1.91,,0.29
2018-07-27,1.91,,0.29
2018-07-28,1.91,,
2018-07-29,1.91,,
2018-07-30,1.91,,0.32
2018-07-31,1.91,,0.29
2018-08-01,1.91,251.663,0.33
2018-08-02,1.91,,0.32
2018-08-03,1.91,,0.32
2018-08-04,1.91,,
2018-08-05,1.91,,
2018-08-06,1.91,,0.3
2018-08-07,1.91,,0.3
2018-08-08,1.91,,0.28
2018-08-09,1.91,,0.29
2018-08-10,1.91,,0.26
2018-08-11,1.91,,
2018-08-12,1.91,,
2018-08-13,1.91,,0.27
2018-08-14,1.91,,0.26
2018-08-15,1.91,,0.25
2018-08-16,1.92,,0.24
2018-08-17,1.92,,0.26
2018-08-18,1.92,,
2018-08-19,1.92,,
2018-08-20,1.92,,0.22
2018-08-21,1.92,,0.24
2018-08-22,1.92,,0.22
2018-08-23,1.92,,0.21
2018-08-24,1.92,,0.19
2018-08-25,1.92,,
2018-08-26,1.92,,
2018-08-27,1.92,,0.18
2018-08-28,1.92,,0.21
2018-08-29,1.92,,0.22
2018-08-30,1.92,,0.22
2018-08-31,1.91,,0.24
2018-09-01,1.91,252.182,
2018-09-02,1.91,,
2018-09-03,1.91,,
2018-09-04,1.92,,0.24
2018-09-05,1.92,,0.24
2018-09-06,1.92,,0.24
2018-09-07,1.92,,0.23
2018-09-08,1.92,,
2018-09-09,1.92,,
2018-09-10,1.92,,0.21
2018-09-11,1.92,,0.22
2018-09-12,1.92,,0.23
2018-09-13,1.92,,0.21
2018-09-14,1.92,,0.21
2018-09-15,1.92,,
2018-09-16,1.92,,
2018-09-17,1.92,,0.21
2018-09-18,1.92,,0.24
2018-09-19,1.92,,0.27
2018-09-20,1.92,,0.26
2018-09-21,1.92,,0.26
2018-09-22,1.92,,
2018-09-23,1.92,,
2018-09-24,1.93,,0.25
2018-09-25,1.93,,0.27
2018-09-26,1.93,,0.23
2018-09-27,2.18,,0.23
2018-09-28,2.18,,0.24
2018-09-29,2.18,,
2018-09-30,2.18,,
2018-10-01,2.18,252.772,0.27
2018-10-02,2.18,,0.23
2018-10-03,2.18,,0.3
2018-10-04,2.18,,0.32
2018-10-05,2.18,,0.35
2018-10-06,2.18,,
2018-10-07,2.18,,
2018-10-08,2.18,,
2018-10-09,2.18,,0.33
2018-10-10,2.18,,0.34
2018-10-11,2.18,,0.29
2018-10-12,2.18,,0.3
2018-10-13,2.18,,
2018-10-14,2.18,,
2018-10-15,2.18,,0.31
2018-10-16,2.18,,0.29
2018-10-17,2.19,,0.3
2018-10-18,2.19,,0.3
2018-10-19,2.19,,0.28
2018-10-20,2.19,,
2018-10-21,2.19,,
2018-10-22,2.19,,0.28
2018-10-23,2.2,,0.28
2018-10-24,2.2,,0.26
2018-10-25,2.2,,0.28
2018-10-26,2.2,,0.27
2018-10-27,2.2,,
2018-10-28,2.2,,
2018-10-29,2.2,,0.27
2018-10-30,2.2,,0.28
2018-10-31,2.2,,0.28
2018-11-01,2.2,252.594,0.3
2018-11-02,2.19,,0.31
2018-11-03,2.19,,
2018-11-04,2.19,,
2018-11-05,2.2,,0.29
2018-11-06,2.2,,0.29
2018-11-07,2.2,,0.26
2018-11-08,2.2,,0.26
2018-11-09,2.19,,0.25
2018-11-10,2.19,,
2018-11-11,2.19,,
2018-11-12,2.19,,
2018-11-13,2.2,,0.25
2018-11-14,2.2,,0.26
2018-11-15,2.2,,0.25
2018-11-16,2.2,,0.27
2018-11-17,2.2,,
2018-11-18,2.2,,
2018-11-19,2.2,,0.27
2018-11-20,2.2,,0.27
2018-11-21,2.2,,0.25
2018-11-22,2.2,,
2018-11-23,2.2,,0.24
2018-11-24,2.2,,
2018-11-25,2.2,,
2018-11-26,2.2,,0.23
2018-11-27,2.2,,0.23
2018-11-28,2.2,,0.25
2018-11-29,2.2,,0.22
2018-11-30,2.2,,0.21
2018-12-01,2.2,252.767,
2018-12-02,2.2,,
2018-12-03,2.19,,0.15
2018-12-04,2.2,,0.11
2018-12-05,2.2,,
2018-12-06,2.2,,0.12
2018-12-07,2.19,,0.13
2018-12-08,2.19,,
2018-12-09,2.19,,
2018-12-10,2.2,,0.13
2018-12-11,2.19,,0.11
2018-12-12,2.19,,0.14
2018-12-13,2.19,,0.16
2018-12-14,2.19,,0.16
2018-12-15,2.19,,
2018-12-16,2.19,,
2018-12-17,2.2,,0.16
2018-12-18,2.2,,0.17
2018-12-19,2.2,,0.14
2018-12-20,2.4,,0.12
2018-12-21,2.4,,0.16
2018-12-22,2.4,,
2018-12-23,2.4,,
2018-12-24,2.4,,0.19
2018-12-25,2.4,,
2018-12-26,2.4,,0.2
2018-12-27,2.4,,0.21
2018-12-28,2.4,,0.2
2018-12-29,2.4,,
2018-12-30,2.4,,
2018-12-31,2.4,,0.21
2019-01-01,2.4,252.561,
2019-01-02,2.4,,0.16
2019-01-03,2.4,,0.17
2019-01-04,2.4,,0.17
2019-01-05,2.4,,
2019-01-06,2.4,,
2019-01-07,2.4,,0.17
2019-01-08,2.4,,0.15
2019-01-09,2.4,,0.18
2019-01-10,2.4,,0.18
2019-01-11,2.4,,0.16
2019-01-12,2.4,,
2019-01-13,2.4,,
2019-01-14,2.4,,0.18
2019-01-15,2.4,,0.19
2019-01-16,2.4,,0.18
2019-01-17,2.4,,0.19
2019-01-18,2.4,,0.17
2019-01-19,2.4,,
2019-01-20,2.4,,
2019-01-21,2.4,,
2019-01-22,2.4,,0.16
2019-01-23,2.4,,0.18
2019-01-24,2.4,,0.16
2019-01-25,2.4,,0.16
2019-01-26,2.4,,
2019-01-27,2.4,,
2019-01-28,2.4,,0.15
2019-01-29,2.4,,0.16
2019-01-30,2.4,,0.18
2019-01-31,2.4,,0.18
2019-02-01,2.4,253.319,0.18
2019-02-02,2.4,,
2019-02-03,2.4,,
2019-02-04,2.4,,0.2
2019-02-05,2.4,,0.18
2019-02-06,2.4,,0.18
2019-02-07,2.4,,0.17
2019-02-08,2.4,,0.18
2019-02-09,2.4,,
2019-02-10,2.4,,
2019-02-11,2.4,,0.17
2019-02-12,2.4,,0.18
2019-02-13,2.4,,0.18
2019-02-14,2.4,,0.16
2019-02-15,2.4,,0.14
2019-02-16,2.4,,
2019-02-17,2.4,,
2019-02-18,2.4,,
2019-02-19,2.4,,0.15
2019-02-20,2.4,,0.15
2019-02-21,2.4,,0.16
2019-02-22,2.4,,0.17
2019-02-23,2.4,,
2019-02-24,2.4,,
2019-02-25,2.4,,0.16
2019-02-26,2.4,,0.16
2019-02-27,2.4,,0.19
2019-02-28,2.4,,0.21
2019-03-01,2.4,254.277,0.21
2019-03-02,2.4,,
2019-03-03,2.4,,
2019-03-04,2.4,,0.17
2019-03-05,2.4,,0.17
2019-03-06,2.4,,0.17
2019-03-07,2.4,,0.17
2019-03-08,2.4,,0.17
2019-03-09,2.4,,
2019-03-10,2.4,,
2019-03-11,2.4,,0.17
2019-03-12,2.4,,0.16
2019-03-13,2.4,,0.16
2019-03-14,2.4,,0.17
2019-03-15,2.4,,0.16
2019-03-16,2.4,,
2019-03-17,2.4,,
2019-03-18,2.4,,0.15
2019-03-19,2.4,,0.15
2019-03-20,2.41,,0.14
2019-03-21,2.41,,0.13
2019-03-22,2.41,,0.13
2019-03-23,2.41,,
2019-03-24,2.41,,
2019-03-25,2.4,,0.17
2019-03-26,2.4,,0.17
2019-03-27,2.41,,0.17
2019-03-28,2.41,,0.16
2019-03-29,2.43,,0.14
2019-03-30,2.43,,
2019-03-31,2.43,,
2019-04-01,2.41,255.233,0.16
2019-04-02,2.41,,0.18
2019-04-03,2.41,,0.19
2019-04-04,2.41,,0.18
2019-04-05,2.41,,0.15
2019-04-06,2.41,,
2019-04-07,2.41,,
2019-04-08,2.41,,0.16
2019-04-09,2.41,,0.16
2019-04-10,2.41,,0.17
2019-04-11,2.41,,0.16
2019-04-12,2.41,,0.16
2019-04-13,2.41,,
2019-04-14,2.41,,
2019-04-15,2.41,,0.15
2019-04-16,2.41,,0.19
2019-04-17,2.42,,0.19
2019-04-18,2.43,,0.19
2019-04-19,2.44,,
2019-04-20,2.44,,
2019-04-21,2.44,,
2019-04-22,2.44,,0.21
2019-04-23,2.44,,0.21
2019-04-24,2.44,,0.21
2019-04-25,2.44,,0.21
2019-04-26,2.44,,0.23
2019-04-27,2.44,,
2019-04-28,2.44,,
2019-04-29,2.45,,0.24
2019-04-30,2.45,,0.24
2019-05-01,2.45,255.296,0.21
2019-05-02,2.41,,0.2
2019-05-03,2.4,,0.21
2019-05-04,2.4,,
2019-05-05,2.4,,
2019-05-06,2.4,,0.2
2019-05-07,2.4,,0.17
2019-05-08,2.39,,0.19
2019-05-09,2.38,,0.19
2019-05-10,2.38,,0.21
2019-05-11,2.38,,
2019-05-12,2.38,,
2019-05-13,2.38,,0.22
2019-05-14,2.38,,0.22
2019-05-15,2.4,,0.21
2019-05-16,2.39,,0.2
2019-05-17,2.39,,0.19
2019-05-18,2.39,,
2019-05-19,2.39,,
2019-05-20,2.39,,0.2
2019-05-21,2.39,,0.17
2019-05-22,2.38,,0.16
2019-05-23,2.38,,0.19
2019-05-24,2.38,,0.16
2019-05-25,2.38,,
2019-05-26,2.38,,
2019-05-27,2.38,,
2019-05-28,2.39,,0.14
2019-05-29,2.39,,0.16
2019-05-30,2.39,,0.16
2019-05-31,2.4,,0.19
2019-06-01,2.4,255.213,
2019-06-02,2.4,,
2019-06-03,2.38,,0.25
2019-06-04,2.38,,0.24
2019-06-05,2.38,,0.29
2019-06-06,2.37,,0.24
2019-06-07,2.37,,0.24
2019-06-08,2.37,,
2019-06-09,2.37,,
2019-06-10,2.37,,0.25
2019-06-11,2.37,,0.22
2019-06-12,2.37,,0.25
2019-06-13,2.37,,0.27
2019-06-14,2.36,,0.25
2019-06-15,2.36,,
2019-06-16,2.36,,
2019-06-17,2.38,,0.23
2019-06-18,2.37,,0.2
2019-06-19,2.37,,0.29
2019-06-20,2.37,,0.29
2019-06-21,2.38,,0.3
2019-06-22,2.38,,
2019-06-23,2.38,,
2019-06-24,2.38,,0.3
2019-06-25,2.38,,0.29
2019-06-26,2.38,,0.28
2019-06-27,2.38,,0.27
2019-06-28,2.4,,0.25
2019-06-29,2.4,,
2019-06-30,2.4,,
2019-07-01,2.39,255.802,0.25
2019-07-02,2.4,,0.21
2019-07-03,2.41,,0.19
2019-07-04,2.41,,
2019-07-05,2.42,,0.17
2019-07-06,2.42,,
2019-07-07,2.42,,
2019-07-08,2.41,,0.17
2019-07-09,2.41,,0.15
2019-07-10,2.41,,0.25
2019-07-11,2.4,,0.28
2019-07-12,2.38,,0.28
2019-07-13,2.38,,
2019-07-14,2.38,,
2019-07-15,2.4,,0.26
2019-07-16,2.41,,0.26
2019-07-17,2.41,,0.23
2019-07-18,2.41,,0.27
2019-07-19,2.41,,0.25
2019-07-20,2.41,,
2019-07-21,2.41,,
2019-07-22,2.4,,0.25
2019-07-23,2.4,,0.25
2019-07-24,2.4,,0.22
2019-07-25,2.4,,0.22
2019-07-26,2.4,,0.22
2019-07-27,2.4,,
2019-07-28,2.4,,
2019-07-29,2.4,,0.21
2019-07-30,2.39,,0.21
2019-07-31,2.4,,0.13
2019-08-01,2.14,256.036,0.17
2019-08-02,2.14,,0.14
2019-08-03,2.14,,
2019-08-04,2.14,,
2019-08-05,2.13,,0.16
2019-08-06,2.13,,0.13
2019-08-07,2.12,,0.12
2019-08-08,2.12,,0.1
2019-08-09,2.12,,0.11
2019-08-10,2.12,,
2019-08-11,2.12,,
2019-08-12,2.12,,0.07
2019-08-13,2.12,,0.02
2019-08-14,2.12,,0.01
2019-08-15,2.13,,0.04
2019-08-16,2.13,,0.07
2019-08-17,2.13,,
2019-08-18,2.13,,
2019-08-19,2.13,,0.07
2019-08-20,2.13,,0.05
2019-08-21,2.12,,0.03
2019-08-22,2.12,,0.01
2019-08-23,2.12,,0.01
2019-08-24,2.12,,
2019-08-25,2.12,,
2019-08-26,2.12,,0.0
2019-08-27,2.12,,-0.04
2019-08-28,2.12,,-0.03
2019-08-29,2.12,,-0.03
2019-08-30,2.13,,0.0
2019-08-31,2.13,,
2019-09-01,2.13,256.43,
2019-09-02,2.13,,
2019-09-03,2.13,,0.0
2019-09-04,2.13,,0.04
2019-09-05,2.13,,0.02
2019-09-06,2.12,,0.02
2019-09-07,2.12,,
2019-09-08,2.12,,
2019-09-09,2.13,,0.05
2019-09-10,2.13,,0.05
2019-09-11,2.13,,0.07
2019-09-12,2.13,,0.07
2019-09-13,2.14,,0.11
2019-09-14,2.14,,
2019-09-15,2.14,,
2019-09-16,2.25,,0.1
2019-09-17,2.3,,0.09
2019-09-18,2.25,,0.03
2019-09-19,1.9,,0.05
2019-09-20,1.9,,0.05
2019-09-21,1.9,,
2019-09-22,1.9,,
2019-09-23,1.9,,0.04
2019-09-24,1.9,,0.04
2019-09-25,1.9,,0.05
2019-09-26,1.85,,0.04
2019-09-27,1.83,,0.06
2019-09-28,1.83,,
2019-09-29,1.83,,
2019-09-30,1.9,,0.05
2019-10-01,1.88,257.155,0.09
2019-10-02,1.85,,0.12
2019-10-03,1.83,,0.15
2019-10-04,1.82,,0.12
2019-10-05,1.82,,
2019-10-06,1.82,,
2019-10-07,1.82,,0.1
2019-10-08,1.82,,0.12
2019-10-09,1.82,,0.12
2019-10-10,1.82,,0.14
2019-10-11,1.82,,0.13
2019-10-12,1.82,,
2019-10-13,1.82,,
2019-10-14,1.82,,
2019-10-15,1.9,,0.16
2019-10-16,1.9,,0.17
2019-10-17,1.85,,0.16
2019-10-18,1.85,,0.18
2019-10-19,1.85,,
2019-10-20,1.85,,
2019-10-21,1.85,,0.18
2019-10-22,1.85,,0.18
2019-10-23,1.85,,0.19
2019-10-24,1.85,,0.19
2019-10-25,1.83,,0.17
2019-10-26,1.83,,
2019-10-27,1.83,,
2019-10-28,1.83,,0.21
2019-10-29,1.82,,0.2
2019-10-30,1.82,,0.17
2019-10-31,1.58,,0.17
2019-11-01,1.57,257.879,0.17
2019-11-02,1.57,,
2019-11-03,1.57,,
2019-11-04,1.56,,0.19
2019-11-05,1.56,,0.23
2019-11-06,1.55,,0.2
2019-11-07,1.55,,0.24
2019-11-08,1.55,,0.26
2019-11-09,1.55,,
2019-11-10,1.55,,
2019-11-11,1.55,,
2019-11-12,1.55,,0.26
2019-11-13,1.55,,0.25
2019-11-14,1.55,,0.24
2019-11-15,1.55,,0.23
2019-11-16,1.55,,
2019-11-17,1.55,,
2019-11-18,1.55,,0.21
2019-11-19,1.55,,0.19
2019-11-20,1.55,,0.17
2019-11-21,1.55,,0.17
2019-11-22,1.55,,0.16
2019-11-23,1.55,,
2019-11-24,1.55,,
2019-11-25,1.55,,0.15
2019-11-26,1.55,,0.16
2019-11-27,1.55,,0.14
2019-11-28,1.55,,
2019-11-29,1.56,,0.17
2019-11-30,1.56,,
2019-12-01,1.56,258.63,
2019-12-02,1.56,,0.22
2019-12-03,1.55,,0.19
2019-12-04,1.55,,0.19
2019-12-05,1.55,,0.22
2019-12-06,1.55,,0.23
2019-12-07,1.55,,
2019-12-08,1.55,,
2019-12-09,1.55,,0.2
2019-12-10,1.55,,0.2
2019-12-11,1.55,,0.18
2019-12-12,1.55,,0.24
2019-12-13,1.55,,0.21
2019-12-14,1.55,,
2019-12-15,1.55,,
2019-12-16,1.56,,0.24
2019-12-17,1.55,,0.26
2019-12-18,1.55,,0.29
2019-12-19,1.55,,0.3
2019-12-20,1.55,,0.29
2019-12-21,1.55,,
2019-12-22,1.55,,
2019-12-23,1.55,,0.29
2019-12-24,1.55,,0.28
2019-12-25,1.55,,
2019-12-26,1.55,,0.26
2019-12-27,1.55,,0.29
2019-12-28,1.55,,
2019-12-29,1.55,,
2019-12-30,1.55,,0.32
2019-12-31,1.55,,0.34
2020-01-01,1.55,259.127,
2020-01-02,1.55,,0.3
2020-01-03,1.55,,0.27
2020-01-04,1.55,,
2020-01-05,1.55,,
2020-01-06,1.55,,0.27
2020-01-07,1.55,,0.29
2020-01-08,1.55,,0.29
2020-01-09,1.55,,0.27
2020-01-10,1.54,,0.27
2020-01-11,1.54,,
2020-01-12,1.54,,
2020-01-13,1.54,,0.27
2020-01-14,1.54,,0.24
2020-01-15,1.54,,0.23
2020-01-16,1.54,,0.23
2020-01-17,1.55,,0.26
2020-01-18,1.55,,
2020-01-19,1.55,,
2020-01-20,1.55,,
2020-01-21,1.55,,0.25
2020-01-22,1.55,,0.24
2020-01-23,1.55,,0.23
2020-01-24,1.55,,0.21
2020-01-25,1.55,,
2020-01-26,1.55,,
2020-01-27,1.55,,0.17
2020-01-28,1.55,,0.2
2020-01-29,1.55,,0.18
2020-01-30,1.6,,0.16
2020-01-31,1.59,,0.18
2020-02-01,1.59,259.25,
2020-02-02,1.59,,
2020-02-03,1.59,,0.18
2020-02-04,1.59,,0.2
2020-02-05,1.59,,0.22
2020-02-06,1.59,,0.21
2020-02-07,1.58,,0.18
2020-02-08,1.58,,
2020-02-09,1.58,,
2020-02-10,1.58,,0.19
2020-02-11,1.58,,0.18
2020-02-12,1.58,,0.18
2020-02-13,1.58,,0.17
2020-02-14,1.58,,0.17
2020-02-15,1.58,,
2020-02-16,1.58,,
2020-02-17,1.58,,
2020-02-18,1.59,,0.14
2020-02-19,1.59,,0.14
2020-02-20,1.59,,0.13
2020-02-21,1.58,,0.12
2020-02-22,1.58,,
2020-02-23,1.58,,
2020-02-24,1.58,,0.12
2020-02-25,1.58,,0.13
2020-02-26,1.58,,0.17
2020-02-27,1.58,,0.19
2020-02-28,1.58,,0.27
2020-02-29,1.58,,
2020-03-01,1.58,258.076,
2020-03-02,1.59,,0.26
2020-03-03,1.59,,0.31
2020-03-04,1.09,,0.35
2020-03-05,1.09,,0.33
2020-03-06,1.09,,0.25
2020-03-07,1.09,,
2020-03-08,1.09,,
2020-03-09,1.09,,0.16
2020-03-10,1.09,,0.26
2020-03-11,1.09,,0.32
2020-03-12,1.1,,0.38
2020-03-13,1.1,,0.45
2020-03-14,1.1,,
2020-03-15,1.1,,
2020-03-16,0.25,,0.37
2020-03-17,0.25,,0.55
2020-03-18,0.25,,0.64
2020-03-19,0.2,,0.68
2020-03-20,0.15,,0.55
2020-03-21,0.15,,
2020-03-22,0.15,,
2020-03-23,0.15,,0.48
2020-03-24,0.12,,0.46
2020-03-25,0.1,,0.54
2020-03-26,0.1,,0.53
2020-03-27,0.1,,0.47
2020-03-28,0.1,,
2020-03-29,0.1,,
2020-03-30,0.09,,0.47
2020-03-31,0.08,,0.47
2020-04-01,0.06,256.032,0.39
2020-04-02,0.05,,0.4
2020-04-03,0.05,,0.39
2020-04-04,0.05,,
2020-04-05,0.05,,
2020-04-06,0.05,,0.4
2020-04-07,0.05,,0.47
2020-04-08,0.05,,0.5
2020-04-09,0.05,,0.5
2020-04-10,0.05,,
2020-04-11,0.05,,
2020-04-12,0.05,,
2020-04-13,0.05,,0.51
2020-04-14,0.05,,0.53
2020-04-15,0.05,,0.43
2020-04-16,0.05,,0.41
2020-04-17,0.05,,0.45
2020-04-18,0.05,,
2020-04-19,0.05,,
2020-04-20,0.05,,0.43
2020-04-21,0.05,,0.38
2020-04-22,0.05,,0.41
2020-04-23,0.04,,0.39
2020-04-24,0.05,,0.38
2020-04-25,0.05,,
2020-04-26,0.05,,
2020-04-27,0.04,,0.43
2020-04-28,0.04,,0.42
2020-04-29,0.04,,0.43
2020-04-30,0.05,,0.44
2020-05-01,0.05,255.802,0.44
2020-05-02,0.05,,
2020-05-03,0.05,,
2020-05-04,0.05,,0.45
2020-05-05,0.05,,0.47
2020-05-06,0.05,,0.55
2020-05-07,0.05,,0.5
2020-05-08,0.05,,0.53
2020-05-09,0.05,,
2020-05-10,0.05,,
2020-05-11,0.05,,0.56
2020-05-12,0.05,,0.52
2020-05-13,0.05,,0.48
2020-05-14,0.05,,0.47
2020-05-15,0.05,,0.48
2020-05-16,0.05,,
2020-05-17,0.05,,
2020-05-18,0.05,,0.55
2020-05-19,0.05,,0.53
2020-05-20,0.05,,0.52
2020-05-21,0.05,,0.51
2020-05-22,0.05,,0.49
2020-05-23,0.05,,
2020-05-24,0.05,,
2020-05-25,0.05,,
2020-05-26,0.05,,0.51
2020-05-27,0.05,,0.49
2020-05-28,0.05,,0.53
2020-05-29,0.05,,0.49
2020-05-30,0.05,,
2020-05-31,0.05,,
2020-06-01,0.05,257.042,0.52
2020-06-02,0.06,,0.51
2020-06-03,0.06,,0.58
2020-06-04,0.06,,0.63
2020-06-05,0.07,,0.69
2020-06-06,0.07,,
2020-06-07,0.07,,
2020-06-08,0.07,,0.66
2020-06-09,0.07,,0.64
2020-06-10,0.08,,0.58
2020-06-11,0.08,,0.47
2020-06-12,0.08,,0.52
2020-06-13,0.08,,
2020-06-14,0.08,,
2020-06-15,0.09,,0.52
2020-06-16,0.09,,0.54
2020-06-17,0.09,,0.55
2020-06-18,0.09,,0.52
2020-06-19,0.09,,0.51
2020-06-20,0.09,,
2020-06-21,0.09,,
2020-06-22,0.08,,0.52
2020-06-23,0.08,,0.54
2020-06-24,0.08,,0.5
2020-06-25,0.08,,0.51
2020-06-26,0.08,,0.47
2020-06-27,0.08,,
2020-06-28,0.08,,
2020-06-29,0.08,,0.48
2020-06-30,0.08,,0.5
2020-07-01,0.08,258.352,0.52
2020-07-02,0.09,,0.52
2020-07-03,0.09,,
2020-07-04,0.09,,
2020-07-05,0.09,,
2020-07-06,0.09,,0.53
2020-07-07,0.09,,0.49
2020-07-08,0.09,,0.51
2020-07-09,0.09,,0.46
2020-07-10,0.09,,0.49
2020-07-11,0.09,,
2020-07-12,0.09,,
2020-07-13,0.09,,0.48
2020-07-14,0.09,,0.49
2020-07-15,0.1,,0.48
2020-07-16,0.1,,0.46
2020-07-17,0.09,,0.5
2020-07-18,0.09,,
2020-07-19,0.09,,
2020-07-20,0.1,,0.46
2020-07-21,0.1,,0.47
2020-07-22,0.09,,0.46
2020-07-23,0.09,,0.43
2020-07-24,0.09,,0.45
2020-07-25,0.09,,
2020-07-26,0.09,,
2020-07-27,0.1,,0.47
2020-07-28,0.1,,0.45
2020-07-29,0.1,,0.46
2020-07-30,0.1,,0.44
2020-07-31,0.1,,0.44
2020-08-01,0.1,259.316,
2020-08-02,0.1,,
2020-08-03,0.1,,0.45
2020-08-04,0.1,,0.41
2020-08-05,0.1,,0.44
2020-08-06,0.1,,0.44
2020-08-07,0.1,,0.44
2020-08-08,0.1,,
2020-08-09,0.1,,
2020-08-10,0.1,,0.45
2020-08-11,0.1,,0.48
2020-08-12,0.1,,0.53
2020-08-13,0.1,,0.55
2020-08-14,0.1,,0.57
2020-08-15,0.1,,
2020-08-16,0.1,,
2020-08-17,0.1,,0.55
2020-08-18,0.09,,0.53
2020-08-19,0.09,,0.54
2020-08-20,0.09,,0.52
2020-08-21,0.09,,0.48
2020-08-22,0.09,,
2020-08-23,0.09,,
2020-08-24,0.09,,0.51
2020-08-25,0.09,,0.54
2020-08-26,0.09,,0.53
2020-08-27,0.08,,0.58
2020-08-28,0.09,,0.6
2020-08-29,0.09,,
2020-08-30,0.09,,
2020-08-31,0.09,,0.58
2020-09-01,0.09,259.997,0.55
2020-09-02,0.09,,0.52
2020-09-03,0.09,,0.5
2020-09-04,0.09,,0.58
2020-09-05,0.09,,
2020-09-06,0.09,,
2020-09-07,0.09,,
2020-09-08,0.09,,0.55
2020-09-09,0.09,,0.57
2020-09-10,0.09,,0.54
2020-09-11,0.09,,0.54
2020-09-12,0.09,,
2020-09-13,0.09,,
2020-09-14,0.09,,0.54
2020-09-15,0.09,,0.54
2020-09-16,0.09,,0.55
2020-09-17,0.09,,0.56
2020-09-18,0.09,,0.56
2020-09-19,0.09,,
2020-09-20,0.09,,
2020-09-21,0.09,,0.54
2020-09-22,0.09,,0.55
2020-09-23,0.09,,0.54
2020-09-24,0.09,,0.53
2020-09-25,0.09,,0.54
2020-09-26,0.09,,
2020-09-27,0.09,,
2020-09-28,0.09,,0.53
2020-09-29,0.09,,0.55
2020-09-30,0.09,,0.56
2020-10-01,0.09,260.319,0.54
2020-10-02,0.09,,0.57
2020-10-03,0.09,,
2020-10-04,0.09,,
2020-10-05,0.09,,0.64
2020-10-06,0.09,,0.62
2020-10-07,0.09,,0.65
2020-10-08,0.09,,0.65
2020-10-09,0.09,,0.63
2020-10-10,0.09,,
2020-10-11,0.09,,
2020-10-12,0.09,,
2020-10-13,0.09,,0.58
2020-10-14,0.09,,0.59
2020-10-15,0.09,,0.6
2020-10-16,0.09,,0.62
2020-10-17,0.09,,
2020-10-18,0.09,,
2020-10-19,0.09,,0.62
2020-10-20,0.09,,0.67
2020-10-21,0.09,,0.69
2020-10-22,0.09,,0.71
2020-10-23,0.09,,0.67
2020-10-24,0.09,,
2020-10-25,0.09,,
2020-10-26,0.09,,0.65
2020-10-27,0.09,,0.63
2020-10-28,0.09,,0.63
2020-10-29,0.09,,0.69
2020-10-30,0.09,,0.74
2020-10-31,0.09,,
2020-11-01,0.09,260.911,
2020-11-02,0.09,,0.71
2020-11-03,0.09,,0.73
2020-11-04,0.09,,0.64
2020-11-05,0.09,,0.65
2020-11-06,0.09,,0.67
2020-11-07,0.09,,
2020-11-08,0.09,,
2020-11-09,0.09,,0.79
2020-11-10,0.09,,0.79
2020-11-11,0.09,,
2020-11-12,0.09,,0.71
2020-11-13,0.09,,0.72
2020-11-14,0.09,,
2020-11-15,0.09,,
2020-11-16,0.09,,0.72
2020-11-17,0.09,,0.69
2020-11-18,0.09,,0.72
2020-11-19,0.08,,0.68
2020-11-20,0.08,,0.67
2020-11-21,0.08,,
2020-11-22,0.08,,
2020-11-23,0.08,,0.7
2020-11-24,0.08,,0.72
2020-11-25,0.08,,0.71
2020-11-26,0.08,,
2020-11-27,0.08,,0.68
2020-11-28,0.08,,
2020-11-29,0.08,,
2020-11-30,0.09,,0.68
2020-12-01,0.09,262.045,0.75
2020-12-02,0.09,,0.79
2020-12-03,0.09,,0.76
2020-12-04,0.09,,0.81
2020-12-05,0.09,,
2020-12-06,0.09,,
2020-12-07,0.09,,0.8
2020-12-08,0.09,,0.78
2020-12-09,0.09,,0.79
2020-12-10,0.09,,0.78
2020-12-11,0.09,,0.79
2020-12-12,0.09,,
2020-12-13,0.09,,
2020-12-14,0.09,,0.77
2020-12-15,0.09,,0.81
2020-12-16,0.09,,0.79
2020-12-17,0.09,,0.81
2020-12-18,0.09,,0.82
2020-12-19,0.09,,
2020-12-20,0.09,,
2020-12-21,0.09,,0.82
2020-12-22,0.09,,0.8
2020-12-23,0.09,,0.83
2020-12-24,0.09,,0.81
2020-12-25,0.09,,
2020-12-26,0.09,,
2020-12-27,0.09,,
2020-12-28,0.09,,0.81
2020-12-29,0.09,,0.82
2020-12-30,0.09,,0.81
2020-12-31,0.09,,0.8
2021-01-01,0.09,262.687,
2021-01-02,0.09,,
2021-01-03,0.09,,
2021-01-04,0.09,,0.82
2021-01-05,0.09,,0.83
2021-01-06,0.09,,0.9
2021-01-07,0.09,,0.94
2021-01-08,0.09,,0.99
2021-01-09,0.09,,
2021-01-10,0.09,,
2021-01-11,0.09,,1.01
2021-01-12,0.09,,1.01
2021-01-13,0.09,,0.96
2021-01-14,0.09,,0.99
2021-01-15,0.09,,0.98
2021-01-16,0.09,,
2021-01-17,0.09,,
2021-01-18,0.09,,
2021-01-19,0.09,,0.96
2021-01-20,0.09,,0.97
2021-01-21,0.08,,0.99
2021-01-22,0.08,,0.97
2021-01-23,0.08,,
2021-01-24,0.08,,
2021-01-25,0.08,,0.92
2021-01-26,0.08,,0.94
2021-01-27,0.08,,0.92
2021-01-28,0.07,,0.95
2021-01-29,0.07,,1.0
2021-01-30,0.07,,
2021-01-31,0.07,,
2021-02-01,0.08,263.579,0.98
2021-02-02,0.08,,1.01
2021-02-03,0.08,,1.04
2021-02-04,0.08,,1.04
2021-02-05,0.08,,1.1
2021-02-06,0.08,,
2021-02-07,0.08,,
2021-02-08,0.07,,1.08
2021-02-09,0.08,,1.07
2021-02-10,0.08,,1.04
2021-02-11,0.08,,1.05
2021-02-12,0.08,,1.09
2021-02-13,0.08,,
2021-02-14,0.08,,
2021-02-15,0.08,,
2021-02-16,0.08,,1.17
2021-02-17,0.08,,1.18
2021-02-18,0.07,,1.18
2021-02-19,0.07,,1.23
2021-02-20,0.07,,
2021-02-21,0.07,,
2021-02-22,0.07,,1.26
2021-02-23,0.07,,1.26
2021-02-24,0.07,,1.26
2021-02-25,0.07,,1.37
2021-02-26,0.07,,1.3
2021-02-27,0.07,,
2021-02-28,0.07,,
2021-03-01,0.07,264.961,1.32
2021-03-02,0.07,,1.29
2021-03-03,0.07,,1.33
2021-03-04,0.07,,1.4
2021-03-05,0.07,,1.42
2021-03-06,0.07,,
2021-03-07,0.07,,
2021-03-08,0.07,,1.42
2021-03-09,0.07,,1.38
2021-03-10,0.07,,1.37
2021-03-11,0.07,,1.4
2021-03-12,0.07,,1.5
2021-03-13,0.07,,
2021-03-14,0.07,,
2021-03-15,0.07,,1.48
2021-03-16,0.07,,1.47
2021-03-17,0.07,,1.5
2021-03-18,0.07,,1.55
2021-03-19,0.07,,1.58
2021-03-20,0.07,,
2021-03-21,0.07,,
2021-03-22,0.07,,1.54
2021-03-23,0.07,,1.48
2021-03-24,0.07,,1.48
2021-03-25,0.07,,1.49
2021-03-26,0.07,,1.53
2021-03-27,0.07,,
2021-03-28,0.07,,
2021-03-29,0.07,,1.59
2021-03-30,0.07,,1.57
2021-03-31,0.06,,1.58
2021-04-01,0.07,266.614,1.52
2021-04-02,0.07,,1.53
2021-04-03,0.07,,
2021-04-04,0.07,,
2021-04-05,0.07,,1.56
2021-04-06,0.07,,1.51
2021-04-07,0.07,,1.52
2021-04-08,0.07,,1.5
2021-04-09,0.07,,1.51
2021-04-10,0.07,,
2021-04-11,0.07,,
2021-04-12,0.07,,1.51
2021-04-13,0.07,,1.48
2021-04-14,0.07,,1.48
2021-04-15,0.07,,1.4
2021-04-16,0.07,,1.43
2021-04-17,0.07,,
2021-04-18,0.07,,
2021-04-19,0.07,,1.45
2021-04-20,0.07,,1.43
2021-04-21,0.07,,1.42
2021-04-22,0.07,,1.41
2021-04-23,0.07,,1.42
2021-04-24,0.07,,
2021-04-25,0.07,,
2021-04-26,0.07,,1.4
2021-04-27,0.07,,1.46
2021-04-28,0.07,,1.46
2021-04-29,0.06,,1.49
2021-04-30,0.05,,1.49
2021-05-01,0.05,268.383,
2021-05-02,0.05,,
2021-05-03,0.06,,1.47
2021-05-04,0.06,,1.45
2021-05-05,0.06,,1.43
2021-05-06,0.06,,1.42
2021-05-07,0.06,,1.46
2021-05-08,0.06,,
2021-05-09,0.06,,
2021-05-10,0.06,,1.47
2021-05-11,0.06,,1.48
2021-05-12,0.06,,1.53
2021-05-13,0.06,,1.5
2021-05-14,0.06,,1.47
2021-05-15,0.06,,
2021-05-16,0.06,,
2021-05-17,0.06,,1.48
2021-05-18,0.06,,1.48
2021-05-19,0.06,,1.52
2021-05-20,0.06,,1.48
2021-05-21,0.06,,1.46
2021-05-22,0.06,,
2021-05-23,0.06,,
2021-05-24,0.06,,1.46
2021-05-25,0.06,,1.41
2021-05-26,0.06,,1.44
2021-05-27,0.06,,1.47
2021-05-28,0.05,,1.44
2021-05-29,0.05,,
2021-05-30,0.05,,
2021-05-31,0.05,,
2021-06-01,0.06,270.654,1.46
2021-06-02,0.06,,1.46
2021-06-03,0.06,,1.47
2021-06-04,0.06,,1.42
2021-06-05,0.06,,
2021-06-06,0.06,,
2021-06-07,0.06,,1.41
2021-06-08,0.06,,1.39
2021-06-09,0.06,,1.34
2021-06-10,0.06,,1.31
2021-06-11,0.06,,1.31
2021-06-12,0.06,,
2021-06-13,0.06,,
2021-06-14,0.06,,1.35
2021-06-15,0.06,,1.35
2021-06-16,0.06,,1.36
2021-06-17,0.1,,1.29
2021-06-18,0.1,,1.19
2021-06-19,0.1,,
2021-06-20,0.1,,
2021-06-21,0.1,,1.23
2021-06-22,0.1,,1.23
2021-06-23,0.1,,1.24
2021-06-24,0.1,,1.23
2021-06-25,0.1,,1.26
2021-06-26,0.1,,
2021-06-27,0.1,,
2021-06-28,0.1,,1.24
2021-06-29,0.1,,1.22
2021-06-30,0.08,,1.2
2021-07-01,0.1,271.903,1.23
2021-07-02,0.1,,1.2
2021-07-03,0.1,,
2021-07-04,0.1,,
2021-07-05,0.1,,
2021-07-06,0.1,,1.15
2021-07-07,0.1,,1.11
2021-07-08,0.1,,1.11
2021-07-09,0.1,,1.14
2021-07-10,0.1,,
2021-07-11,0.1,,
2021-07-12,0.1,,1.15
2021-07-13,0.1,,1.16
2021-07-14,0.1,,1.14
2021-07-15,0.1,,1.08
2021-07-16,0.1,,1.06
2021-07-17,0.1,,
2021-07-18,0.1,,
2021-07-19,0.1,,0.98
2021-07-20,0.1,,1.03
2021-07-21,0.1,,1.08
2021-07-22,0.1,,1.07
2021-07-23,0.1,,1.08
2021-07-24,0.1,,
2021-07-25,0.1,,
2021-07-26,0.1,,1.07
2021-07-27,0.1,,1.05
2021-07-28,0.1,,1.06
2021-07-29,0.1,,1.08
2021-07-30,0.07,,1.05
2021-07-31,0.07,,
2021-08-01,0.07,272.676,
2021-08-02,0.1,,1.03
2021-08-03,0.1,,1.02
2021-08-04,0.1,,1.02
2021-08-05,0.1,,1.02
2021-08-06,0.1,,1.1
2021-08-07,0.1,,
2021-08-08,0.1,,
2021-08-09,0.1,,1.1
2021-08-10,0.1,,1.12
2021-08-11,0.1,,1.12
2021-08-12,0.1,,1.13
2021-08-13,0.1,,1.06
2021-08-14,0.1,,
2021-08-15,0.1,,
2021-08-16,0.1,,1.05
2021-08-17,0.1,,1.03
2021-08-18,0.09,,1.04
2021-08-19,0.09,,1.02
2021-08-20,0.09,,1.03
2021-08-21,0.09,,
2021-08-22,0.09,,
2021-08-23,0.09,,1.02
2021-08-24,0.09,,1.05
2021-08-25,0.09,,1.12
2021-08-26,0.09,,1.09
2021-08-27,0.08,,1.09
2021-08-28,0.08,,
2021-08-29,0.08,,
2021-08-30,0.08,,1.09
2021-08-31,0.06,,1.1
2021-09-01,0.08,273.91,1.11
2021-09-02,0.08,,1.09
2021-09-03,0.08,,1.12
2021-09-04,0.08,,
2021-09-05,0.08,,
2021-09-06,0.08,,
2021-09-07,0.08,,1.16
2021-09-08,0.08,,1.13
2021-09-09,0.08,,1.07
2021-09-10,0.08,,1.12
2021-09-11,0.08,,
2021-09-12,0.08,,
2021-09-13,0.08,,1.12
2021-09-14,0.08,,1.07
2021-09-15,0.08,,1.1
2021-09-16,0.08,,1.11
2021-09-17,0.08,,1.14
2021-09-18,0.08,,
2021-09-19,0.08,,
2021-09-20,0.08,,1.08
2021-09-21,0.08,,1.11
2021-09-22,0.08,,1.07
2021-09-23,0.08,,1.14
2021-09-24,0.08,,1.18
2021-09-25,0.08,,
2021-09-26,0.08,,
2021-09-27,0.08,,1.17
2021-09-28,0.08,,1.23
2021-09-29,0.08,,1.25
2021-09-30,0.06,,1.24
2021-10-01,0.08,276.55,1.21
2021-10-02,0.08,,
2021-10-03,0.08,,
2021-10-04,0.08,,1.22
2021-10-05,0.08,,1.26
2021-10-06,0.08,,1.23
2021-10-07,0.08,,1.26
2021-10-08,0.08,,1.29
2021-10-09,0.08,,
2021-10-10,0.08,,
2021-10-11,0.08,,
2021-10-12,0.08,,1.24
2021-10-13,0.08,,1.19
2021-10-14,0.08,,1.16
2021-10-15,0.08,,1.18
2021-10-16,0.08,,
2021-10-17,0.08,,
2021-10-18,0.08,,1.15
2021-10-19,0.08,,1.24
2021-10-20,0.08,,1.25
2021-10-21,0.08,,1.23
2021-10-22,0.08,,1.18
2021-10-23,0.08,,
2021-10-24,0.08,,
2021-10-25,0.08,,1.17
2021-10-26,0.08,,1.16
2021-10-27,0.08,,1.04
2021-10-28,0.08,,1.07
2021-10-29,0.07,,1.07
2021-10-30,0.07,,
2021-10-31,0.07,,
2021-11-01,0.08,278.919,1.08
2021-11-02,0.08,,1.1
2021-11-03,0.08,,1.13
2021-11-04,0.08,,1.12
2021-11-05,0.08,,1.06
2021-11-06,0.08,,
2021-11-07,0.08,,
2021-11-08,0.08,,1.06
2021-11-09,0.08,,1.05
2021-11-10,0.08,,1.05
2021-11-11,0.08,,
2021-11-12,0.08,,1.05
2021-11-13,0.08,,
2021-11-14,0.08,,
2021-11-15,0.08,,1.1
2021-11-16,0.08,,1.09
2021-11-17,0.08,,1.08
2021-11-18,0.08,,1.07
2021-11-19,0.08,,1.02
2021-11-20,0.08,,
2021-11-21,0.08,,
2021-11-22,0.08,,1.0
2021-11-23,0.08,,1.07
2021-11-24,0.08,,1.0
2021-11-25,0.08,,
2021-11-26,0.08,,0.98
2021-11-27,0.08,,
2021-11-28,0.08,,
2021-11-29,0.08,,1.01
2021-11-30,0.07,,0.91
2021-12-01,0.08,280.845,0.87
2021-12-02,0.08,,0.81
2021-12-03,0.08,,0.75
2021-12-04,0.08,,
2021-12-05,0.08,,
2021-12-06,0.08,,0.78
2021-12-07,0.08,,0.78
2021-12-08,0.08,,0.84
2021-12-09,0.08,,0.79
2021-12-10,0.08,,0.81
2021-12-11,0.08,,
2021-12-12,0.08,,
2021-12-13,0.08,,0.76
2021-12-14,0.08,,0.77
2021-12-15,0.08,,0.78
2021-12-16,0.08,,0.8
2021-12-17,0.08,,0.75
2021-12-18,0.08,,
2021-12-19,0.08,,
2021-12-20,0.08,,0.78
2021-12-21,0.08,,0.78
2021-12-22,0.08,,0.78
2021-12-23,0.08,,0.79
2021-12-24,0.08,,
2021-12-25,0.08,,
2021-12-26,0.08,,
2021-12-27,0.08,,0.72
2021-12-28,0.08,,0.75
2021-12-29,0.08,,0.8
2021-12-30,0.08,,0.79
2021-12-31,0.07,,0.79
2022-01-01,0.07,282.543,
2022-01-02,0.07,,
2022-01-03,0.08,,0.85
2022-01-04,0.08,,0.89
2022-01-05,0.08,,0.88
2022-01-06,0.08,,0.85
2022-01-07,0.08,,0.89
2022-01-08,0.08,,
2022-01-09,0.08,,
2022-01-10,0.08,,0.86
2022-01-11,0.08,,0.85
2022-01-12,0.08,,0.82
2022-01-13,0.08,,0.79
2022-01-14,0.08,,0.79
2022-01-15,0.08,,
2022-01-16,0.08,,
2022-01-17,0.08,,
2022-01-18,0.08,,0.81
2022-01-19,0.08,,0.79
2022-01-20,0.08,,0.75
2022-01-21,0.08,,0.74
2022-01-22,0.08,,
2022-01-23,0.08,,
2022-01-24,0.08,,0.76
2022-01-25,0.08,,0.76
2022-01-26,0.08,,0.72
2022-01-27,0.08,,0.63
2022-01-28,0.08,,0.63
2022-01-29,0.08,,
2022-01-30,0.08,,
2022-01-31,0.08,,0.61
2022-02-01,0.08,284.5,0.63
2022-02-02,0.08,,0.62
2022-02-03,0.08,,0.63
2022-02-04,0.08,,0.62
2022-02-05,0.08,,
2022-02-06,0.08,,
2022-02-07,0.08,,0.62
2022-02-08,0.08,,0.61
2022-02-09,0.08,,0.58
2022-02-10,0.08,,0.42
2022-02-11,0.08,,0.42
2022-02-12,0.08,,
2022-02-13,0.08,,
2022-02-14,0.08,,0.4
2022-02-15,0.08,,0.47
2022-02-16,0.08,,0.51
2022-02-17,0.08,,0.48
2022-02-18,0.08,,0.45
2022-02-19,0.08,,
2022-02-20,0.08,,
2022-02-21,0.08,,
2022-02-22,0.08,,0.38
2022-02-23,0.08,,0.41
2022-02-24,0.08,,0.42
2022-02-25,0.08,,0.42
2022-02-26,0.08,,
2022-02-27,0.08,,
2022-02-28,0.08,,0.39
2022-03-01,0.08,287.674,0.41
2022-03-02,0.08,,0.36
2022-03-03,0.08,,0.33
2022-03-04,0.08,,0.24
2022-03-05,0.08,,
2022-03-06,0.08,,
2022-03-07,0.08,,0.23
2022-03-08,0.08,,0.23
2022-03-09,0.08,,0.26
2022-03-10,0.08,,0.26
2022-03-11,0.08,,0.25
2022-03-12,0.08,,
2022-03-13,0.08,,
2022-03-14,0.08,,0.27
2022-03-15,0.08,,0.3
2022-03-16,0.08,,0.24
2022-03-17,0.33,,0.26
2022-03-18,0.33,,0.17
2022-03-19,0.33,,
2022-03-20,0.33,,
2022-03-21,0.33,,0.18
2022-03-22,0.33,,0.2
2022-03-23,0.33,,0.19
2022-03-24,0.33,,0.21
2022-03-25,0.33,,0.18
2022-03-26,0.33,,
2022-03-27,0.33,,
2022-03-28,0.33,,0.11
2022-03-29,0.33,,0.06
2022-03-30,0.33,,0.04
2022-03-31,0.33,,0.04
2022-04-01,0.33,288.561,-0.05
2022-04-02,0.33,,
2022-04-03,0.33,,
2022-04-04,0.33,,-0.01
2022-04-05,0.33,,0.03
2022-04-06,0.33,,0.11
2022-04-07,0.33,,0.19
2022-04-08,0.33,,0.19
2022-04-09,0.33,,
2022-04-10,0.33,,
2022-04-11,0.33,,0.29
2022-04-12,0.33,,0.33
2022-04-13,0.33,,0.33
2022-04-14,0.33,,0.36
2022-04-15,0.33,,
2022-04-16,0.33,,
2022-04-17,0.33,,
2022-04-18,0.33,,0.39
2022-04-19,0.33,,0.32
2022-04-20,0.33,,0.25
2022-04-21,0.33,,0.22
2022-04-22,0.33,,0.18
2022-04-23,0.33,,
2022-04-24,0.33,,
2022-04-25,0.33,,0.18
2022-04-26,0.33,,0.23
2022-04-27,0.33,,0.24
2022-04-28,0.33,,0.22
2022-04-29,0.33,,0.19
2022-04-30,0.33,,
2022-05-01,0.33,291.298,
2022-05-02,0.33,,0.26
2022-05-03,0.33,,0.19
2022-05-04,0.33,,0.27
2022-05-05,0.83,,0.34
2022-05-06,0.83,,0.4
2022-05-07,0.83,,
2022-05-08,0.83,,
2022-05-09,0.83,,0.44
2022-05-10,0.83,,0.37
2022-05-11,0.83,,0.25
2022-05-12,0.83,,0.28
2022-05-13,0.83,,0.32
2022-05-14,0.83,,
2022-05-15,0.83,,
2022-05-16,0.83,,0.3
2022-05-17,0.83,,0.27
2022-05-18,0.83,,0.21
2022-05-19,0.83,,0.21
2022-05-20,0.83,,0.18
2022-05-21,0.83,,
2022-05-22,0.83,,
2022-05-23,0.83,,0.21
2022-05-24,0.83,,0.26
2022-05-25,0.83,,0.27
2022-05-26,0.83,,0.29
2022-05-27,0.83,,0.27
2022-05-28,0.83,,
2022-05-29,0.83,,
2022-05-30,0.83,,
2022-05-31,0.83,,0.32
2022-06-01,0.83,294.957,0.28
2022-06-02,0.83,,0.27
2022-06-03,0.83,,0.3
2022-06-04,0.83,,
2022-06-05,0.83,,
2022-06-06,0.83,,0.31
2022-06-07,0.83,,0.23
2022-06-08,0.83,,0.25
2022-06-09,0.83,,0.21
2022-06-10,0.83,,0.09
2022-06-11,0.83,,
2022-06-12,0.83,,
2022-06-13,0.83,,0.03
2022-06-14,0.83,,0.04
2022-06-15,0.83,,0.13
2022-06-16,1.58,,0.14
2022-06-17,1.58,,0.08
2022-06-18,1.58,,
2022-06-19,1.58,,
2022-06-20,1.58,,
2022-06-21,1.58,,0.1
2022-06-22,1.58,,0.1
2022-06-23,1.58,,0.08
2022-06-24,1.58,,0.09
2022-06-25,1.58,,
2022-06-26,1.58,,
2022-06-27,1.58,,0.12
2022-06-28,1.58,,0.1
2022-06-29,1.58,,0.04
2022-06-30,1.58,,0.06
2022-07-01,1.58,294.913,0.04
2022-07-02,1.58,,
2022-07-03,1.58,,
2022-07-04,1.58,,
2022-07-05,1.58,,0.0
2022-07-06,1.58,,-0.04
2022-07-07,1.58,,-0.02
2022-07-08,1.58,,-0.03
2022-07-09,1.58,,
2022-07-10,1.58,,
2022-07-11,1.58,,-0.08
2022-07-12,1.58,,-0.07
2022-07-13,1.58,,-0.22
2022-07-14,1.58,,-0.19
2022-07-15,1.58,,-0.2
2022-07-16,1.58,,
2022-07-17,1.58,,
2022-07-18,1.58,,-0.19
2022-07-19,1.58,,-0.22
2022-07-20,1.58,,-0.21
2022-07-21,1.58,,-0.19
2022-07-22,1.58,,-0.21
2022-07-23,1.58,,
2022-07-24,1.58,,
2022-07-25,1.58,,-0.19
2022-07-26,1.58,,-0.21
2022-07-27,1.58,,-0.18
2022-07-28,2.33,,-0.17
2022-07-29,2.32,,-0.22
2022-07-30,2.32,,
2022-07-31,2.32,,
2022-08-01,2.33,295.097,-0.3
2022-08-02,2.33,,-0.31
2022-08-03,2.33,,-0.37
2022-08-04,2.33,,-0.35
2022-08-05,2.33,,-0.41
2022-08-06,2.33,,
2022-08-07,2.33,,
2022-08-08,2.33,,-0.44
2022-08-09,2.33,,-0.48
2022-08-10,2.33,,-0.45
2022-08-11,2.33,,-0.36
2022-08-12,2.33,,-0.41
2022-08-13,2.33,,
2022-08-14,2.33,,
2022-08-15,2.33,,-0.41
2022-08-16,2.33,,-0.43
2022-08-17,2.33,,-0.39
2022-08-18,2.33,,-0.34
2022-08-19,2.33,,-0.27
2022-08-20,2.33,,
2022-08-21,2.33,,
2022-08-22,2.33,,-0.29
2022-08-23,2.33,,-0.24
2022-08-24,2.33,,-0.25
2022-08-25,2.33,,-0.32
2022-08-26,2.33,,-0.33
2022-08-27,2.33,,
2022-08-28,2.33,,
2022-08-29,2.33,,-0.3
2022-08-30,2.33,,-0.35
2022-08-31,2.33,,-0.3
2022-09-01,2.33,296.349,-0.25
2022-09-02,2.33,,-0.2
2022-09-03,2.33,,
2022-09-04,2.33,,
2022-09-05,2.33,,
2022-09-06,2.33,,-0.17
2022-09-07,2.33,,-0.18
2022-09-08,2.33,,-0.19
2022-09-09,2.33,,-0.23
2022-09-10,2.33,,
2022-09-11,2.33,,
2022-09-12,2.33,,-0.21
2022-09-13,2.33,,-0.33
2022-09-14,2.33,,-0.37
2022-09-15,2.33,,-0.42
2022-09-16,2.33,,-0.4
2022-09-17,2.33,,
2022-09-18,2.33,,
2022-09-19,2.33,,-0.46
2022-09-20,2.33,,-0.39
2022-09-21,2.33,,-0.51
2022-09-22,3.08,,-0.41
2022-09-23,3.08,,-0.51
2022-09-24,3.08,,
2022-09-25,3.08,,
2022-09-26,3.08,,-0.39
2022-09-27,3.08,,-0.33
2022-09-28,3.08,,-0.35
2022-09-29,3.08,,-0.4
2022-09-30,3.08,,-0.39
2022-10-01,3.08,298.007,
2022-10-02,3.08,,
2022-10-03,3.08,,-0.45
2022-10-04,3.08,,-0.48
2022-10-05,3.08,,-0.39
2022-10-06,3.08,,-0.4
2022-10-07,3.08,,-0.41
2022-10-08,3.08,,
2022-10-09,3.08,,
2022-10-10,3.08,,
2022-10-11,3.08,,-0.37
2022-10-12,3.08,,-0.37
2022-10-13,3.08,,-0.5
2022-10-14,3.08,,-0.48
2022-10-15,3.08,,
2022-10-16,3.08,,
2022-10-17,3.08,,-0.43
2022-10-18,3.08,,-0.42
2022-10-19,3.08,,-0.41
2022-10-20,3.08,,-0.38
2022-10-21,3.08,,-0.28
2022-10-22,3.08,,
2022-10-23,3.08,,
2022-10-24,3.08,,-0.25
2022-10-25,3.08,,-0.32
2022-10-26,3.08,,-0.35
2022-10-27,3.08,,-0.34
2022-10-28,3.08,,-0.39
2022-10-29,3.08,,
2022-10-30,3.08,,
2022-10-31,3.08,,-0.41
2022-11-01,3.08,298.786,-0.47
2022-11-02,3.08,,-0.51
2022-11-03,3.83,,-0.57
2022-11-04,3.83,,-0.49
2022-11-05,3.83,,
2022-11-06,3.83,,
2022-11-07,3.83,,-0.5
2022-11-08,3.83,,-0.53
2022-11-09,3.83,,-0.49
2022-11-10,3.83,,-0.52
2022-11-11,3.83,,
2022-11-12,3.83,,
2022-11-13,3.83,,
2022-11-14,3.83,,-0.52
2022-11-15,3.83,,-0.57
2022-11-16,3.83,,-0.68
2022-11-17,3.83,,-0.66
2022-11-18,3.83,,-0.69
2022-11-19,3.83,,
2022-11-20,3.83,,
2022-11-21,3.83,,-0.65
2022-11-22,3.83,,-0.71
2022-11-23,3.83,,-0.75
2022-11-24,3.83,,
2022-11-25,3.83,,-0.74
2022-11-26,3.83,,
2022-11-27,3.83,,
2022-11-28,3.83,,-0.77
2022-11-29,3.83,,-0.73
2022-11-30,3.83,,-0.7
2022-12-01,3.83,298.832,-0.72
2022-12-02,3.83,,-0.77
2022-12-03,3.83,,
2022-12-04,3.83,,
2022-12-05,3.83,,-0.81
2022-12-06,3.83,,-0.83
2022-12-07,3.83,,-0.84
2022-12-08,3.83,,-0.83
2022-12-09,3.83,,-0.76
2022-12-10,3.83,,
2022-12-11,3.83,,
2022-12-12,3.83,,-0.78
2022-12-13,3.83,,-0.71
2022-12-14,3.83,,-0.74
2022-12-15,4.33,,-0.79
2022-12-16,4.33,,-0.69
2022-12-17,4.33,,
2022-12-18,4.33,,
2022-12-19,4.33,,-0.68
2022-12-20,4.33,,-0.56
2022-12-21,4.33,,-0.53
2022-12-22,4.33,,-0.57
2022-12-23,4.33,,-0.56
2022-12-24,4.33,,
2022-12-25,4.33,,
2022-12-26,4.33,,
2022-12-27,4.33,,-0.48
2022-12-28,4.33,,-0.43
2022-12-29,4.33,,-0.51
2022-12-30,4.33,,-0.53
2022-12-31,4.33,,
2023-01-01,4.33,300.42,
2023-01-02,4.33,,
2023-01-03,4.33,,-0.61
2023-01-04,4.33,,-0.67
2023-01-05,4.33,,-0.74
2023-01-06,4.33,,-0.69
2023-01-07,4.33,,
2023-01-08,4.33,,
2023-01-09,4.33,,-0.66
2023-01-10,4.33,,-0.63
2023-01-11,4.33,,-0.66
2023-01-12,4.33,,-0.69
2023-01-13,4.33,,-0.73
2023-01-14,4.33,,
2023-01-15,4.33,,
2023-01-16,4.33,,
2023-01-17,4.33,,-0.65
2023-01-18,4.33,,-0.69
2023-01-19,4.33,,-0.7
2023-01-20,4.33,,-0.66
2023-01-21,4.33,,
2023-01-22,4.33,,
2023-01-23,4.33,,-0.69
2023-01-24,4.33,,-0.66
2023-01-25,4.33,,-0.65
2023-01-26,4.33,,-0.68
2023-01-27,4.33,,-0.67
2023-01-28,4.33,,
2023-01-29,4.33,,
2023-01-30,4.33,,-0.7
2023-01-31,4.33,,-0.69
2023-02-01,4.33,301.45,-0.7
2023-02-02,4.58,,-0.69
2023-02-03,4.58,,-0.77
2023-02-04,4.58,,
2023-02-05,4.58,,
2023-02-06,4.58,,-0.81
2023-02-07,4.58,,-0.8
2023-02-08,4.58,,-0.82
2023-02-09,4.57,,-0.81
2023-02-10,4.58,,-0.76
2023-02-11,4.58,,
2023-02-12,4.58,,
2023-02-13,4.58,,-0.8
2023-02-14,4.58,,-0.83
2023-02-15,4.58,,-0.81
2023-02-16,4.58,,-0.76
2023-02-17,4.58,,-0.78
2023-02-18,4.58,,
2023-02-19,4.58,,
2023-02-20,4.58,,
2023-02-21,4.58,,-0.72
2023-02-22,4.58,,-0.73
2023-02-23,4.58,,-0.78
2023-02-24,4.58,,-0.83
2023-02-25,4.58,,
2023-02-26,4.58,,
2023-02-27,4.57,,-0.86
2023-02-28,4.57,,-0.89
2023-03-01,4.58,301.821,-0.88
2023-03-02,4.57,,-0.81
2023-03-03,4.57,,-0.89
2023-03-04,4.57,,
2023-03-05,4.57,,
2023-03-06,4.57,,-0.91
2023-03-07,4.57,,-1.03
2023-03-08,4.57,,-1.07
2023-03-09,4.57,,-0.97
2023-03-10,4.57,,-0.9
2023-03-11,4.57,,
2023-03-12,4.57,,
2023-03-13,4.58,,-0.48
2023-03-14,4.58,,-0.56
2023-03-15,4.58,,-0.42
2023-03-16,4.58,,-0.58
2023-03-17,4.58,,-0.42
2023-03-18,4.58,,
2023-03-19,4.58,,
2023-03-20,4.58,,-0.45
2023-03-21,4.58,,-0.58
2023-03-22,4.58,,-0.48
2023-03-23,4.83,,-0.38
2023-03-24,4.83,,-0.38
2023-03-25,4.83,,
2023-03-26,4.83,,
2023-03-27,4.83,,-0.41
2023-03-28,4.83,,-0.47
2023-03-29,4.83,,-0.51
2023-03-30,4.83,,-0.55
2023-03-31,4.83,,-0.58
2023-04-01,4.83,302.845,
2023-04-02,4.83,,
2023-04-03,4.83,,-0.54
2023-04-04,4.83,,-0.49
2023-04-05,4.83,,-0.49
2023-04-06,4.83,,-0.52
2023-04-07,4.83,,-0.58
2023-04-08,4.83,,
2023-04-09,4.83,,
2023-04-10,4.83,,-0.59
2023-04-11,4.83,,-0.6
2023-04-12,4.83,,-0.54
2023-04-13,4.83,,-0.51
2023-04-14,4.83,,-0.56
2023-04-15,4.83,,
2023-04-16,4.83,,
2023-04-17,4.83,,-0.58
2023-04-18,4.83,,-0.61
2023-04-19,4.83,,-0.64
2023-04-20,4.83,,-0.6
2023-04-21,4.83,,-0.6
2023-04-22,4.83,,
2023-04-23,4.83,,
2023-04-24,4.83,,-0.6
2023-04-25,4.83,,-0.46
2023-04-26,4.83,,-0.47
2023-04-27,4.83,,-0.54
2023-04-28,4.83,,-0.6
2023-04-29,4.83,,
2023-04-30,4.83,,
2023-05-01,4.83,303.334,-0.55
2023-05-02,4.83,,-0.53
2023-05-03,4.83,,-0.51
2023-05-04,5.08,,-0.38
2023-05-05,5.08,,-0.48
2023-05-06,5.08,,
2023-05-07,5.08,,
2023-05-08,5.08,,-0.48
2023-05-09,5.08,,-0.48
2023-05-10,5.08,,-0.47
2023-05-11,5.08,,-0.5
2023-05-12,5.08,,-0.52
2023-05-13,5.08,,
2023-05-14,5.08,,
2023-05-15,5.08,,-0.49
2023-05-16,5.08,,-0.52
2023-05-17,5.08,,-0.55
2023-05-18,5.08,,-0.59
2023-05-19,5.08,,-0.58
2023-05-20,5.08,,
2023-05-21,5.08,,
2023-05-22,5.08,,-0.57
2023-05-23,5.08,,-0.56
2023-05-24,5.08,,-0.58
2023-05-25,5.08,,-0.67
2023-05-26,5.08,,-0.74
2023-05-27,5.08,,
2023-05-28,5.08,,
2023-05-29,5.08,,
2023-05-30,5.08,,-0.77
2023-05-31,5.08,,-0.76
2023-06-01,5.08,304.014,-0.72
2023-06-02,5.08,,-0.81
2023-06-03,5.08,,
2023-06-04,5.08,,
2023-06-05,5.08,,-0.77
2023-06-06,5.08,,-0.81
2023-06-07,5.08,,-0.77
2023-06-08,5.08,,-0.79
2023-06-09,5.08,,-0.84
2023-06-10,5.08,,
2023-06-11,5.08,,
2023-06-12,5.08,,-0.82
2023-06-13,5.08,,-0.83
2023-06-14,5.08,,-0.91
2023-06-15,5.07,,-0.9
2023-06-16,5.08,,-0.93
2023-06-17,5.08,,
2023-06-18,5.08,,
2023-06-19,5.08,,
2023-06-20,5.07,,-0.94
2023-06-21,5.07,,-0.96
2023-06-22,5.07,,-0.97
2023-06-23,5.07,,-0.97
2023-06-24,5.07,,
2023-06-25,5.07,,
2023-06-26,5.07,,-0.93
2023-06-27,5.07,,-0.97
2023-06-28,5.07,,-1.0
2023-06-29,5.07,,-1.02
2023-06-30,5.08,,-1.06
2023-07-01,5.08,304.609,
2023-07-02,5.08,,
2023-07-03,5.08,,-1.08
2023-07-04,5.08,,
2023-07-05,5.08,,-0.99
2023-07-06,5.08,,-0.94
2023-07-07,5.08,,-0.88
2023-07-08,5.08,,
2023-07-09,5.08,,
2023-07-10,5.07,,-0.84
2023-07-11,5.08,,-0.89
2023-07-12,5.08,,-0.86
2023-07-13,5.08,,-0.83
2023-07-14,5.08,,-0.91
2023-07-15,5.08,,
2023-07-16,5.08,,
2023-07-17,5.08,,-0.93
2023-07-18,5.08,,-0.94
2023-07-19,5.08,,-0.99
2023-07-20,5.08,,-0.95
2023-07-21,5.08,,-0.98
2023-07-22,5.08,,
2023-07-23,5.08,,
2023-07-24,5.08,,-0.95
2023-07-25,5.08,,-0.94
2023-07-26,5.08,,-0.96
2023-07-27,5.33,,-0.9
2023-07-28,5.33,,-0.91
2023-07-29,5.33,,
2023-07-30,5.33,,
2023-07-31,5.33,,-0.91
2023-08-01,5.33,306.082,-0.87
2023-08-02,5.33,,-0.8
2023-08-03,5.33,,-0.7
2023-08-04,5.33,,-0.73
2023-08-05,5.33,,
2023-08-06,5.33,,
2023-08-07,5.33,,-0.67
2023-08-08,5.33,,-0.72
2023-08-09,5.33,,-0.79
2023-08-10,5.33,,-0.73
2023-08-11,5.33,,-0.73
2023-08-12,5.33,,
2023-08-13,5.33,,
2023-08-14,5.33,,-0.77
2023-08-15,5.33,,-0.71
2023-08-16,5.33,,-0.69
2023-08-17,5.33,,-0.64
2023-08-18,5.33,,-0.66
2023-08-19,5.33,,
2023-08-20,5.33,,
2023-08-21,5.33,,-0.63
2023-08-22,5.33,,-0.68
2023-08-23,5.33,,-0.76
2023-08-24,5.33,,-0.75
2023-08-25,5.33,,-0.78
2023-08-26,5.33,,
2023-08-27,5.33,,
2023-08-28,5.33,,-0.78
2023-08-29,5.33,,-0.75
2023-08-30,5.33,,-0.78
2023-08-31,5.33,,-0.76
2023-09-01,5.33,307.276,-0.69
2023-09-02,5.33,,
2023-09-03,5.33,,
2023-09-04,5.33,,
2023-09-05,5.33,,-0.67
2023-09-06,5.33,,-0.71
2023-09-07,5.33,,-0.67
2023-09-08,5.33,,-0.72
2023-09-09,5.33,,
2023-09-10,5.33,,
2023-09-11,5.33,,-0.68
2023-09-12,5.33,,-0.71
2023-09-13,5.33,,-0.71
2023-09-14,5.33,,-0.71
2023-09-15,5.33,,-0.69
2023-09-16,5.33,,
2023-09-17,5.33,,
2023-09-18,5.33,,-0.73
2023-09-19,5.33,,-0.71
2023-09-20,5.33,,-0.77
2023-09-21,5.33,,-0.63
2023-09-22,5.33,,-0.66
2023-09-23,5.33,,
2023-09-24,5.33,,
2023-09-25,5.33,,-0.54
2023-09-26,5.33,,-0.48
2023-09-27,5.33,,-0.49
2023-09-28,5.33,,-0.45
2023-09-29,5.33,,-0.44
2023-09-30,5.33,,
2023-10-01,5.33,307.696,
2023-10-02,5.33,,-0.43
2023-10-03,5.33,,-0.34
2023-10-04,5.33,,-0.32
2023-10-05,5.33,,-0.31
2023-10-06,5.33,,-0.3
2023-10-07,5.33,,
2023-10-08,5.33,,
2023-10-09,5.33,,
2023-10-10,5.33,,-0.3
2023-10-11,5.33,,-0.41
2023-10-12,5.33,,-0.36
2023-10-13,5.33,,-0.41
2023-10-14,5.33,,
2023-10-15,5.33,,
2023-10-16,5.33,,-0.38
2023-10-17,5.33,,-0.36
2023-10-18,5.33,,-0.28
2023-10-19,5.33,,-0.16
2023-10-20,5.33,,-0.14
2023-10-21,5.33,,
2023-10-22,5.33,,
2023-10-23,5.33,,-0.19
2023-10-24,5.33,,-0.19
2023-10-25,5.33,,-0.13
2023-10-26,5.33,,-0.16
2023-10-27,5.33,,-0.15
2023-10-28,5.33,,
2023-10-29,5.33,,
2023-10-30,5.33,,-0.15
2023-10-31,5.33,,-0.19
2023-11-01,5.33,308.148,-0.18
2023-11-02,5.33,,-0.31
2023-11-03,5.33,,-0.26
2023-11-04,5.33,,
2023-11-05,5.33,,
2023-11-06,5.33,,-0.26
2023-11-07,5.33,,-0.33
2023-11-08,5.33,,-0.44
2023-11-09,5.33,,-0.41
2023-11-10,5.33,,-0.43
2023-11-11,5.33,,
2023-11-12,5.33,,
2023-11-13,5.33,,-0.39
2023-11-14,5.33,,-0.36
2023-11-15,5.33,,-0.37
2023-11-16,5.33,,-0.38
2023-11-17,5.33,,-0.44
2023-11-18,5.33,,
2023-11-19,5.33,,
2023-11-20,5.33,,-0.47
2023-11-21,5.33,,-0.45
2023-11-22,5.33,,-0.47
2023-11-23,5.33,,
2023-11-24,5.33,,-0.45
2023-11-25,5.33,,
2023-11-26,5.33,,
2023-11-27,5.33,,-0.45
2023-11-28,5.33,,-0.39
2023-11-29,5.33,,-0.37
2023-11-30,5.33,,-0.36
2023-12-01,5.33,308.741,-0.34
2023-12-02,5.33,,
2023-12-03,5.33,,
2023-12-04,5.33,,-0.36
2023-12-05,5.33,,-0.39
2023-12-06,5.33,,-0.48
2023-12-07,5.33,,-0.44
2023-12-08,5.33,,-0.48
2023-12-09,5.33,,
2023-12-10,5.33,,
2023-12-11,5.33,,-0.48
2023-12-12,5.33,,-0.53
2023-12-13,5.33,,-0.42
2023-12-14,5.33,,-0.45
2023-12-15,5.33,,-0.53
2023-12-16,5.33,,
2023-12-17,5.33,,
2023-12-18,5.33,,-0.48
2023-12-19,5.33,,-0.48
2023-12-20,5.33,,-0.48
2023-12-21,5.33,,-0.44
2023-12-22,5.33,,-0.41
2023-12-23,5.33,,
2023-12-24,5.33,,
2023-12-25,5.33,,
2023-12-26,5.33,,-0.37
2023-12-27,5.33,,-0.41
2023-12-28,5.33,,-0.42
2023-12-29,5.33,,-0.35
2023-12-30,5.33,,
2023-12-31,5.33,,
2024-01-01,5.33,309.698,
2024-01-02,5.33,,-0.38
2024-01-03,5.33,,-0.42
2024-01-04,5.33,,-0.39
2024-01-05,5.33,,-0.35
2024-01-06,5.33,,
2024-01-07,5.33,,
2024-01-08,5.33,,-0.35
2024-01-09,5.33,,-0.34
2024-01-10,5.33,,-0.33
2024-01-11,5.33,,-0.28
2024-01-12,5.33,,-0.18
2024-01-13,5.33,,
2024-01-14,5.33,,
2024-01-15,5.33,,
2024-01-16,5.33,,-0.15
2024-01-17,5.33,,-0.24
2024-01-18,5.33,,-0.2
2024-01-19,5.33,,-0.24
2024-01-20,5.33,,
2024-01-21,5.33,,
2024-01-22,5.33,,-0.26
2024-01-23,5.33,,-0.17
2024-01-24,5.33,,-0.16
2024-01-25,5.33,,-0.14
2024-01-26,5.33,,-0.19
2024-01-27,5.33,,
2024-01-28,5.33,,
2024-01-29,5.33,,-0.21
2024-01-30,5.33,,-0.3
2024-01-31,5.33,,-0.28
2024-02-01,5.33,310.967,-0.33
2024-02-02,5.33,,-0.33
2024-02-03,5.33,,
2024-02-04,5.33,,
2024-02-05,5.33,,-0.29
2024-02-06,5.33,,-0.3
2024-02-07,5.33,,-0.32
2024-02-08,5.33,,-0.31
2024-02-09,5.33,,-0.31
2024-02-10,5.33,,
2024-02-11,5.33,,
2024-02-12,5.33,,-0.29
2024-02-13,5.33,,-0.33
2024-02-14,5.33,,-0.29
2024-02-15,5.33,,-0.32
2024-02-16,5.33,,-0.34
2024-02-17,5.33,,
2024-02-18,5.33,,
2024-02-19,5.33,,
2024-02-20,5.33,,-0.32
2024-02-21,5.33,,-0.32
2024-02-22,5.33,,-0.36
2024-02-23,5.33,,-0.41
2024-02-24,5.33,,
2024-02-25,5.33,,
2024-02-26,5.33,,-0.41
2024-02-27,5.33,,-0.39
2024-02-28,5.33,,-0.37
2024-02-29,5.33,,-0.39
2024-03-01,5.33,312.345,-0.35
2024-03-02,5.33,,
2024-03-03,5.33,,
2024-03-04,5.33,,-0.39
2024-03-05,5.33,,-0.41
2024-03-06,5.33,,-0.44
2024-03-07,5.33,,-0.41
2024-03-08,5.33,,-0.39
2024-03-09,5.33,,
2024-03-10,5.33,,
2024-03-11,5.33,,-0.41
2024-03-12,5.33,,-0.42
2024-03-13,5.33,,-0.42
2024-03-14,5.33,,-0.39
2024-03-15,5.33,,-0.41
2024-03-16,5.33,,
2024-03-17,5.33,,
2024-03-18,5.33,,-0.39
2024-03-19,5.33,,-0.38
2024-03-20,5.33,,-0.32
2024-03-21,5.33,,-0.35
2024-03-22,5.33,,-0.37
2024-03-23,5.33,,
2024-03-24,5.33,,
2024-03-25,5.33,,-0.29
2024-03-26,5.33,,-0.32
2024-03-27,5.33,,-0.34
2024-03-28,5.33,,-0.39
2024-03-29,5.33,,
2024-03-30,5.33,,
2024-03-31,5.33,,
2024-04-01,5.33,313.023,-0.39
2024-04-02,5.33,,-0.34
2024-04-03,5.33,,-0.32
2024-04-04,5.33,,-0.34
2024-04-05,5.33,,-0.34
2024-04-06,5.33,,
2024-04-07,5.33,,
2024-04-08,5.33,,-0.36
2024-04-09,5.33,,-0.38
2024-04-10,5.33,,-0.42
2024-04-11,5.33,,-0.37
2024-04-12,5.33,,-0.38
2024-04-13,5.33,,
2024-04-14,5.33,,
2024-04-15,5.33,,-0.3
2024-04-16,5.33,,-0.3
2024-04-17,5.33,,-0.34
2024-04-18,5.33,,-0.34
2024-04-19,5.33,,-0.35
2024-04-20,5.33,,
2024-04-21,5.33,,
2024-04-22,5.33,,-0.35
2024-04-23,5.33,,-0.25
2024-04-24,5.33,,-0.24
2024-04-25,5.33,,-0.26
2024-04-26,5.33,,-0.29
2024-04-27,5.33,,
2024-04-28,5.33,,
2024-04-29,5.33,,-0.34
2024-04-30,5.33,,-0.35
2024-05-01,5.33,313.175,-0.33
2024-05-02,5.33,,-0.29
2024-05-03,5.33,,-0.31
2024-05-04,5.33,,
2024-05-05,5.33,,
2024-05-06,5.33,,-0.33
2024-05-07,5.33,,-0.35
2024-05-08,5.33,,-0.36
2024-05-09,5.33,,-0.35
2024-05-10,5.33,,-0.37
2024-05-11,5.33,,
2024-05-12,5.33,,
2024-05-13,5.33,,-0.37
2024-05-14,5.33,,-0.36
2024-05-15,5.33,,-0.37
2024-05-16,5.33,,-0.4
2024-05-17,5.33,,-0.41
2024-05-18,5.33,,
2024-05-19,5.33,,
2024-05-20,5.33,,-0.38
2024-05-21,5.33,,-0.41
2024-05-22,5.33,,-0.43
2024-05-23,5.33,,-0.44
2024-05-24,5.33,,-0.47
2024-05-25,5.33,,
2024-05-26,5.33,,
2024-05-27,5.33,,
2024-05-28,5.33,,-0.4
2024-05-29,5.33,,-0.35
2024-05-30,5.33,,-0.37
2024-05-31,5.33,,-0.38
2024-06-01,5.33,313.044,
2024-06-02,5.33,,
2024-06-03,5.33,,-0.41
2024-06-04,5.33,,-0.44
2024-06-05,5.33,,-0.43
2024-06-06,5.33,,-0.44
2024-06-07,5.33,,-0.44
2024-06-08,5.33,,
2024-06-09,5.33,,
2024-06-10,5.33,,-0.4
2024-06-11,5.33,,-0.42
2024-06-12,5.33,,-0.44
2024-06-13,5.33,,-0.44
2024-06-14,5.33,,-0.47
2024-06-15,5.33,,
2024-06-16,5.33,,
2024-06-17,5.33,,-0.47
2024-06-18,5.33,,-0.47
2024-06-19,5.33,,
2024-06-20,5.33,,-0.45
2024-06-21,5.33,,-0.45
2024-06-22,5.33,,
2024-06-23,5.33,,
2024-06-24,5.33,,-0.46
2024-06-25,5.33,,-0.42
2024-06-26,5.33,,-0.39
2024-06-27,5.33,,-0.41
2024-06-28,5.33,,-0.35
2024-06-29,5.33,,
2024-06-30,5.33,,
2024-07-01,5.33,313.569,-0.29
2024-07-02,5.33,,-0.31
2024-07-03,5.33,,-0.35
2024-07-04,5.33,,
2024-07-05,5.33,,-0.32
2024-07-06,5.33,,
2024-07-07,5.33,,
2024-07-08,5.33,,-0.34
2024-07-09,5.33,,-0.32
2024-07-10,5.33,,-0.34
2024-07-11,5.33,,-0.3
2024-07-12,5.33,,-0.27
2024-07-13,5.33,,
2024-07-14,5.33,,
2024-07-15,5.33,,-0.21
2024-07-16,5.33,,-0.26
2024-07-17,5.33,,-0.26
2024-07-18,5.33,,-0.26
2024-07-19,5.33,,-0.24
2024-07-20,5.33,,
2024-07-21,5.33,,
2024-07-22,5.33,,-0.24
2024-07-23,5.33,,-0.15
2024-07-24,5.33,,-0.09
2024-07-25,5.33,,-0.14
2024-07-26,5.33,,-0.16
2024-07-27,5.33,,
2024-07-28,5.33,,
2024-07-29,5.33,,-0.19
2024-07-30,5.33,,-0.2
2024-07-31,5.33,,-0.2
2024-08-01,5.33,314.062,-0.17
2024-08-02,5.33,,-0.08
2024-08-03,5.33,,
2024-08-04,5.33,,
2024-08-05,5.33,,-0.11
2024-08-06,5.33,,-0.09
2024-08-07,5.33,,-0.04
2024-08-08,5.33,,-0.05
2024-08-09,5.33,,-0.11
2024-08-10,5.33,,
2024-08-11,5.33,,
2024-08-12,5.33,,-0.11
2024-08-13,5.33,,-0.08
2024-08-14,5.33,,-0.11
2024-08-15,5.33,,-0.16
2024-08-16,5.33,,-0.17
2024-08-17,5.33,,
2024-08-18,5.33,,
2024-08-19,5.33,,-0.2
2024-08-20,5.33,,-0.17
2024-08-21,5.33,,-0.13
2024-08-22,5.33,,-0.13
2024-08-23,5.33,,-0.09
2024-08-24,5.33,,
2024-08-25,5.33,,
2024-08-26,5.33,,-0.09
2024-08-27,5.33,,0.0
2024-08-28,5.33,,0.01
2024-08-29,5.33,,0.0
2024-08-30,5.33,,0.0
2024-08-31,5.33,,
2024-09-01,5.33,314.732,
2024-09-02,5.33,,
2024-09-03,5.33,,-0.04
2024-09-04,5.33,,0.01
2024-09-05,5.33,,-0.02
2024-09-06,5.33,,0.06
2024-09-07,5.33,,
2024-09-08,5.33,,
2024-09-09,5.33,,0.02
2024-09-10,5.33,,0.06
2024-09-11,5.33,,0.03
2024-09-12,5.33,,0.04
2024-09-13,5.33,,0.09
2024-09-14,5.33,,
2024-09-15,5.33,,
2024-09-16,5.33,,0.07
2024-09-17,5.33,,0.06
2024-09-18,5.33,,0.09
2024-09-19,4.83,,0.14
2024-09-20,4.83,,0.18
2024-09-21,4.83,,
2024-09-22,4.83,,
2024-09-23,4.83,,0.18
2024-09-24,4.83,,0.25
2024-09-25,4.83,,0.26
2024-09-26,4.83,,0.19
2024-09-27,4.83,,0.2
2024-09-28,4.83,,
2024-09-29,4.83,,
2024-09-30,4.83,,0.15
2024-10-01,4.83,315.631,0.13
2024-10-02,4.83,,0.16
2024-10-03,4.83,,0.15
2024-10-04,4.83,,0.05
2024-10-05,4.83,,
2024-10-06,4.83,,
2024-10-07,4.83,,0.04
2024-10-08,4.83,,0.06
2024-10-09,4.83,,0.07
2024-10-10,4.83,,0.11
2024-10-11,4.83,,0.13
2024-10-12,4.83,,
2024-10-13,4.83,,
2024-10-14,4.83,,
2024-10-15,4.83,,0.08
2024-10-16,4.83,,0.09
2024-10-17,4.83,,0.13
2024-10-18,4.83,,0.13
2024-10-19,4.83,,
2024-10-20,4.83,,
2024-10-21,4.83,,0.17
2024-10-22,4.83,,0.17
2024-10-23,4.83,,0.17
2024-10-24,4.83,,0.14
2024-10-25,4.83,,0.14
2024-10-26,4.83,,
2024-10-27,4.83,,
2024-10-28,4.83,,0.16
2024-10-29,4.83,,0.17
2024-10-30,4.83,,0.14
2024-10-31,4.83,,0.12
2024-11-01,4.83,316.528,0.16
2024-11-02,4.83,,
2024-11-03,4.83,,
2024-11-04,4.83,,0.14
2024-11-05,4.83,,0.07
2024-11-06,4.83,,0.15
2024-11-07,4.83,,0.1
2024-11-08,4.58,,0.04
2024-11-09,4.58,,
2024-11-10,4.58,,
2024-11-11,4.58,,
2024-11-12,4.58,,0.09
2024-11-13,4.58,,0.17
2024-11-14,4.58,,0.09
2024-11-15,4.58,,0.12
2024-11-16,4.58,,
2024-11-17,4.58,,
2024-11-18,4.58,,0.13
2024-11-19,4.58,,0.12
2024-11-20,4.58,,0.1
2024-11-21,4.58,,0.09
2024-11-22,4.58,,0.04
2024-11-23,4.58,,
2024-11-24,4.58,,
2024-11-25,4.58,,0.06
2024-11-26,4.58,,0.09
2024-11-27,4.58,,0.06
2024-11-28,4.58,,
2024-11-29,4.58,,0.05
2024-11-30,4.58,,
2024-12-01,4.58,317.604,
2024-12-02,4.58,,0.02
2024-12-03,4.58,,0.06
2024-12-04,4.58,,0.06
2024-12-05,4.58,,0.02
2024-12-06,4.58,,0.05
2024-12-07,4.58,,
2024-12-08,4.58,,
2024-12-09,4.58,,0.07
2024-12-10,4.58,,0.07
2024-12-11,4.58,,0.11
2024-12-12,4.58,,0.14
2024-12-13,4.58,,0.15
2024-12-14,4.58,,
2024-12-15,4.58,,
2024-12-16,4.58,,0.14
2024-12-17,4.58,,0.15
2024-12-18,4.58,,0.15
2024-12-19,4.33,,0.25
2024-12-20,4.33,,0.22
2024-12-21,4.33,,
2024-12-22,4.33,,
2024-12-23,4.33,,0.29
2024-12-24,4.33,,0.3
2024-12-25,4.33,,
2024-12-26,4.33,,0.28
2024-12-27,4.33,,0.31
2024-12-28,4.33,,
2024-12-29,4.33,,
2024-12-30,4.33,,0.31
2024-12-31,4.33,,0.33
2025-01-01,4.33,318.961,
2025-01-02,4.33,,0.32
2025-01-03,4.33,,0.32
2025-01-04,4.33,,
2025-01-05,4.33,,
2025-01-06,4.33,,0.34
2025-01-07,4.33,,0.37
2025-01-08,4.33,,0.39
2025-01-09,4.33,,0.41
2025-01-10,4.33,,0.37
2025-01-11,4.33,,
2025-01-12,4.33,,
2025-01-13,4.33,,0.39
2025-01-14,4.33,,0.41
2025-01-15,4.33,,0.39
2025-01-16,4.33,,0.38
2025-01-17,4.33,,0.34
2025-01-18,4.33,,
2025-01-19,4.33,,
2025-01-20,4.33,,
2025-01-21,4.33,,0.28
2025-01-22,4.33,,0.31
2025-01-23,4.33,,0.36
2025-01-24,4.33,,0.36
2025-01-25,4.33,,
2025-01-26,4.33,,
2025-01-27,4.33,,0.36
2025-01-28,4.33,,0.36
2025-01-29,4.33,,0.34
2025-01-30,4.33,,0.34
2025-01-31,4.33,,0.36
2025-02-01,4.33,319.679,
2025-02-02,4.33,,
2025-02-03,4.33,,0.28
2025-02-04,4.33,,0.31
2025-02-05,4.33,,0.26
2025-02-06,4.33,,0.24
2025-02-07,4.33,,0.2
2025-02-08,4.33,,
2025-02-09,4.33,,
2025-02-10,4.33,,0.23
2025-02-11,4.33,,0.25
2025-02-12,4.33,,0.26
2025-02-13,4.33,,0.21
2025-02-14,4.33,,0.21
2025-02-15,4.33,,
2025-02-16,4.33,,
2025-02-17,4.33,,
2025-02-18,4.33,,0.26
2025-02-19,4.33,,0.25
2025-02-20,4.33,,0.22
2025-02-21,4.33,,0.23
2025-02-22,4.33,,
2025-02-23,4.33,,
2025-02-24,4.33,,0.27
2025-02-25,4.33,,0.23
2025-02-26,4.33,,0.2
2025-02-27,4.33,,0.22
2025-02-28,4.33,,0.25
2025-03-01,4.33,319.785,
2025-03-02,4.33,,
2025-03-03,4.33,,0.2
2025-03-04,4.33,,0.26
2025-03-05,4.33,,0.29
2025-03-06,4.33,,0.33
2025-03-07,4.33,,0.33
2025-03-08,4.33,,
2025-03-09,4.33,,
2025-03-10,4.33,,0.33
2025-03-11,4.33,,0.34
2025-03-12,4.33,,0.31
2025-03-13,4.33,,0.33
2025-03-14,4.33,,0.29
2025-03-15,4.33,,
2025-03-16,4.33,,
2025-03-17,4.33,,0.25
2025-03-18,4.33,,0.25
2025-03-19,4.33,,0.26
2025-03-20,4.33,,0.29
2025-03-21,4.33,,0.31
2025-03-22,4.33,,
2025-03-23,4.33,,
2025-03-24,4.33,,0.3
2025-03-25,4.33,,0.35
2025-03-26,4.33,,0.37
2025-03-27,4.33,,0.41
2025-03-28,4.33,,0.38
2025-03-29,4.33,,
2025-03-30,4.33,,
2025-03-31,4.33,,0.34
2025-04-01,4.33,320.302,0.3
2025-04-02,4.33,,0.29
2025-04-03,4.33,,0.35
2025-04-04,4.33,,0.33
2025-04-05,4.33,,
2025-04-06,4.33,,
2025-04-07,4.33,,0.42
2025-04-08,4.33,,0.55
2025-04-09,4.33,,0.43
2025-04-10,4.33,,0.56
2025-04-11,4.33,,0.52
2025-04-12,4.33,,
2025-04-13,4.33,,
2025-04-14,4.33,,0.54
2025-04-15,4.33,,0.51
2025-04-16,4.33,,0.52
2025-04-17,4.33,,0.53
2025-04-18,4.33,,
2025-04-19,4.33,,
2025-04-20,4.33,,
2025-04-21,4.33,,0.67
2025-04-22,4.33,,0.65
2025-04-23,4.33,,0.59
2025-04-24,4.33,,0.55
2025-04-25,4.33,,0.55
2025-04-26,4.33,,
2025-04-27,4.33,,
2025-04-28,4.33,,0.56
2025-04-29,4.33,,0.54
2025-04-30,4.33,,0.57
2025-05-01,4.33,320.62,0.55
2025-05-02,4.33,,0.5
2025-05-03,4.33,,
2025-05-04,4.33,,
2025-05-05,4.33,,0.53
2025-05-06,4.33,,0.52
2025-05-07,4.33,,0.48
2025-05-08,4.33,,0.47
2025-05-09,4.33,,0.49
2025-05-10,4.33,,
2025-05-11,4.33,,
2025-05-12,4.33,,0.47
2025-05-13,4.33,,0.47
2025-05-14,4.33,,0.48
2025-05-15,4.33,,0.49
2025-05-16,4.33,,0.45
2025-05-17,4.33,,
2025-05-18,4.33,,
2025-05-19,4.33,,0.49
2025-05-20,4.33,,0.51
2025-05-21,4.33,,0.58
2025-05-22,4.33,,0.54
2025-05-23,4.33,,0.51
2025-05-24,4.33,,
2025-05-25,4.33,,
2025-05-26,4.33,,
2025-05-27,4.33,,0.51
2025-05-28,4.33,,0.51
2025-05-29,4.33,,0.51
2025-05-30,4.33,,0.52
2025-05-31,4.33,,
2025-06-01,4.33,321.435,
2025-06-02,4.33,,0.52
2025-06-03,4.33,,0.5
2025-06-04,4.33,,0.5
2025-06-05,4.33,,0.48
2025-06-06,4.33,,0.47
2025-06-07,4.33,,
2025-06-08,4.33,,
2025-06-09,4.33,,0.48
2025-06-10,4.33,,0.46
2025-06-11,4.33,,0.47
2025-06-12,4.33,,0.46
2025-06-13,4.33,,0.45
2025-06-14,4.33,,
2025-06-15,4.33,,
2025-06-16,4.33,,0.49
2025-06-17,4.33,,0.45
2025-06-18,4.33,,0.44
2025-06-19,4.33,,
2025-06-20,4.33,,0.48
2025-06-21,4.33,,
2025-06-22,4.33,,
2025-06-23,4.33,,0.5
2025-06-24,4.33,,0.55
2025-06-25,4.33,,0.55
2025-06-26,4.33,,0.56
2025-06-27,4.33,,0.56
2025-06-28,4.33,,
2025-06-29,4.33,,
2025-06-30,4.33,,0.52
2025-07-01,4.33,322.169,0.48
2025-07-02,4.33,,0.52
2025-07-03,4.33,,0.47
2025-07-04,4.33,,
2025-07-05,4.33,,
2025-07-06,4.33,,
2025-07-07,4.33,,0.5
2025-07-08,4.33,,0.52
2025-07-09,4.33,,0.48
2025-07-10,4.33,,0.49
2025-07-11,4.33,,0.53
2025-07-12,4.33,,
2025-07-13,4.33,,
2025-07-14,4.33,,0.53
2025-07-15,4.33,,0.55
2025-07-16,4.33,,0.58
2025-07-17,4.33,,0.56
2025-07-18,4.33,,0.56
2025-07-19,4.33,,
2025-07-20,4.33,,
2025-07-21,4.33,,0.53
2025-07-22,4.33,,0.52
2025-07-23,4.33,,0.52
2025-07-24,4.33,,0.52
2025-07-25,4.33,,0.49
2025-07-26,4.33,,
2025-07-27,4.33,,
2025-07-28,4.33,,0.51
2025-07-29,4.33,,0.48
2025-07-30,4.33,,0.44
2025-07-31,4.33,,0.43
2025-08-01,4.33,323.291,0.54
2025-08-02,4.33,,
2025-08-03,4.33,,
2025-08-04,4.33,,0.53
2025-08-05,4.33,,0.5
2025-08-06,4.33,,0.53
2025-08-07,4.33,,0.51
2025-08-08,4.33,,0.51
2025-08-09,4.33,,
2025-08-10,4.33,,
2025-08-11,4.33,,0.51
2025-08-12,4.33,,0.57
2025-08-13,4.33,,0.57
2025-08-14,4.33,,0.55
2025-08-15,4.33,,0.58
2025-08-16,4.33,,
2025-08-17,4.33,,
2025-08-18,4.33,,0.57
2025-08-19,4.33,,0.55
2025-08-20,4.33,,0.55
2025-08-21,4.33,,0.54
2025-08-22,4.33,,0.58
2025-08-23,4.33,,
2025-08-24,4.33,,
2025-08-25,4.33,,0.55
2025-08-26,4.33,,0.65
2025-08-27,4.33,,0.65
2025-08-28,4.33,,0.6
2025-08-29,4.33,,0.64
2025-08-30,4.33,,
2025-08-31,4.33,,
2025-09-01,4.33,324.245,
2025-09-02,4.33,,0.62
2025-09-03,4.33,,0.61
2025-09-04,4.33,,0.58
2025-09-05,4.33,,0.59
2025-09-06,4.33,,
2025-09-07,4.33,,
2025-09-08,4.33,,0.56
2025-09-09,4.33,,0.54
2025-09-10,4.33,,0.5
2025-09-11,4.33,,0.49
2025-09-12,4.33,,0.5
2025-09-13,4.33,,
2025-09-14,4.33,,
2025-09-15,4.33,,0.51
2025-09-16,4.33,,0.53
2025-09-17,4.33,,0.54
2025-09-18,4.08,,0.54
2025-09-19,4.08,,0.57
2025-09-20,4.08,,
2025-09-21,4.08,,
2025-09-22,4.09,,0.54
2025-09-23,4.09,,0.59
2025-09-24,4.09,,0.59
2025-09-25,4.09,,0.54
2025-09-26,4.09,,0.57
2025-09-27,4.09,,
2025-09-28,4.09,,
2025-09-29,4.09,,0.52
2025-09-30,4.09,,0.56
2025-10-01,4.09,,0.57
2025-10-02,4.09,,0.55
2025-10-03,4.09,,0.55
2025-10-04,4.09,,
2025-10-05,4.09,,
2025-10-06,4.09,,0.58
2025-10-07,4.09,,0.57
2025-10-08,4.1,,0.55
2025-10-09,4.1,,0.54
2025-10-10,4.1,,0.53
2025-10-11,4.1,,
2025-10-12,4.1,,
2025-10-13,4.1,,
2025-10-14,4.1,,0.55
2025-10-15,4.1,,0.55
2025-10-16,4.11,,0.58
2025-10-17,4.11,,0.56
2025-10-18,4.11,,
2025-10-19,4.11,,
2025-10-20,4.11,,0.54
2025-10-21,4.11,,0.53
2025-10-22,4.11,,0.52
2025-10-23,4.11,,0.53
2025-10-24,4.11,,0.54
2025-10-25,4.11,,
2025-10-26,4.11,,
2025-10-27,4.12,,0.53
2025-10-28,4.12,,0.52
2025-10-29,4.12,,0.49
2025-10-30,3.87,,0.5
2025-10-31,3.86,,0.51
2025-11-01,3.86,325.063,
2025-11-02,3.86,,
2025-11-03,3.87,,0.53
2025-11-04,3.87,,0.52
2025-11-05,3.87,,0.54
2025-11-06,3.87,,0.54
2025-11-07,3.87,,0.56
2025-11-08,3.87,,
2025-11-09,3.87,,
2025-11-10,3.87,,0.55
2025-11-11,3.87,,
2025-11-12,3.87,,0.52
2025-11-13,3.88,,0.53
2025-11-14,3.88,,0.52
2025-11-15,3.88,,
2025-11-16,3.88,,
2025-11-17,3.88,,0.53
2025-11-18,3.88,,0.54
2025-11-19,3.88,,0.55
2025-11-20,3.88,,0.55
2025-11-21,3.88,,0.55
2025-11-22,3.88,,
2025-11-23,3.88,,
2025-11-24,3.88,,0.58
2025-11-25,3.88,,0.58
2025-11-26,3.88,,0.55
2025-11-27,3.88,,
2025-11-28,3.89,,0.55
2025-11-29,3.89,,
2025-11-30,3.89,,
2025-12-01,3.89,326.031,0.55
2025-12-02,3.89,,0.58
2025-12-03,3.89,,0.57
2025-12-04,3.89,,0.59
2025-12-05,3.89,,0.58
2025-12-06,3.89,,
2025-12-07,3.89,,
2025-12-08,3.89,,0.6
2025-12-09,3.89,,0.57
2025-12-10,3.89,,0.59
2025-12-11,3.64,,0.62
2025-12-12,3.64,,0.67
2025-12-13,3.64,,
2025-12-14,3.64,,
2025-12-15,3.64,,0.67
2025-12-16,3.64,,0.67
2025-12-17,3.64,,0.67
2025-12-18,3.64,,0.66
2025-12-19,3.64,,0.68
2025-12-20,3.64,,
2025-12-21,3.64,,
2025-12-22,3.64,,0.73
2025-12-23,3.64,,0.7
2025-12-24,3.64,,0.68
2025-12-25,3.64,,
2025-12-26,3.64,,0.68
2025-12-27,3.64,,
2025-12-28,3.64,,
2025-12-29,3.64,,0.67
2025-12-30,3.64,,0.69
2025-12-31,3.64,,0.71
2026-01-01,3.64,326.588,
2026-01-02,3.64,,0.72
2026-01-03,3.64,,
2026-01-04,3.64,,
2026-01-05,3.64,,0.71
2026-01-06,3.64,,0.71
2026-01-07,3.64,,0.68
2026-01-08,3.64,,0.7
2026-01-09,3.64,,0.64
2026-01-10,3.64,,
2026-01-11,3.64,,
2026-01-12,3.64,,0.65
2026-01-13,3.64,,0.65
2026-01-14,3.64,,0.64
2026-01-15,3.64,,0.61
2026-01-16,3.64,,0.65
2026-01-17,3.64,,
2026-01-18,3.64,,
2026-01-19,3.64,,
2026-01-20,3.64,,0.7
2026-01-21,3.64,,0.66
2026-01-22,3.64,,0.65
2026-01-23,3.64,,0.64
2026-01-24,3.64,,
2026-01-25,3.64,,
2026-01-26,3.64,,0.66
2026-01-27,3.64,,0.71
2026-01-28,3.64,,0.7
2026-01-29,3.64,,0.71
2026-01-30,3.64,,0.74
2026-01-31,3.64,,
2026-02-01,3.64,327.46,
2026-02-02,3.64,,0.72
2026-02-03,3.64,,0.71
2026-02-04,3.64,,0.72
2026-02-05,3.64,,0.74
2026-02-06,3.64,,0.72
2026-02-07,3.64,,
2026-02-08,3.64,,
2026-02-09,3.64,,0.74
2026-02-10,3.64,,0.71
2026-02-11,3.64,,0.66
2026-02-12,3.64,,0.62
2026-02-13,3.64,,0.64
2026-02-14,3.64,,
2026-02-15,3.64,,
2026-02-16,3.64,,
2026-02-17,3.64,,0.62
2026-02-18,3.64,,0.62
2026-02-19,3.64,,0.61
2026-02-20,3.64,,0.6
2026-02-21,3.64,,
2026-02-22,3.64,,
2026-02-23,3.64,,0.6
2026-02-24,3.64,,0.61
2026-02-25,3.64,,0.6
2026-02-26,3.64,,0.6
2026-02-27,3.64,,0.59
2026-02-28,3.64,,
2026-03-01,3.64,330.293,
2026-03-02,3.64,,0.58
2026-03-03,3.64,,0.55
2026-03-04,3.64,,0.55
2026-03-05,3.64,,0.56
2026-03-06,3.64,,0.59
2026-03-07,3.64,,
2026-03-08,3.64,,
2026-03-09,3.64,,0.56
2026-03-10,3.64,,0.58
2026-03-11,3.64,,0.57
2026-03-12,3.64,,0.51
2026-03-13,3.64,,0.55
2026-03-14,3.64,,
2026-03-15,3.64,,
2026-03-16,3.64,,0.55
2026-03-17,3.64,,0.52
2026-03-18,3.64,,0.5
2026-03-19,3.64,,0.46
2026-03-20,3.64,,0.51
2026-03-21,3.64,,
2026-03-22,3.64,,
2026-03-23,3.64,,0.51
2026-03-24,3.64,,0.49
2026-03-25,3.64,,0.49
2026-03-26,3.64,,0.46
2026-03-27,3.64,,0.56
2026-03-28,3.64,,
2026-03-29,3.64,,
2026-03-30,3.64,,0.53
2026-03-31,3.64,,0.51
2026-04-01,3.64,332.407,0.52
2026-04-02,3.64,,0.52
2026-04-03,3.64,,0.51
2026-04-04,3.64,,
2026-04-05,3.64,,
2026-04-06,3.64,,0.5
2026-04-07,3.64,,0.52
2026-04-08,3.64,,0.5
2026-04-09,3.64,,0.51
2026-04-10,3.64,,0.5
2026-04-11,3.64,,
2026-04-12,3.64,,
2026-04-13,3.64,,0.52
2026-04-14,3.64,,0.5
2026-04-15,3.64,,0.53
2026-04-16,3.64,,0.54
2026-04-17,3.64,,0.55
2026-04-18,3.64,,
2026-04-19,3.64,,
2026-04-20,3.64,,0.54
2026-04-21,3.64,,0.52
2026-04-22,3.64,,0.51
2026-04-23,3.64,,0.51
2026-04-24,3.64,,0.53
2026-04-25,3.64,,
2026-04-26,3.64,,
2026-04-27,3.64,,0.57
2026-04-28,3.64,,0.52
2026-04-29,3.64,,0.5
2026-04-30,3.64,,0.52
2026-05-01,3.64,333.979,0.51
2026-05-02,3.64,,
2026-05-03,3.64,,
2026-05-04,3.64,,0.5
2026-05-05,3.64,,0.5
2026-05-06,3.64,,0.49
2026-05-07,3.63,,0.49
2026-05-08,3.63,,0.48
2026-05-09,3.63,,
2026-05-10,3.63,,
2026-05-11,3.63,,0.47
2026-05-12,3.63,,0.46
2026-05-13,3.63,,0.48
2026-05-14,3.63,,0.47
2026-05-15,3.63,,0.5
2026-05-16,3.63,,
2026-05-17,3.63,,
2026-05-18,3.63,,0.54
2026-05-19,3.62,,0.54
2026-05-20,3.62,,0.53
2026-05-21,3.62,,0.49
2026-05-22,3.62,,0.43
2026-05-23,3.62,,
2026-05-24,3.62,,
2026-05-25,3.62,,
2026-05-26,3.62,,0.49
2026-05-27,3.62,,0.48
2026-05-28,3.62,,0.46
2026-05-29,3.62,,0.47
2026-05-30,3.62,,
2026-05-31,3.62,,
2026-06-01,3.62,332.568,0.42
2026-06-02,3.62,,0.41
2026-06-03,3.62,,0.41
2026-06-04,3.62,,0.42
2026-06-05,3.62,,0.38
2026-06-06,3.62,,
2026-06-07,3.62,,
2026-06-08,3.62,,0.41
2026-06-09,3.62,,0.4
2026-06-10,3.62,,0.42
2026-06-11,3.62,,0.4
2026-06-12,3.62,,0.39
2026-06-13,3.62,,
2026-06-14,3.62,,
2026-06-15,3.63,,0.4
2026-06-16,3.63,,0.38
2026-06-17,3.63,,0.29
2026-06-18,3.63,,0.27
2026-06-19,3.63,,
2026-06-20,3.63,,
2026-06-21,3.63,,
2026-06-22,3.63,,0.27
2026-06-23,3.63,,0.34
2026-06-24,3.63,,0.3
2026-06-25,3.63,,0.31
2026-06-26,3.63,,0.31
2026-06-27,3.63,,
2026-06-28,3.63,,
2026-06-29,3.63,,0.28
2026-06-30,3.63,,0.3
2026-07-01,3.63,332.813,0.31
2026-07-02,3.63,,0.35
2026-07-03,3.63,,
2026-07-04,3.63,,
2026-07-05,3.63,,
2026-07-06,3.63,,0.35
2026-07-07,3.63,,0.36
2026-07-08,3.62,,0.35
2026-07-09,3.62,,0.38
2026-07-10,3.62,,0.35
2026-07-11,3.62,,
2026-07-12,3.62,,
2026-07-13,3.62,,0.36
2026-07-14,3.63,,0.4
2026-07-15,3.63,,0.42
2026-07-16,3.63,,0.41
2026-07-17,3.63,,0.37
2026-07-18,3.63,,
2026-07-19,3.63,,
2026-07-20,3.63,,0.39
2026-07-21,3.63,,0.37
2026-07-22,3.63,,0.36
2026-07-23,3.63,,0.34
2026-07-24,3.63,,0.36
2026-07-25,3.63,,
2026-07-26,3.63,,
2026-07-27,3.63,,0.34
2026-07-28,3.63,,0.35
2026-07-29,3.63,,0.45
2026-07-30,3.63,,0.45
2026-07-31,3.63,,0.47
2026-08-01,3.63,334.131,
2026-08-02,3.63,,
2026-08-03,3.63,,0.45
2026-08-04,3.63,,0.43
2026-08-05,3.63,,0.45
2026-08-06,3.63,,0.44
2026-08-07,3.63,,0.46
2026-08-08,3.63,,
2026-08-09,3.63,,
2026-08-10,3.63,,0.47
2026-08-11,3.63,,0.48
2026-08-12,3.63,,0.48
2026-08-13,3.63,,0.48
2026-08-14,3.63,,0.51
2026-08-15,3.63,,
2026-08-16,3.63,,
2026-08-17,3.63,,0.53
2026-08-18,3.63,,0.52
2026-08-19,3.63,,0.46
2026-08-20,3.63,,0.5
2026-08-21,3.63,,0.5
2026-08-22,3.63,,
2026-08-23,3.63,,
2026-08-24,3.63,,0.46
2026-08-25,3.63,,0.47
2026-08-26,3.63,,0.47
2026-08-27,3.63,,0.47
2026-08-28,3.63,,0.39
2026-08-29,3.63,,
2026-08-30,3.63,,
2026-08-31,3.63,,0.41
2026-09-01,3.63,,0.4
2026-09-02,3.63,,0.4
2026-09-03,3.63,,0.43
2026-09-04,3.63,,0.41
2026-09-05,3.63,,
2026-09-06,3.63,,
2026-09-07,3.63,,
2026-09-08,3.63,,0.41
2026-09-09,3.63,,0.4
2026-09-10,3.63,,0.39
2026-09-11,3.63,,0.33
2026-09-12,3.63,,
2026-09-13,3.63,,
2026-09-14,3.63,,0.32
2026-09-15,3.63,,0.33
2026-09-16,3.63,,0.27
2026-09-17,3.88,,0.27
2026-09-18,3.88,,0.25
2026-09-19,3.88,,
2026-09-20,3.88,,
2026-09-21,3.88,,0.2
2026-09-22,,,0.25
