date,SPY,SHY,TLT,GLD,BTC-USD,IBIT
2004-11-18,79.54772186279297,53.600181579589844,43.484317779541016,44.380001068115234,,
2004-11-19,78.66341400146484,53.51487350463867,43.1373176574707,44.779998779296875,,
2004-11-22,79.03855895996094,53.52799987792969,43.362144470214844,44.95000076293945,,
2004-11-23,79.15917205810547,53.521453857421875,43.41591262817383,44.75,,
2004-11-24,79.34677124023438,53.51487350463867,43.41591262817383,45.04999923706055,,
2004-11-26,79.28644561767578,53.46239471435547,43.132423400878906,45.290000915527344,,
2004-11-29,78.9246826171875,53.46897888183594,42.67294692993164,45.400001525878906,,
2004-11-30,78.97827911376953,53.48213577270508,42.4921760559082,45.119998931884766,,
2004-12-01,79.87599182128906,53.51823043823242,42.42592239379883,45.380001068115234,,
2004-12-02,79.9429931640625,53.4985237121582,42.254127502441406,44.95000076293945,,
2004-12-03,79.88939666748047,53.6168098449707,42.911746978759766,45.599998474121094,,
2004-12-06,79.86260986328125,53.62339782714844,43.058998107910156,45.16999816894531,,
2004-12-07,79.11898803710938,53.62339782714844,43.11294174194336,45.11000061035156,,
2004-12-08,79.58123779296875,53.643062591552734,43.7852783203125,44.0099983215332,,
2004-12-09,79.86260986328125,53.63653564453125,43.495784759521484,43.779998779296875,,
2004-12-10,79.9429931640625,53.643062591552734,43.603729248046875,43.439998626708984,,
2004-12-13,80.63975524902344,53.60367202758789,43.69696807861328,43.90999984741211,,
2004-12-14,80.92108917236328,53.6168098449707,43.86870574951172,43.54999923706055,,
2004-12-15,80.98136901855469,53.66935348510742,44.266197204589844,43.9900016784668,,
2004-12-16,80.93447875976562,53.61024856567383,43.61353302001953,43.68000030517578,,
2004-12-17,80.3946533203125,53.590545654296875,43.554649353027344,44.189998626708984,,
2004-12-20,80.41487884521484,53.590545654296875,43.6331672668457,44.34000015258789,,
2004-12-21,81.0340805053711,53.597076416015625,43.765647888183594,44.220001220703125,,
2004-12-22,81.22930908203125,53.597076416015625,43.61842346191406,44.02000045776367,,
2004-12-23,81.28987884521484,53.58392333984375,43.47611618041992,44.27000045776367,,
2004-12-27,81.12161254882812,53.551116943359375,43.137508392333984,44.47999954223633,,
2004-12-28,81.56584930419922,53.570796966552734,43.103145599365234,44.369998931884766,,
2004-12-29,81.68701171875,53.564247131347656,43.058998107910156,43.65999984741211,,
2004-12-30,81.5322036743164,53.58392333984375,43.348541259765625,43.83000183105469,,
2004-12-31,81.35716247558594,53.6063346862793,43.62189865112305,43.79999923706055,,
2005-01-03,80.97354888916016,53.61289596557617,43.715545654296875,43.02000045776367,,
2005-01-04,79.98408508300781,53.49440383911133,43.25737380981445,42.7400016784668,,
2005-01-05,79.43214416503906,53.5075798034668,43.48894119262695,42.66999816894531,,
2005-01-06,79.83599090576172,53.533931732177734,43.51847457885742,42.150001525878906,,
2005-01-07,79.7215805053711,53.54044723510742,43.617000579833984,41.84000015258789,,
2005-01-10,80.09852600097656,53.5075798034668,43.68599319458008,41.95000076293945,,
2005-01-11,79.54658508300781,53.520721435546875,43.94214630126953,42.209999084472656,,
2005-01-12,79.80908966064453,53.52735900878906,44.00127410888672,42.599998474121094,,
2005-01-13,79.16963195800781,53.59317398071289,44.424949645996094,42.599998474121094,,
2005-01-14,79.58695983886719,53.56681442260742,44.41996765136719,42.31999969482422,,
2005-01-18,80.41487884521484,53.547119140625,44.567752838134766,42.31999969482422,,
2005-01-19,79.57352447509766,53.55363845825195,44.695884704589844,42.2599983215332,,
2005-01-20,79.08887481689453,53.599735260009766,44.78451156616211,42.25,,
2005-01-21,78.60420989990234,53.65240478515625,44.833797454833984,42.7400016784668,,
2005-01-24,78.44942474365234,53.61945724487305,45.02592849731445,42.77000045776367,,
2005-01-25,78.67156982421875,53.599735260009766,44.602272033691406,42.2400016784668,,
2005-01-26,78.9071273803711,53.57998275756836,44.68600845336914,42.689998626708984,,
2005-01-27,79.0417251586914,53.56681442260742,44.602272033691406,42.619998931884766,,
2005-01-28,79.0417251586914,53.59317398071289,45.05050277709961,42.689998626708984,,
2005-01-31,79.53311920166016,53.58660125732422,45.178619384765625,42.220001220703125,,
2005-02-01,80.0379409790039,53.60039520263672,45.10691452026367,42.099998474121094,,
2005-02-02,80.28022766113281,53.58061218261719,45.210784912109375,42.15999984741211,,
2005-02-03,80.07158660888672,53.54765701293945,45.18604278564453,41.68000030517578,,
2005-02-04,80.92642211914062,53.60039520263672,45.81401824951172,41.470001220703125,,
2005-02-07,80.81871032714844,53.58723068237305,46.15525817871094,41.27000045776367,,
2005-02-08,80.9129867553711,53.56743240356445,46.417293548583984,41.2599983215332,,
2005-02-09,80.3071517944336,53.66636657714844,46.54093933105469,41.310001373291016,,
2005-02-10,80.59654998779297,53.626800537109375,45.91294860839844,41.75,,
2005-02-11,81.28987884521484,53.60039520263672,45.88327407836914,42.08000183105469,,
2005-02-14,81.22930908203125,53.574066162109375,46.02665328979492,42.54999923706055,,
2005-02-15,81.5322036743164,53.58061218261719,45.79423141479492,42.58000183105469,,
2005-02-16,81.58605194091797,53.5542106628418,45.62120819091797,42.52000045776367,,
2005-02-17,80.92642211914062,53.58061218261719,45.33440017700195,42.72999954223633,,
2005-02-18,81.0340805053711,53.508056640625,44.928897857666016,42.75,,
2005-02-22,79.82925415039062,53.52783966064453,44.73112487792969,43.56999969482422,,
2005-02-23,80.40140533447266,53.52131652832031,44.879432678222656,43.41999816894531,,
2005-02-24,80.93313598632812,53.508056640625,44.78055191040039,43.33000183105469,,
2005-02-25,81.734130859375,53.48165512084961,44.99812316894531,43.5,,
2005-02-28,81.19566345214844,53.44867706298828,44.513545989990234,43.529998779296875,,
2005-03-01,81.59947967529297,53.437435150146484,44.499671936035156,43.220001220703125,,
2005-03-02,81.55914306640625,53.47053909301758,44.440101623535156,43.25,,
2005-03-03,81.59276580810547,53.49033737182617,44.41535186767578,42.970001220703125,,
2005-03-04,82.6091537475586,53.49033737182617,44.896484375,43.380001068115234,,
2005-03-07,82.6495132446289,53.47053909301758,45.075077056884766,43.470001220703125,,
2005-03-08,82.33992767333984,53.47053909301758,44.648468017578125,44.029998779296875,,
2005-03-09,81.42449188232422,53.45073699951172,43.91929244995117,44.02000045776367,,
2005-03-10,81.60626220703125,53.410972595214844,44.187103271484375,44.20000076293945,,
2005-03-11,81.0340805053711,53.39779281616211,43.864749908447266,44.43000030517578,,
2005-03-14,81.53890228271484,53.377967834472656,44.12761688232422,44.029998779296875,,
2005-03-15,80.8658447265625,53.35814666748047,43.84981918334961,44.060001373291016,,
2005-03-16,80.17927551269531,53.42424011230469,44.117733001708984,44.310001373291016,,
2005-03-17,80.3408203125,53.4440803527832,44.26157760620117,43.81999969482422,,
2005-03-18,80.10228729248047,53.41764450073242,43.98377227783203,43.88999938964844,,
2005-03-21,79.804931640625,53.45073699951172,43.85976028442383,43.09000015258789,,
2005-03-22,78.99405670166016,53.35814666748047,43.487728118896484,42.650001525878906,,
2005-03-23,79.0616455078125,53.35150909423828,43.696075439453125,42.41999816894531,,
2005-03-24,79.15625,53.364715576171875,43.78536605834961,42.38999938964844,,
2005-03-28,79.27113342285156,53.33829879760742,43.51747131347656,42.540000915527344,,
2005-03-29,78.7440414428711,53.377967834472656,43.77544021606445,42.560001373291016,,
2005-03-30,79.85899353027344,53.38460159301758,43.993709564208984,42.61000061035156,,
2005-03-31,79.71033477783203,53.45731735229492,44.3111686706543,42.81999969482422,,
2005-04-01,79.35220336914062,53.490379333496094,44.460533142089844,42.619998931884766,,
2005-04-04,79.48731994628906,53.490379333496094,44.45058822631836,42.400001525878906,,
2005-04-05,79.86579895019531,53.50367736816406,44.33607482910156,42.45000076293945,,
2005-04-06,80.1427993774414,53.543453216552734,44.49039840698242,42.630001068115234,,
2005-04-07,80.57530212402344,53.523536682128906,44.13190841674805,42.56999969482422,,
2005-04-08,79.73738098144531,53.51688003540039,44.28627395629883,42.689998626708984,,
2005-04-11,79.79821014404297,53.51688003540039,44.52528381347656,42.779998779296875,,
2005-04-12,80.21041870117188,53.5500373840332,44.938514709472656,42.84000015258789,,
2005-04-13,79.26435852050781,53.62959289550781,44.82896041870117,42.900001525878906,,
2005-04-14,78.23046112060547,53.675933837890625,44.759246826171875,42.310001373291016,,
2005-04-15,77.13577270507812,53.762088775634766,45.351749420166016,42.400001525878906,,
2005-04-18,77.372314453125,53.73552322387695,45.31689453125,42.689998626708984,,
2005-04-19,77.98722076416016,53.80183029174805,45.7550048828125,43.279998779296875,,
2005-04-20,76.89926147460938,53.781951904296875,45.640499114990234,43.400001525878906,,
2005-04-21,78.39269256591797,53.6891975402832,45.16257095336914,43.189998626708984,,
2005-04-22,78.0953140258789,53.70245361328125,45.54093933105469,43.38999938964844,,
2005-04-25,78.60892486572266,53.71567153930664,45.675357818603516,43.439998626708984,,
2005-04-26,77.8453140258789,53.70245361328125,45.605655670166016,43.63999938964844,,
2005-04-27,78.14934539794922,53.74219512939453,45.764957427978516,43.20000076293945,,
2005-04-28,77.16957092285156,53.788612365722656,46.103515625,43.0,,
2005-04-29,78.21696472167969,53.73552322387695,46.023860931396484,43.349998474121094,,
2005-05-02,78.65616607666016,53.742225646972656,46.013877868652344,42.880001068115234,,
2005-05-03,78.79130554199219,53.775421142578125,46.1387825012207,42.7599983215332,,
2005-05-04,79.3995132446289,53.795318603515625,45.73406982421875,42.900001525878906,,
2005-05-05,79.37250518798828,53.84853744506836,45.8390007019043,42.90999984741211,,
2005-05-06,79.12245178222656,53.72894287109375,45.49922180175781,42.52000045776367,,
2005-05-09,79.61571502685547,53.7023811340332,45.5441780090332,42.54999923706055,,
2005-05-10,78.79130554199219,53.742225646972656,45.868988037109375,42.63999938964844,,
2005-05-11,79.22381591796875,53.775421142578125,46.00889205932617,42.689998626708984,,
2005-05-12,78.35208892822266,53.80199432373047,46.18874740600586,42.15999984741211,,
2005-05-13,78.19667053222656,53.8616943359375,46.368656158447266,41.95000076293945,,
2005-05-16,78.92649841308594,53.84853744506836,46.313682556152344,41.880001068115234,,
2005-05-17,79.45358276367188,53.84853744506836,46.443580627441406,41.86000061035156,,
2005-05-18,80.27125549316406,53.901588439941406,46.75336456298828,42.04999923706055,,
2005-05-19,80.60908508300781,53.8218994140625,46.633460998535156,41.97999954223633,,
2005-05-20,80.49420928955078,53.8218994140625,46.68840026855469,41.650001525878906,,
2005-05-23,80.94019317626953,53.855098724365234,47.05314254760742,41.619998931884766,,
2005-05-24,80.75098419189453,53.888328552246094,47.18307113647461,41.72999954223633,,
2005-05-25,80.6902084350586,53.908233642578125,46.853336334228516,41.869998931884766,,
2005-05-26,81.1226806640625,53.888328552246094,46.838321685791016,41.689998626708984,,
2005-05-27,81.25782012939453,53.908233642578125,46.88827896118164,41.880001068115234,,
2005-05-31,80.73748016357422,53.94807815551758,47.46788024902344,41.650001525878906,,
2005-06-01,81.42671966552734,54.05460739135742,48.04914093017578,41.529998779296875,,
2005-06-02,81.6024398803711,54.03464126586914,48.16446304321289,42.099998474121094,,
2005-06-03,81.19023132324219,53.96804428100586,47.7682991027832,42.16999816894531,,
2005-06-06,81.11590576171875,53.994693756103516,48.01902389526367,42.47999954223633,,
2005-06-07,81.17671966552734,54.00802993774414,48.400177001953125,42.380001068115234,,
2005-06-08,81.02803039550781,53.994693756103516,48.16947937011719,42.34000015258789,,
2005-06-09,81.41324615478516,53.961368560791016,48.129390716552734,42.27000045776367,,
2005-06-10,81.2240219116211,53.91483688354492,47.58775329589844,42.619998931884766,,
2005-06-13,81.48079681396484,53.91483688354492,47.301883697509766,42.779998779296875,,
2005-06-14,81.67001342773438,53.928138732910156,46.990936279296875,42.599998474121094,,
2005-06-15,81.8254165649414,53.91483688354492,47.076210021972656,42.7400016784668,,
2005-06-16,82.0348892211914,53.961368560791016,47.31186294555664,43.459999084472656,,
2005-06-17,82.3388671875,53.95476531982422,47.306888580322266,43.630001068115234,,
2005-06-20,82.36597442626953,53.941463470458984,47.22663497924805,43.65999984741211,,
2005-06-21,82.41349029541016,53.94810104370117,47.57269287109375,43.810001373291016,,
2005-06-22,82.4813232421875,54.06790542602539,48.14942932128906,43.720001220703125,,
2005-06-23,81.32115173339844,54.047950744628906,48.09928512573242,44.02000045776367,,
2005-06-24,80.72411346435547,54.07456588745117,48.34001922607422,43.900001525878906,,
2005-06-27,80.83942413330078,54.09452819824219,48.47038269042969,43.90999984741211,,
2005-06-28,81.51791381835938,54.03464126586914,48.13939666748047,43.45000076293945,,
2005-06-29,81.30078887939453,54.047950744628906,48.06417465209961,43.630001068115234,,
2005-06-30,80.85980224609375,54.08129119873047,48.49547576904297,43.439998626708984,,
2005-07-01,81.09724426269531,53.93180847167969,47.90769577026367,42.70000076293945,,
2005-07-05,81.74858856201172,53.94513702392578,47.45478057861328,42.279998779296875,,
2005-07-06,81.06334686279297,53.978492736816406,47.71643829345703,42.25,,
2005-07-07,81.38223266601562,54.02519607543945,47.817115783691406,42.36000061035156,,
2005-07-08,82.31169891357422,53.965118408203125,47.620872497558594,42.2599983215332,,
2005-07-11,82.73236846923828,53.92509460449219,47.620872497558594,42.540000915527344,,
2005-07-12,82.9494857788086,53.92509460449219,47.35413360595703,42.63999938964844,,
2005-07-13,83.0647964477539,53.93180847167969,47.283660888671875,42.349998474121094,,
2005-07-14,83.3905029296875,53.93180847167969,47.162940979003906,41.900001525878906,,
2005-07-15,83.3429946899414,53.938446044921875,47.28870391845703,42.04999923706055,,
2005-07-18,83.0105209350586,53.92509460449219,46.936466217041016,42.0099983215332,,
2005-07-19,83.46509552001953,53.94513702392578,47.1025276184082,41.88999938964844,,
2005-07-20,83.75009155273438,53.938446044921875,47.359161376953125,42.20000076293945,,
2005-07-21,83.2615966796875,53.885093688964844,46.71505355834961,42.459999084472656,,
2005-07-22,83.81793212890625,53.938446044921875,47.077327728271484,42.45000076293945,,
2005-07-25,83.58045196533203,53.918460845947266,46.90623092651367,42.5099983215332,,
2005-07-26,83.68220520019531,53.905113220214844,46.981719970703125,42.25,,
2005-07-27,83.98749542236328,53.905113220214844,46.90623092651367,42.439998626708984,,
2005-07-28,84.51673889160156,53.91176223754883,47.32393264770508,42.75,,
2005-07-29,83.95361328125,53.87841033935547,46.85592269897461,42.81999969482422,,
2005-08-01,83.89253997802734,53.84563446044922,46.681671142578125,43.130001068115234,,
2005-08-02,84.39457702636719,53.85232162475586,46.5301399230957,43.13999938964844,,
2005-08-03,84.61849212646484,53.87239456176758,46.757450103759766,43.529998779296875,,
2005-08-04,83.94001770019531,53.87239456176758,46.66147232055664,43.68000030517578,,
2005-08-05,83.37010192871094,53.825599670410156,46.29781723022461,43.599998474121094,,
2005-08-08,83.21410369873047,53.772064208984375,46.21192932128906,43.349998474121094,,
2005-08-09,83.71614837646484,53.83224105834961,46.3836669921875,43.34000015258789,,
2005-08-10,83.67542266845703,53.83224105834961,46.33317565917969,43.650001525878906,,
2005-08-11,84.00785827636719,53.87239456176758,46.656402587890625,44.45000076293945,,
2005-08-12,83.49226379394531,53.93928527832031,47.13124084472656,44.4900016784668,,
2005-08-15,84.00785827636719,53.91252517700195,47.00996017456055,44.130001068115234,,
2005-08-16,82.91555786132812,53.93928527832031,47.338356018066406,44.54999923706055,,
2005-08-17,82.90875244140625,53.95263671875,47.02516555786133,43.90999984741211,,
2005-08-18,82.9020004272461,53.99945068359375,47.37366485595703,43.83000183105469,,
2005-08-19,83.0919418334961,53.9793815612793,47.3686637878418,43.599998474121094,,
2005-08-22,83.0919418334961,53.986083984375,47.31813049316406,43.70000076293945,,
2005-08-23,82.9359359741211,54.03956604003906,47.53529357910156,43.7599983215332,,
2005-08-24,82.19633483886719,54.046234130859375,47.58074188232422,43.59000015258789,,
2005-08-25,82.49488830566406,54.03956604003906,47.73234176635742,43.72999954223633,,
2005-08-26,81.9317855834961,53.99945068359375,47.7171745300293,43.61000061035156,,
2005-08-29,82.5627670288086,54.0128059387207,47.77778625488281,43.56999969482422,,
2005-08-30,82.12850189208984,54.09305191040039,48.0807991027832,43.0099983215332,,
2005-08-31,83.16657257080078,54.233455657958984,48.48487854003906,43.400001525878906,,
2005-09-01,83.10552215576172,54.29926300048828,48.19293212890625,44.220001220703125,,
2005-09-02,82.9562759399414,54.36627197265625,48.2335090637207,44.25,,
2005-09-06,83.92647552490234,54.27908706665039,47.89387893676758,44.27000045776367,,
2005-09-07,84.06896209716797,54.23884201049805,47.44276809692383,44.33000183105469,,
2005-09-08,83.79075622558594,54.2120361328125,47.49345779418945,44.599998474121094,,
2005-09-09,84.53709411621094,54.22547149658203,47.645565032958984,44.84000015258789,,
2005-09-12,84.36747741699219,54.20534133911133,47.3160400390625,44.88999938964844,,
2005-09-13,83.89933776855469,54.23884201049805,47.56443786621094,44.560001373291016,,
2005-09-14,83.59402465820312,54.232177734375,47.3819580078125,44.959999084472656,,
2005-09-15,83.5533218383789,54.21870422363281,46.99167251586914,45.41999816894531,,
2005-09-16,84.1474380493164,54.17852783203125,46.682491302490234,45.81999969482422,,
2005-09-19,83.86809539794922,54.19190979003906,46.783897399902344,46.25,,
2005-09-20,83.15947723388672,54.15168380737305,46.90552520751953,46.22999954223633,,
2005-09-21,82.38277435302734,54.20534133911133,47.341407775878906,47.060001373291016,,
2005-09-22,82.67569732666016,54.22547149658203,47.295806884765625,46.36000061035156,,
2005-09-23,82.7438735961914,54.17852783203125,46.94099044799805,46.279998779296875,,
2005-09-26,82.83926391601562,54.138282775878906,46.728111267089844,46.56999969482422,,
2005-09-27,82.81880187988281,54.11817932128906,46.794010162353516,46.25,,
2005-09-28,82.90059661865234,54.138282775878906,47.10824203491211,46.79999923706055,,
2005-09-29,83.57510375976562,54.11817932128906,46.89540481567383,47.099998474121094,,
2005-09-30,83.83399200439453,54.07117462158203,46.733177185058594,46.70000076293945,,
2005-10-03,83.53424072265625,54.04698181152344,46.36782455444336,46.41999816894531,,
2005-10-04,82.59398651123047,54.040260314941406,46.52043914794922,46.45000076293945,,
2005-10-05,81.51058959960938,54.06718063354492,46.72403335571289,46.36000061035156,,
2005-10-06,81.21763610839844,54.06718063354492,46.54594802856445,47.209999084472656,,
2005-10-07,81.49701690673828,54.1075439453125,46.73418045043945,47.36000061035156,,
2005-10-10,80.80882263183594,54.100807189941406,46.703636169433594,47.369998931884766,,
2005-10-11,80.69298553466797,54.08734130859375,46.606971740722656,47.38999938964844,,
2005-10-12,80.05936431884766,54.04698181152344,46.15407180786133,46.849998474121094,,
2005-10-13,80.01162719726562,54.04698181152344,45.986114501953125,47.02000045776367,,
2005-10-14,80.85651397705078,54.06047821044922,45.914894104003906,46.79999923706055,,
2005-10-17,81.15629577636719,54.03353500366211,45.904747009277344,47.2599983215332,,
2005-10-18,80.27735137939453,54.080657958984375,45.95561599731445,47.0,,
2005-10-19,81.61280059814453,54.1075439453125,45.9759635925293,46.34000015258789,,
2005-10-20,80.17512512207031,54.1075439453125,46.09810256958008,45.97999954223633,,
2005-10-21,80.48855590820312,54.14118194580078,46.525550842285156,46.52000045776367,,
2005-10-24,81.73543548583984,54.12096405029297,46.164283752441406,46.38999938964844,,
2005-10-25,81.57192993164062,54.02680206298828,45.7673454284668,47.060001373291016,,
2005-10-26,81.33343505859375,54.006649017333984,45.43148422241211,46.93000030517578,,
2005-10-27,80.4681396484375,54.04698181152344,45.59435272216797,47.18000030517578,,
2005-10-28,81.62642669677734,54.04698181152344,45.59943389892578,47.220001220703125,,
2005-10-31,81.8512954711914,54.02680206298828,45.68589782714844,46.400001525878906,,
2005-11-01,82.09654998779297,54.04172897338867,45.63325881958008,45.72999954223633,,
2005-11-02,82.95506286621094,54.03493881225586,45.41859817504883,46.130001068115234,,
2005-11-03,83.30940246582031,54.007896423339844,45.11194610595703,45.959999084472656,,
2005-11-04,83.20036315917969,54.007896423339844,45.0403938293457,45.5099983215332,,
2005-11-07,83.28215026855469,54.001197814941406,45.19373321533203,45.77000045776367,,
2005-11-08,83.28215026855469,54.06863784790039,45.63325881958008,45.90999984741211,,
2005-11-09,83.39115905761719,54.001197814941406,45.16302490234375,46.560001373291016,,
2005-11-10,84.0384292602539,54.07537841796875,45.715065002441406,46.47999954223633,,
2005-11-11,84.32461547851562,54.09560775756836,45.740596771240234,46.79999923706055,,
2005-11-14,84.27689361572266,54.01469039916992,45.39814376831055,46.619998931884766,,
2005-11-15,83.97029876708984,54.05513000488281,45.694583892822266,46.65999984741211,,
2005-11-16,84.140625,54.12261962890625,46.175071716308594,47.779998779296875,,
2005-11-17,84.92423248291016,54.16975784301758,46.28752517700195,48.47999954223633,,
2005-11-18,85.2580337524414,54.16975784301758,46.072879791259766,48.459999084472656,,
2005-11-21,85.68731689453125,54.203529357910156,46.21084976196289,48.9900016784668,,
2005-11-22,86.05525207519531,54.27770233154297,46.272193908691406,49.31999969482422,,
2005-11-23,86.55261993408203,54.21030807495117,46.09328079223633,49.150001525878906,,
2005-11-25,86.62075805664062,54.257511138916016,46.26198196411133,49.41999816894531,,
2005-11-28,86.00755310058594,54.27098846435547,46.4919548034668,49.7400016784668,,
2005-11-29,85.91217041015625,54.23048400878906,46.052391052246094,49.79999923706055,,
2005-11-30,85.4488296508789,54.23729705810547,46.00128936767578,49.099998474121094,,
2005-12-01,86.32097625732422,54.18383026123047,45.92943572998047,50.16999816894531,,
2005-12-02,86.43000793457031,54.2311897277832,45.94483184814453,50.31999969482422,,
2005-12-05,86.2459945678711,54.17029571533203,45.73948287963867,50.779998779296875,,
2005-12-06,86.4095458984375,54.24467849731445,46.20664596557617,50.88999938964844,,
2005-12-07,85.90532684326172,54.251468658447266,46.03208923339844,51.31999969482422,,
2005-12-08,85.850830078125,54.31911087036133,46.32984161376953,51.900001525878906,,
2005-12-09,86.07567596435547,54.26503372192383,45.965335845947266,52.400001525878906,,
2005-12-12,86.157470703125,54.25820541381836,45.878082275390625,52.560001373291016,,
2005-12-13,86.743408203125,54.28535461425781,46.047489166259766,51.650001525878906,,
2005-12-14,87.0841064453125,54.34616470336914,46.5197639465332,50.349998474121094,,
2005-12-15,86.83200073242188,54.34616470336914,46.406837463378906,50.2400016784668,,
2005-12-16,86.55254364013672,54.37998580932617,46.560855865478516,50.09000015258789,,
2005-12-19,86.10723876953125,54.34616470336914,46.60702896118164,50.220001220703125,,
2005-12-20,86.18951416015625,54.33939743041992,46.55059051513672,49.040000915527344,,
2005-12-21,86.32652282714844,54.33939743041992,46.46841049194336,49.369998931884766,,
2005-12-22,86.77854919433594,54.38675308227539,46.83802795410156,50.13999938964844,,
2005-12-23,86.82649993896484,54.41383361816406,47.125511169433594,50.119998931884766,,
2005-12-27,85.9428939819336,54.42058563232422,47.510528564453125,50.63999938964844,,
2005-12-28,86.13471984863281,54.48776626586914,47.378089904785156,51.470001220703125,,
2005-12-29,85.7511215209961,54.44706344604492,47.4811897277832,51.470001220703125,,
2005-12-30,85.28536224365234,54.426658630371094,47.37293243408203,51.58000183105469,,
2006-01-03,86.78541564941406,54.50138854980469,47.311031341552734,53.119998931884766,,
2006-01-04,87.19642639160156,54.55558395385742,47.424461364746094,53.29999923706055,,
2006-01-05,87.25119018554688,54.50811767578125,47.36775588989258,52.34000015258789,,
2006-01-06,87.9772720336914,54.52170181274414,47.280128479003906,53.720001220703125,,
2006-01-09,88.20329284667969,54.528446197509766,47.311031341552734,54.599998474121094,,
2006-01-10,88.2923583984375,54.47422790527344,46.9295768737793,54.060001373291016,,
2006-01-11,88.57315063476562,54.47422790527344,46.85224533081055,54.529998779296875,,
2006-01-12,88.223876953125,54.50138854980469,47.16670227050781,54.43000030517578,,
2006-01-13,88.14166259765625,54.609886169433594,47.43991470336914,55.439998626708984,,
2006-01-17,87.90188598632812,54.589561462402344,47.651268005371094,55.2599983215332,,
2006-01-18,87.55258178710938,54.58279037475586,47.635807037353516,54.06999969482422,,
2006-01-19,87.88821411132812,54.589561462402344,47.496612548828125,55.59000015258789,,
2006-01-20,86.28538513183594,54.609886169433594,47.62030029296875,55.20000076293945,,
2006-01-23,86.5936279296875,54.61670684814453,47.604862213134766,55.77000045776367,,
2006-01-24,86.68267822265625,54.60309600830078,47.37293243408203,55.72999954223633,,
2006-01-25,86.75802612304688,54.528446197509766,46.857418060302734,56.13999938964844,,
2006-01-26,87.23748016357422,54.53527069091797,46.656394958496094,55.880001068115234,,
2006-01-27,88.04573059082031,54.49449920654297,46.656394958496094,55.630001068115234,,
2006-01-30,87.9772720336914,54.52170181274414,46.61000061035156,56.68000030517578,,
2006-01-31,87.33338165283203,54.52170181274414,46.738861083984375,56.70000076293945,,
2006-02-01,87.94300079345703,54.472068786621094,46.579010009765625,56.70000076293945,,
2006-02-02,86.92240905761719,54.472068786621094,46.66697311401367,56.97999954223633,,
2006-02-03,86.49088287353516,54.49920654296875,46.998043060302734,56.5,,
2006-02-06,86.71690368652344,54.472068786621094,47.091163635253906,56.720001220703125,,
2006-02-07,85.94976806640625,54.47880935668945,46.86870193481445,54.599998474121094,,
2006-02-08,86.73060607910156,54.45838928222656,46.76005172729492,54.83000183105469,,
2006-02-09,86.5867691040039,54.44477081298828,46.9721794128418,56.18000030517578,,
2006-02-10,86.74433898925781,54.40398025512695,46.71353530883789,54.790000915527344,,
2006-02-13,86.5867691040039,54.44477081298828,46.718692779541016,53.720001220703125,,
2006-02-14,87.50465393066406,54.44477081298828,46.55314636230469,54.4900016784668,,
2006-02-15,87.81285858154297,54.43796157836914,46.66697311401367,53.7599983215332,,
2006-02-16,88.47041320800781,54.47880935668945,46.677303314208984,54.52000045776367,,
2006-02-17,88.23070526123047,54.51969528198242,47.04977035522461,54.959999084472656,,
2006-02-21,88.01152038574219,54.47880935668945,46.9721794128418,55.119998931884766,,
2006-02-22,88.5457992553711,54.51969528198242,47.29288864135742,55.34000015258789,,
2006-02-23,88.41561889648438,54.472068786621094,47.173927307128906,54.63999938964844,,
2006-02-24,88.64168548583984,54.492431640625,47.10149002075195,55.63999938964844,,
2006-02-27,88.67594909667969,54.465171813964844,47.02389144897461,55.220001220703125,,
2006-02-28,87.83341979980469,54.540061950683594,47.256690979003906,56.06999969482422,,
2006-03-01,88.61425018310547,54.51205825805664,46.971153259277344,56.099998474121094,,
2006-03-02,88.607421875,54.53253173828125,46.64410400390625,56.7400016784668,,
2006-03-03,88.19644927978516,54.477943420410156,46.374176025390625,56.279998779296875,,
2006-03-06,87.79230499267578,54.49839401245117,45.969242095947266,55.22999954223633,,
2006-03-07,87.65533447265625,54.49839401245117,46.00038528442383,54.95000076293945,,
2006-03-08,87.84027099609375,54.53253173828125,45.98479080200195,53.970001220703125,,
2006-03-09,87.25119018554688,54.553104400634766,46.00038528442383,54.2400016784668,,
2006-03-10,88.07999420166016,54.49839401245117,45.82903289794922,53.83000183105469,,
2006-03-13,88.2444076538086,54.49839401245117,45.792747497558594,54.310001373291016,,
2006-03-14,89.1690902709961,54.60764694213867,46.09903335571289,54.869998931884766,,
2006-03-15,89.56636810302734,54.621395111083984,45.849815368652344,55.119998931884766,,
2006-03-16,89.75133514404297,54.716976165771484,46.26515197753906,55.34000015258789,,
2006-03-17,89.82627868652344,54.69646072387695,46.12498474121094,55.119998931884766,,
2006-03-20,89.68185424804688,54.723812103271484,46.19766616821289,55.16999816894531,,
2006-03-21,89.11793518066406,54.628170013427734,45.95886993408203,54.83000183105469,,
2006-03-22,89.6612548828125,54.64186096191406,46.057498931884766,54.75,,
2006-03-23,89.47555541992188,54.628170013427734,45.912139892578125,54.70000076293945,,
2006-03-24,89.54434967041016,54.7033576965332,46.24956512451172,55.709999084472656,,
2006-03-27,89.41364288330078,54.68962478637695,46.07823944091797,56.38999938964844,,
2006-03-28,88.86351013183594,54.64186096191406,45.64738464355469,56.060001373291016,,
2006-03-29,89.42053985595703,54.64186096191406,45.4293212890625,57.06999969482422,,
2006-03-30,89.26236724853516,54.614559173583984,45.1126708984375,58.599998474121094,,
2006-03-31,89.28302001953125,54.6349983215332,45.09711456298828,58.099998474121094,,
2006-04-03,89.21427154541016,54.60487365722656,45.1117057800293,58.470001220703125,,
2006-04-04,89.78500366210938,54.6459846496582,45.064781188964844,58.33000183105469,,
2006-04-05,90.09451293945312,54.65280532836914,45.127288818359375,58.65999984741211,,
2006-04-06,89.99817657470703,54.6459846496582,44.78342056274414,59.279998779296875,,
2006-04-07,89.08353424072266,54.61171340942383,44.34565734863281,58.59000015258789,,
2006-04-10,89.22109985351562,54.625431060791016,44.429073333740234,59.599998474121094,,
2006-04-11,88.46465301513672,54.67338562011719,44.58539962768555,59.0099983215332,,
2006-04-12,88.62971496582031,54.63911819458008,44.31439208984375,59.43000030517578,,
2006-04-13,88.5127944946289,54.63225173950195,44.001731872558594,59.5,,
2006-04-17,88.47840881347656,54.666561126708984,44.163291931152344,61.09000015258789,,
2006-04-18,89.88129425048828,54.741905212402344,44.24143981933594,61.849998474121094,,
2006-04-19,90.0531997680664,54.728214263916016,43.970489501953125,63.75,,
2006-04-20,90.177001953125,54.707611083984375,43.93401336669922,60.959999084472656,,
2006-04-21,90.19073486328125,54.707611083984375,44.18935012817383,63.20000076293945,,
2006-04-24,90.02570343017578,54.73508834838867,44.36654281616211,61.650001525878906,,
2006-04-25,89.65436553955078,54.693931579589844,43.84021759033203,62.779998779296875,,
2006-04-26,89.67499542236328,54.65280532836914,43.76725387573242,63.650001525878906,,
2006-04-27,90.10826110839844,54.741905212402344,43.824546813964844,62.959999084472656,,
2006-04-28,90.41085052490234,54.75563430786133,43.85585403442383,65.08999633789062,,
2006-05-01,89.67499542236328,54.7232666015625,43.52623748779297,65.16000366210938,,
2006-05-02,90.34894561767578,54.73017501831055,43.64133834838867,66.55000305175781,,
2006-05-03,90.01194763183594,54.73017501831055,43.547176361083984,66.45999908447266,,
2006-05-04,90.33519744873047,54.7370491027832,43.47394943237305,67.4800033569336,,
2006-05-05,91.13288879394531,54.75083923339844,43.73548889160156,67.98999786376953,,
2006-05-08,91.02288055419922,54.7439079284668,43.76163864135742,67.55999755859375,,
2006-05-09,91.20164489746094,54.75083923339844,43.73548889160156,69.68000030517578,,
2006-05-10,91.15351867675781,54.75083923339844,43.8139762878418,70.37999725341797,,
2006-05-11,90.0531997680664,54.77140808105469,43.59947204589844,71.02999877929688,,
2006-05-12,88.87726593017578,54.75083923339844,43.238529205322266,71.12000274658203,,
2006-05-15,89.05606842041016,54.778343200683594,43.411128997802734,67.41000366210938,,
2006-05-16,88.92536926269531,54.82644271850586,43.73548889160156,68.61000061035156,,
2006-05-17,87.23370361328125,54.79896926879883,43.46345138549805,68.1500015258789,,
2006-05-18,86.79359436035156,54.85395431518555,44.05464172363281,67.45999908447266,,
2006-05-19,87.4056167602539,54.84016418457031,44.169742584228516,65.58000183105469,,
2006-05-22,86.7385482788086,54.84016418457031,44.26388931274414,65.30000305175781,,
2006-05-23,86.07835388183594,54.8745231628418,44.23771286010742,66.37999725341797,,
2006-05-24,86.76605987548828,54.90895080566406,44.25870132446289,64.05999755859375,,
2006-05-25,87.83888244628906,54.90895080566406,44.085994720458984,64.69999694824219,,
2006-05-26,88.28585052490234,54.9295768737793,44.05464172363281,65.0999984741211,,
2006-05-30,86.7179183959961,54.88829803466797,44.03371810913086,65.11000061035156,,
2006-05-31,87.68759155273438,54.84708786010742,43.772132873535156,64.2300033569336,,
2006-06-01,88.52653503417969,54.914695739746094,43.9675178527832,62.560001373291016,,
2006-06-02,88.71221160888672,54.997459411621094,44.5347900390625,63.5,,
2006-06-05,87.41936492919922,54.94917297363281,44.476993560791016,63.290000915527344,,
2006-06-06,87.2061538696289,54.94917297363281,44.68709182739258,62.54999923706055,,
2006-06-07,86.55284881591797,54.914695739746094,44.69760513305664,62.279998779296875,,
2006-06-08,86.47723388671875,54.976776123046875,44.786869049072266,60.90999984741211,,
2006-06-09,86.20213317871094,54.976776123046875,45.023292541503906,60.45000076293945,,
2006-06-12,85.26688385009766,54.98367691040039,45.06001663208008,60.029998779296875,,
2006-06-13,84.27660369873047,54.969886779785156,45.09151840209961,55.91999816894531,,
2006-06-14,84.92992401123047,54.914695739746094,44.6397819519043,55.619998931884766,,
2006-06-15,86.73168182373047,54.90090560913086,44.382442474365234,57.31999969482422,,
2006-06-16,86.09962463378906,54.873287200927734,44.28268814086914,57.68000030517578,,
2006-06-19,85.42273712158203,54.85262680053711,44.21965026855469,56.36000061035156,,
2006-06-20,85.71283721923828,54.84569549560547,44.146114349365234,57.29999923706055,,
2006-06-21,86.34832000732422,54.859458923339844,44.15659713745117,58.33000183105469,,
2006-06-22,85.9684066772461,54.83195495605469,43.90449523925781,57.72999954223633,,
2006-06-23,85.95462036132812,54.81808090209961,43.81517028808594,57.9900016784668,,
2006-06-26,86.3344955444336,54.82501220703125,43.73115539550781,58.279998779296875,,
2006-06-27,85.58849334716797,54.859458923339844,43.94649887084961,57.68000030517578,,
2006-06-28,86.1687240600586,54.83195495605469,43.71540451049805,57.540000915527344,,
2006-06-29,87.90939331054688,54.92842102050781,43.862483978271484,59.52000045776367,,
2006-06-30,87.91627502441406,54.976776123046875,44.28789520263672,61.22999954223633,,
2006-07-03,88.27546691894531,54.96845626831055,44.244136810302734,62.18000030517578,,
2006-07-05,87.771240234375,54.92000961303711,43.890892028808594,62.5,,
2006-07-06,88.02681732177734,54.96156692504883,44.15976333618164,63.02000045776367,,
2006-07-07,87.45348358154297,55.003089904785156,44.444496154785156,62.630001068115234,,
2006-07-10,87.61927032470703,55.003089904785156,44.486724853515625,62.02000045776367,,
2006-07-11,88.00607299804688,55.003089904785156,44.62905502319336,63.810001373291016,,
2006-07-12,87.06670379638672,55.023895263671875,44.639564514160156,64.91999816894531,,
2006-07-13,85.65068817138672,55.09308624267578,44.81359100341797,65.55000305175781,,
2006-07-14,85.31909942626953,55.09995651245117,44.83998489379883,65.8499984741211,,
2006-07-17,85.19477081298828,55.09308624267578,44.90851593017578,63.95000076293945,,
2006-07-18,85.62995910644531,55.051517486572266,44.523582458496094,62.900001525878906,,
2006-07-19,86.8179702758789,55.1276969909668,44.94545364379883,64.02999877929688,,
2006-07-20,86.2239990234375,55.19691848754883,45.07722854614258,62.540000915527344,,
2006-07-21,85.61611938476562,55.18308639526367,44.992881774902344,61.709999084472656,,
2006-07-24,87.17717742919922,55.18308639526367,44.96651840209961,61.13999938964844,,
2006-07-25,87.48802947998047,55.169254302978516,44.8347053527832,61.54999923706055,,
2006-07-26,87.60542297363281,55.238426208496094,44.99816131591797,62.0,,
2006-07-27,87.52256774902344,55.26607894897461,44.92958068847656,62.900001525878906,,
2006-07-28,88.39981842041016,55.3354377746582,45.18797302246094,63.11000061035156,,
2006-07-31,88.3099594116211,55.3422737121582,45.245994567871094,63.15999984741211,,
2006-08-01,87.8748550415039,55.37638854980469,45.24173355102539,64.31999969482422,,
2006-08-02,88.46887969970703,55.37638854980469,45.41116714477539,64.75,,
2006-08-03,88.70372772216797,55.36939239501953,45.421722412109375,64.12000274658203,,
2006-08-04,88.55176544189453,55.41802978515625,45.69703674316406,64.27999877929688,,
2006-08-07,88.34453582763672,55.43887710571289,45.723480224609375,64.5,,
2006-08-08,88.00607299804688,55.4666862487793,45.622920989990234,63.970001220703125,,
2006-08-09,87.70907592773438,55.487552642822266,45.474674224853516,64.62999725341797,,
2006-08-10,87.97844696044922,55.473594665527344,45.405845642089844,63.25,,
2006-08-11,87.72978973388672,55.42497634887695,45.20999526977539,62.709999084472656,,
2006-08-14,87.7988510131836,55.39714431762695,45.13056564331055,62.25,,
2006-08-15,88.84877014160156,55.473594665527344,45.51170349121094,62.0099983215332,,
2006-08-16,89.58781433105469,55.56397247314453,45.81875991821289,62.4900016784668,,
2006-08-17,89.81576538085938,55.55705261230469,45.802921295166016,61.029998779296875,,
2006-08-18,90.27169036865234,55.57784652709961,45.935211181640625,61.040000915527344,,
2006-08-21,89.88485717773438,55.61256408691406,46.09934616088867,62.439998626708984,,
2006-08-22,89.87796020507812,55.60566329956055,46.115264892578125,62.04999923706055,,
2006-08-23,89.62928771972656,55.59170150756836,46.13642120361328,61.83000183105469,,
2006-08-24,89.55331420898438,55.62645721435547,46.22109603881836,61.75,,
2006-08-25,89.66383361816406,55.64037322998047,46.28993606567383,61.77000045776367,,
2006-08-28,90.09207153320312,55.65427780151367,46.33225631713867,61.0,,
2006-08-29,90.19569396972656,55.675106048583984,46.39585494995117,60.939998626708984,,
2006-08-30,90.2509536743164,55.70988082885742,46.5175666809082,61.41999816894531,,
2006-08-31,90.23709869384766,55.75851821899414,46.62874221801758,62.290000915527344,,
2006-09-01,90.77590942382812,55.82194137573242,46.644691467285156,62.13999938964844,,
2006-09-05,90.94856262207031,55.75923538208008,46.35238265991211,63.36000061035156,,
2006-09-06,90.14733123779297,55.75923538208008,46.28860092163086,62.86000061035156,,
2006-09-07,89.73287200927734,55.75923538208008,46.378936767578125,61.25,,
2006-09-08,89.98847198486328,55.794036865234375,46.41610336303711,60.63999938964844,,
2006-09-11,90.07828521728516,55.78709411621094,46.37363052368164,58.5,,
2006-09-12,90.9624252319336,55.81496047973633,46.60750198364258,58.31999969482422,,
2006-09-13,91.3284683227539,55.82194137573242,46.628746032714844,58.619998931884766,,
2006-09-14,91.33539581298828,55.773128509521484,46.522438049316406,57.189998626708984,,
2006-09-15,91.54976654052734,55.794036865234375,46.485252380371094,57.400001525878906,,
2006-09-18,91.67465209960938,55.78709411621094,46.4108772277832,58.22999954223633,,
2006-09-19,91.44567108154297,55.86378860473633,46.93171691894531,56.91999816894531,,
2006-09-20,91.93134307861328,55.884735107421875,47.000789642333984,57.2599983215332,,
2006-09-21,91.48729705810547,55.982364654541016,47.43132019042969,57.95000076293945,,
2006-09-22,91.20980834960938,56.01024627685547,47.6651496887207,58.5,,
2006-09-25,91.91048431396484,56.05903625488281,48.00004196166992,58.5,,
2006-09-26,92.67367553710938,55.996334075927734,47.798095703125,58.7400016784668,,
2006-09-27,92.78468322753906,56.03812789916992,47.659847259521484,59.810001373291016,,
2006-09-28,92.74996185302734,56.05903625488281,47.58013153076172,59.790000915527344,,
2006-09-29,92.67367553710938,56.00324249267578,47.521644592285156,59.470001220703125,,
2006-10-02,92.32678985595703,56.069061279296875,47.651920318603516,59.150001525878906,,
2006-10-03,92.52104949951172,56.0760498046875,47.58782958984375,57.11000061035156,,
2006-10-04,93.60332489013672,56.17401123046875,47.93467330932617,56.369998931884766,,
2006-10-05,93.78369140625,56.11807632446289,47.59849548339844,56.91999816894531,,
2006-10-06,93.6657485961914,56.0480842590332,47.10224151611328,56.9900016784668,,
2006-10-09,93.72130584716797,56.055084228515625,47.23030471801758,57.20000076293945,,
2006-10-10,93.84611511230469,55.978031158447266,46.85679626464844,57.0,,
2006-10-11,93.73512268066406,55.971046447753906,46.71806335449219,56.880001068115234,,
2006-10-12,94.54683685302734,55.999019622802734,46.74474334716797,57.4900016784668,,
2006-10-13,94.78964233398438,55.978031158447266,46.509918212890625,58.56999969482422,,
2006-10-16,94.93534851074219,56.006046295166016,46.71806335449219,59.16999816894531,,
2006-10-17,94.63702392578125,56.01311111450195,46.75542068481445,58.650001525878906,,
2006-10-18,94.76190948486328,56.020042419433594,46.85147476196289,58.59000015258789,,
2006-10-19,94.91454315185547,56.01311111450195,46.766082763671875,59.40999984741211,,
2006-10-20,94.93534851074219,56.03404235839844,46.71806335449219,58.779998779296875,,
2006-10-23,95.37245178222656,56.006046295166016,46.531280517578125,57.7599983215332,,
2006-10-24,95.6568603515625,56.006046295166016,46.531280517578125,58.16999816894531,,
2006-10-25,95.98294830322266,56.069061279296875,46.89948654174805,58.7599983215332,,
2006-10-26,96.28125762939453,56.13901138305664,47.20364761352539,59.290000915527344,,
2006-10-27,95.67767333984375,56.19504165649414,47.422401428222656,59.400001525878906,,
2006-10-30,95.60834503173828,56.16008377075195,47.555824279785156,59.900001525878906,,
2006-10-31,95.59441375732422,56.23704147338867,47.924015045166016,60.2400016784668,,
2006-11-01,94.9492416381836,56.27708435058594,48.18913650512695,61.36000061035156,,
2006-11-02,94.89374542236328,56.26301956176758,47.99098587036133,61.91999816894531,,
2006-11-03,94.72721862792969,56.15763854980469,47.42316436767578,62.29999923706055,,
2006-11-06,95.79563903808594,56.15065383911133,47.56244659423828,61.88999938964844,,
2006-11-07,96.163330078125,56.220909118652344,47.782066345214844,62.040000915527344,,
2006-11-08,96.37147521972656,56.24892807006836,47.953521728515625,61.11000061035156,,
2006-11-09,95.86502075195312,56.24190902709961,47.926673889160156,62.95000076293945,,
2006-11-10,95.90663146972656,56.28412628173828,48.135616302490234,62.4900016784668,,
2006-11-13,96.14250946044922,56.28412628173828,48.124916076660156,62.189998626708984,,
2006-11-14,96.86400604248047,56.291053771972656,48.31236267089844,61.630001068115234,,
2006-11-15,97.14156341552734,56.25595474243164,48.13024139404297,61.84000015258789,,
2006-11-16,97.39128875732422,56.23489761352539,47.91059112548828,61.310001373291016,,
2006-11-17,97.41903686523438,56.30520248413086,48.18388366699219,61.779998779296875,,
2006-11-20,97.47454833984375,56.31925582885742,48.25876998901367,61.77000045776367,,
2006-11-21,97.5716323852539,56.33320236206055,48.37664794921875,62.27000045776367,,
2006-11-22,97.76591491699219,56.37544631958008,48.456993103027344,62.5,,
2006-11-24,97.3704605102539,56.3824577331543,48.54270935058594,63.5,,
2006-11-27,96.03153228759766,56.41755676269531,48.719478607177734,63.70000076293945,,
2006-11-28,96.44775390625,56.44565963745117,48.8212776184082,63.56999969482422,,
2006-11-29,97.45375061035156,56.44565963745117,48.70882034301758,63.15999984741211,,
2006-11-30,97.49541473388672,56.508872985839844,49.03016662597656,64.38999938964844,,
2006-12-01,97.28034973144531,56.61954879760742,49.15491485595703,64.12000274658203,,
2006-12-04,98.02264404296875,56.61252212524414,49.24093246459961,64.12000274658203,,
2006-12-05,98.4458236694336,56.61252212524414,49.009761810302734,63.810001373291016,,
2006-12-06,98.36258697509766,56.60548400878906,48.9129753112793,62.689998626708984,,
2006-12-07,97.93245697021484,56.59137725830078,48.87534713745117,62.72999954223633,,
2006-12-08,98.11282348632812,56.52090835571289,48.520450592041016,62.04999923706055,,
2006-12-11,98.3972396850586,56.52794647216797,48.73014831542969,62.56999969482422,,
2006-12-12,98.32099914550781,56.60548400878906,48.83229064941406,62.52000045776367,,
2006-12-13,98.42503356933594,56.52794647216797,48.396793365478516,62.47999954223633,,
2006-12-14,99.2922134399414,56.4997444152832,48.2193717956543,62.119998931884766,,
2006-12-15,99.3012924194336,56.52090835571289,48.246280670166016,61.0,,
2006-12-18,99.0291976928711,56.52090835571289,48.262420654296875,61.040000915527344,,
2006-12-19,99.2175521850586,56.52794647216797,48.19781494140625,61.79999923706055,,
2006-12-20,99.16178894042969,56.56315994262695,48.19252014160156,61.619998931884766,,
2006-12-21,98.79903411865234,56.60548400878906,48.434425354003906,61.380001068115234,,
2006-12-22,98.19205474853516,56.598453521728516,48.06343078613281,61.650001525878906,,
2006-12-26,98.77108001708984,56.598453521728516,48.2086067199707,61.97999954223633,,
2006-12-27,99.41991424560547,56.56730270385742,47.85417556762695,62.220001220703125,,
2006-12-28,99.21061706542969,56.53193664550781,47.746253967285156,62.900001525878906,,
2006-12-29,98.79903411865234,56.546085357666016,47.70848083496094,63.209999084472656,,
2007-01-03,98.62455749511719,56.60270690917969,48.048377990722656,62.279998779296875,,
2007-01-04,98.83390808105469,56.6593017578125,48.33972930908203,61.650001525878906,,
2007-01-05,98.04553985595703,56.62388229370117,48.129295349121094,60.16999816894531,,
2007-01-08,98.49899291992188,56.58849334716797,48.21561813354492,60.47999954223633,,
2007-01-09,98.4153060913086,56.60972595214844,48.21561813354492,60.849998474121094,,
2007-01-10,98.74315643310547,56.59565353393555,47.99983596801758,60.59000015258789,,
2007-01-11,99.17569732666016,56.55314254760742,47.71928405761719,60.630001068115234,,
2007-01-12,99.92916870117188,56.5178337097168,47.498104095458984,62.16999816894531,,
2007-01-16,99.73384857177734,56.574378967285156,47.60054397583008,61.970001220703125,,
2007-01-17,99.77568817138672,56.55314254760742,47.45492172241211,62.63999938964844,,
2007-01-18,99.44085693359375,56.574378967285156,47.60054397583008,62.2599983215332,,
2007-01-19,99.63615417480469,56.56730270385742,47.47108459472656,63.0,,
2007-01-22,99.32917785644531,56.58849334716797,47.584388732910156,62.720001220703125,,
2007-01-23,99.62222290039062,56.560237884521484,47.271480560302734,64.2300033569336,,
2007-01-24,100.42447662353516,56.58849334716797,47.26607131958008,64.33000183105469,,
2007-01-25,99.24545288085938,56.546085357666016,46.92620086669922,64.05999755859375,,
2007-01-26,99.15479278564453,56.55314254760742,46.888465881347656,64.16999816894531,,
2007-01-29,99.09896850585938,56.560237884521484,46.78593826293945,63.77000045776367,,
2007-01-30,99.6152114868164,56.574378967285156,46.83987808227539,64.22000122070312,,
2007-01-31,100.28494262695312,56.63803482055664,47.233734130859375,64.83000183105469,,
2007-02-01,100.8848876953125,56.630863189697266,47.17686462402344,65.22000122070312,,
2007-02-02,101.0244369506836,56.65221405029297,47.236454010009766,64.27999877929688,,
2007-02-05,101.0523681640625,56.63803482055664,47.30146408081055,64.30999755859375,,
2007-02-06,101.08028411865234,56.701927185058594,47.56148147583008,64.79000091552734,,
2007-02-07,101.30353546142578,56.73033142089844,47.702301025390625,64.62999725341797,,
2007-02-08,101.1709213256836,56.751590728759766,47.74021911621094,65.5199966430664,,
2007-02-09,100.41751098632812,56.694847106933594,47.4693603515625,66.12000274658203,,
2007-02-12,100.07565307617188,56.694847106933594,47.361000061035156,65.66999816894531,,
2007-02-13,100.91981506347656,56.6877326965332,47.258094787597656,65.83999633789062,,
2007-02-14,101.58257293701172,56.815486907958984,47.70771408081055,66.37000274658203,,
2007-02-15,101.71513366699219,56.843868255615234,47.84854507446289,66.41000366210938,,
2007-02-16,101.66629028320312,56.85808181762695,48.01649475097656,66.36000061035156,,
2007-02-20,101.88252258300781,56.85099792480469,48.124778747558594,65.30999755859375,,
2007-02-21,101.84065246582031,56.88642120361328,48.04357147216797,67.3499984741211,,
2007-02-22,101.76396942138672,56.85099792480469,47.783573150634766,67.1500015258789,,
2007-02-23,101.36634063720703,56.91483688354492,48.124778747558594,67.72000122070312,,
2007-02-26,101.2756118774414,56.95750427246094,48.444419860839844,68.0999984741211,,
2007-02-27,97.32001495361328,57.092342376708984,49.05657958984375,65.41000366210938,,
2007-02-28,98.31765747070312,57.049720764160156,48.8344612121582,66.4800033569336,,
2007-03-01,98.02461242675781,57.12880325317383,48.80345153808594,65.81999969482422,,
2007-03-02,96.74095916748047,57.19291305541992,49.04816818237305,63.709999084472656,,
2007-03-05,95.82009887695312,57.21428680419922,49.12971115112305,62.93000030517578,,
2007-03-06,97.45955657958984,57.16444396972656,48.9828987121582,64.1500015258789,,
2007-03-07,97.36187744140625,57.22138214111328,49.17320251464844,64.30000305175781,,
2007-03-08,98.18505859375,57.22138214111328,49.12971115112305,64.4800033569336,,
2007-03-09,98.21295166015625,57.12168502807617,48.61313247680664,64.25,,
2007-03-12,98.3594970703125,57.17151641845703,48.80345153808594,64.37000274658203,,
2007-03-13,96.44795989990234,57.24984359741211,49.09709167480469,63.720001220703125,,
2007-03-14,97.16654205322266,57.26411437988281,48.874176025390625,63.939998626708984,,
2007-03-15,97.29910278320312,57.24984359741211,48.86867904663086,63.97999954223633,,
2007-03-16,97.026611328125,57.24279022216797,48.85781478881836,64.62000274658203,,
2007-03-19,98.19631958007812,57.19291305541992,48.754520416259766,64.73999786376953,,
2007-03-20,98.73564147949219,57.24279022216797,48.78169631958008,65.2699966430664,,
2007-03-21,100.36053466796875,57.3353385925293,48.80345153808594,65.81999969482422,,
2007-03-22,100.28348541259766,57.27836608886719,48.417381286621094,65.76000213623047,,
2007-03-23,100.43060302734375,57.24279022216797,48.28140640258789,65.1500015258789,,
2007-03-26,100.29750061035156,57.29972839355469,48.34126663208008,65.83999633789062,,
2007-03-27,100.05938720703125,57.30682373046875,48.25965881347656,65.69999694824219,,
2007-03-28,99.33097839355469,57.3353385925293,48.161773681640625,66.05000305175781,,
2007-03-29,99.4360580444336,57.30682373046875,48.096553802490234,65.6500015258789,,
2007-03-30,99.45702362060547,57.30682373046875,48.004066467285156,65.73999786376953,,
2007-04-02,99.5690689086914,57.317569732666016,48.083805084228516,65.8499984741211,,
2007-04-03,100.64069366455078,57.317569732666016,48.02373504638672,65.83000183105469,,
2007-04-04,100.75277709960938,57.35331726074219,48.07286834716797,66.80999755859375,,
2007-04-05,101.02594757080078,57.33189392089844,47.89277648925781,66.86000061035156,,
2007-04-09,101.16596221923828,57.20320129394531,47.576236724853516,66.52999877929688,,
2007-04-10,101.2850570678711,57.274715423583984,47.71807861328125,67.16000366210938,,
2007-04-11,100.871826171875,57.274715423583984,47.68538284301758,67.08000183105469,,
2007-04-12,101.32009887695312,57.26753616333008,47.6962890625,66.98999786376953,,
2007-04-13,101.78236389160156,57.23897171020508,47.5489387512207,67.83999633789062,,
2007-04-16,102.7489242553711,57.231781005859375,47.810909271240234,68.4000015258789,,
2007-04-17,103.0220718383789,57.32472610473633,48.07834243774414,68.0,,
2007-04-18,103.14812469482422,57.40337371826172,48.318485260009766,68.37999725341797,,
2007-04-19,103.1201171875,57.40337371826172,48.23664474487305,67.52999877929688,,
2007-04-20,104.09366607666016,57.389068603515625,48.11109161376953,68.69999694824219,,
2007-04-23,103.70146942138672,57.43195343017578,48.2857551574707,68.26000213623047,,
2007-04-24,103.74346160888672,57.481990814208984,48.46586227416992,67.7300033569336,,
2007-04-25,104.6960220336914,57.460506439208984,48.296695709228516,67.88999938964844,,
2007-04-26,104.8150863647461,57.41762161254883,47.947303771972656,66.87000274658203,,
2007-04-27,104.73107147216797,57.43910217285156,47.93642807006836,67.55999755859375,,
2007-04-30,103.8625259399414,57.481990814208984,48.438560485839844,67.08999633789062,,
2007-05-01,104.12871551513672,57.45762252807617,48.47359848022461,66.69000244140625,,
2007-05-02,104.73804473876953,57.48624801635742,48.44621276855469,66.66000366210938,,
2007-05-03,105.30537414550781,57.4432373046875,48.336673736572266,67.48999786376953,,
2007-05-04,105.70458984375,57.47190856933594,48.533878326416016,68.19000244140625,,
2007-05-07,105.72563171386719,57.47190856933594,48.665313720703125,68.25,,
2007-05-08,105.58556365966797,57.500633239746094,48.55576705932617,67.87999725341797,,
2007-05-09,105.87267303466797,57.45762252807617,48.36406326293945,67.44999694824219,,
2007-05-10,104.7660903930664,57.507808685302734,48.47908401489258,66.0,,
2007-05-11,105.66260528564453,57.48624801635742,48.30927658081055,66.44999694824219,,
2007-05-14,105.43140411376953,57.4432373046875,48.18326950073242,66.27999877929688,,
2007-05-15,105.45945739746094,57.45762252807617,48.166873931884766,66.54000091552734,,
2007-05-16,106.18085479736328,57.514923095703125,48.13402557373047,65.5999984741211,,
2007-05-17,105.97074890136719,57.479156494140625,47.93679428100586,65.05999755859375,,
2007-05-18,106.89533996582031,57.421730041503906,47.61907958984375,65.5199966430664,,
2007-05-21,106.83924865722656,57.436073303222656,47.761474609375,65.66999816894531,,
2007-05-22,106.75519561767578,57.45041275024414,47.51496887207031,65.19999694824219,,
2007-05-23,106.76919555664062,57.436073303222656,47.37807083129883,65.54000091552734,,
2007-05-24,105.80265045166016,57.45762252807617,47.4218635559082,64.75,,
2007-05-25,106.24390411376953,57.493473052978516,47.31232452392578,64.94000244140625,,
2007-05-29,106.6291275024414,57.436073303222656,47.30683517456055,65.06999969482422,,
2007-05-30,107.49761199951172,57.479156494140625,47.40542984008789,64.72000122070312,,
2007-05-31,107.38553619384766,57.4432373046875,47.31780242919922,65.54000091552734,,
2007-06-01,107.91785430908203,57.4137077331543,47.069252014160156,66.44000244140625,,
2007-06-04,107.93185424804688,57.43532943725586,47.283653259277344,66.54000091552734,,
2007-06-05,107.5046157836914,57.38493347167969,46.986724853515625,66.37000274658203,,
2007-06-06,106.34893798828125,57.45694351196289,46.96471405029297,66.41000366210938,,
2007-06-07,104.42988586425781,57.39215087890625,46.1233024597168,65.26000213623047,,
2007-06-08,105.78862762451172,57.4137077331543,46.0848388671875,64.22000122070312,,
2007-06-11,105.97074890136719,57.42094039916992,45.95283889770508,64.69999694824219,,
2007-06-12,104.8150863647461,57.370567321777344,45.28740692138672,64.0999984741211,,
2007-06-13,106.38399505615234,57.38493347167969,45.82634735107422,64.52999877929688,,
2007-06-14,107.06336212158203,57.38493347167969,45.710880279541016,64.5999984741211,,
2007-06-15,107.67257690429688,57.464168548583984,46.02432632446289,64.8499984741211,,
2007-06-18,107.54595184326172,57.464168548583984,45.930843353271484,64.94999694824219,,
2007-06-19,107.81324768066406,57.56495666503906,46.359779357910156,65.4800033569336,,
2007-06-20,106.31497192382812,57.50734329223633,45.98583221435547,64.70999908447266,,
2007-06-21,106.90583038330078,57.52897644042969,45.765869140625,64.55999755859375,,
2007-06-22,105.89998626708984,57.608158111572266,46.06281661987305,64.77999877929688,,
2007-06-25,105.39347076416016,57.658538818359375,46.31578063964844,64.43000030517578,,
2007-06-26,104.3101806640625,57.622535705566406,46.32679748535156,63.619998931884766,,
2007-06-27,105.79434967041016,57.615333557128906,46.37078857421875,63.66999816894531,,
2007-06-28,105.78035736083984,57.6009521484375,46.359779357910156,64.26000213623047,,
2007-06-29,105.81551361083984,57.71614074707031,46.838218688964844,64.2699966430664,,
2007-07-02,106.77214050292969,57.753719329833984,47.084476470947266,65.0199966430664,,
2007-07-03,107.15904998779297,57.73204040527344,46.79740524291992,64.73999786376953,,
2007-07-05,107.04649353027344,57.65253829956055,46.27294921875,64.41999816894531,,
2007-07-06,107.60919952392578,57.645320892333984,46.08524703979492,64.95999908447266,,
2007-07-09,107.69364929199219,57.68870544433594,46.25083541870117,65.37999725341797,,
2007-07-10,106.1601791381836,57.79710006713867,47.03480911254883,65.61000061035156,,
2007-07-11,106.91284942626953,57.768184661865234,46.548954010009766,65.44000244140625,,
2007-07-12,108.60107421875,57.73204040527344,46.388858795166016,66.0199966430664,,
2007-07-13,108.9246826171875,57.76093292236328,46.515830993652344,66.02999877929688,,
2007-07-16,108.91056060791016,57.81874465942383,46.963035583496094,65.81999969482422,,
2007-07-17,108.85428619384766,57.782569885253906,46.86362838745117,65.75,,
2007-07-18,108.65733337402344,57.869361877441406,47.040287017822266,66.62000274658203,,
2007-07-19,109.07938385009766,57.86211013793945,47.02924346923828,67.01000213623047,,
2007-07-20,107.97502136230469,57.95610427856445,47.454349517822266,67.58000183105469,,
2007-07-23,108.30561828613281,57.91269302368164,47.377017974853516,67.47000122070312,,
2007-07-24,106.42748260498047,57.9705924987793,47.55371856689453,67.47000122070312,,
2007-07-25,106.64555358886719,58.01387405395508,47.647544860839844,66.9000015258789,,
2007-07-26,104.12022399902344,58.15119934082031,48.045040130615234,65.6500015258789,,
2007-07-27,102.07332611083984,58.2162971496582,48.18305206298828,65.41000366210938,,
2007-07-30,103.6700668334961,58.14404296875,48.045040130615234,65.7699966430664,,
2007-07-31,102.50242614746094,58.23796463012695,48.3928108215332,65.79000091552734,,
2007-08-01,103.0018539428711,58.181396484375,48.2880859375,65.93000030517578,,
2007-08-02,103.82484436035156,58.210357666015625,48.40999221801758,65.88999938964844,,
2007-08-03,101.15186309814453,58.35550308227539,48.7314453125,66.69000244140625,,
2007-08-06,102.84711456298828,58.2829475402832,48.376766204833984,66.5199966430664,,
2007-08-07,103.94441986083984,58.23210144042969,48.33794403076172,66.4800033569336,,
2007-08-08,105.39347076416016,58.18866729736328,47.75047302246094,66.7699966430664,,
2007-08-09,102.27024841308594,58.35550308227539,47.81698989868164,65.45999908447266,,
2007-08-10,101.79200744628906,58.33370590209961,47.70614242553711,66.56999969482422,,
2007-08-13,102.15770721435547,58.38447952270508,47.84469223022461,66.26000213623047,,
2007-08-14,100.59609985351562,58.4642333984375,47.97218704223633,66.29000091552734,,
2007-08-15,99.21038055419922,58.54412078857422,47.800376892089844,66.12999725341797,,
2007-08-16,99.95602416992188,58.66016387939453,48.293643951416016,64.68000030517578,,
2007-08-17,101.79200744628906,58.710933685302734,48.09962844848633,65.01000213623047,,
2007-08-20,101.74270629882812,58.78352737426758,48.127349853515625,65.12000274658203,,
2007-08-21,101.9466781616211,58.863216400146484,48.360130310058594,65.06999969482422,,
2007-08-22,103.1565933227539,58.78352737426758,48.28255844116211,65.4000015258789,,
2007-08-23,103.06514739990234,58.747222900390625,48.448795318603516,65.30999755859375,,
2007-08-24,104.33830261230469,58.63840866088867,48.68710708618164,66.11000061035156,,
2007-08-27,103.36760711669922,58.71816635131836,48.942039489746094,65.9800033569336,,
2007-08-28,101.0955810546875,58.87053298950195,49.025150299072266,65.58999633789062,,
2007-08-29,103.07919311523438,58.79798126220703,48.89216232299805,66.06999969482422,,
2007-08-30,102.80487060546875,58.8487663269043,49.21913528442383,65.80000305175781,,
2007-08-31,103.81778717041016,58.8487663269043,49.25795364379883,66.5199966430664,,
2007-09-04,104.86590576171875,58.845863342285156,49.281307220458984,67.44000244140625,,
2007-09-05,103.95843505859375,58.998809814453125,49.676395416259766,67.55999755859375,,
2007-09-06,104.1976318359375,58.92596435546875,49.54839324951172,68.86000061035156,,
2007-09-07,102.74866485595703,59.12989807128906,50.24953842163086,69.38999938964844,,
2007-09-10,102.5516586303711,59.15169143676758,50.639137268066406,69.62000274658203,,
2007-09-11,103.74742889404297,59.06429672241211,50.60013961791992,70.5199966430664,,
2007-09-12,104.01478576660156,59.115333557128906,50.41093063354492,70.45999908447266,,
2007-09-13,104.74630737304688,59.0279426574707,49.96018600463867,70.08000183105469,,
2007-09-14,104.73925018310547,59.02062225341797,50.032535552978516,69.98999786376953,,
2007-09-17,104.17658233642578,59.01331329345703,50.2718505859375,70.97000122070312,,
2007-09-18,107.24346923828125,59.093475341796875,49.893402099609375,71.69999694824219,,
2007-09-19,107.8765869140625,59.093475341796875,49.43153762817383,71.43000030517578,,
2007-09-20,107.11688232421875,58.96963882446289,48.4966926574707,72.72000122070312,,
2007-09-21,107.40587615966797,59.04975509643555,48.90850067138672,72.33999633789062,,
2007-09-24,107.2080307006836,59.115333557128906,49.04753875732422,72.27999877929688,,
2007-09-25,106.99597930908203,59.16630935668945,48.875099182128906,72.33000183105469,,
2007-09-26,107.56144714355469,59.12989807128906,48.91958999633789,72.0,,
2007-09-27,108.1974868774414,59.23912048339844,49.2590217590332,72.69999694824219,,
2007-09-28,107.83699798583984,59.17353057861328,49.3703727722168,73.51000213623047,,
2007-10-01,109.05264282226562,59.18596649169922,49.65248107910156,73.9000015258789,,
2007-10-02,108.90425109863281,59.22252655029297,49.80887222290039,72.3499984741211,,
2007-10-03,108.68511199951172,59.21519088745117,49.66365051269531,71.9000015258789,,
2007-10-04,108.85478210449219,59.24446105957031,49.85359191894531,72.87000274658203,,
2007-10-05,110.14815521240234,59.17863845825195,49.31727981567383,73.4000015258789,,
2007-10-08,109.5615234375,59.237152099609375,49.278194427490234,72.52999877929688,,
2007-10-09,110.59337615966797,59.10557556152344,49.21672058105469,73.08999633789062,,
2007-10-10,110.40965270996094,59.12022018432617,49.24467086791992,73.36000061035156,,
2007-10-11,109.87957763671875,59.13479232788086,49.19437789916992,73.91000366210938,,
2007-10-12,110.48738098144531,59.069114685058594,48.954166412353516,74.58999633789062,,
2007-10-15,109.5544662475586,59.069114685058594,48.96534729003906,75.13999938964844,,
2007-10-16,108.68511199951172,59.142189025878906,48.98210906982422,75.12000274658203,,
2007-10-17,109.01730346679688,59.2810173034668,49.518402099609375,74.5,,
2007-10-18,108.62152862548828,59.361412048339844,49.792144775390625,76.0,,
2007-10-19,105.78034973144531,59.514869689941406,50.535125732421875,75.69999694824219,,
2007-10-22,106.3952407836914,59.4637336730957,50.540740966796875,74.5999984741211,,
2007-10-23,107.25749969482422,59.47106170654297,50.473670959472656,75.2300033569336,,
2007-10-24,107.05960845947266,59.58798599243164,50.84794616699219,75.5199966430664,,
2007-10-25,107.3139877319336,59.55143737792969,50.67481231689453,76.02999877929688,,
2007-10-26,108.572021484375,59.55874252319336,50.55747985839844,77.69000244140625,,
2007-10-29,108.93253326416016,59.55874252319336,50.75299072265625,78.12000274658203,,
2007-10-30,108.17626953125,59.55143737792969,50.725067138671875,77.3499984741211,,
2007-10-31,109.29999542236328,59.4564094543457,50.266963958740234,78.62000274658203,,
2007-11-01,106.74158477783203,59.649356842041016,50.92007064819336,77.93000030517578,,
2007-11-02,106.86170196533203,59.722679138183594,51.08284378051758,79.83000183105469,,
2007-11-05,106.04895782470703,59.715309143066406,51.06037139892578,79.75,,
2007-11-06,107.47657775878906,59.67869186401367,50.813499450683594,81.43000030517578,,
2007-11-07,104.53646850585938,59.84749221801758,50.903255462646484,82.23999786376953,,
2007-11-08,104.00637817382812,59.94282913208008,50.813499450683594,82.2300033569336,,
2007-11-09,102.5787124633789,59.96475601196289,51.24553298950195,82.18000030517578,,
2007-11-12,101.56104278564453,60.10417938232422,51.43071365356445,78.30000305175781,,
2007-11-13,104.65660095214844,59.9207878112793,51.23992156982422,79.12000274658203,,
2007-11-14,104.36685943603516,59.95015335083008,51.2960205078125,80.27999877929688,,
2007-11-15,102.8614730834961,60.1481819152832,51.77860641479492,77.94999694824219,,
2007-11-16,103.03816986083984,60.1481819152832,51.851539611816406,77.75,,
2007-11-19,101.60343933105469,60.3463134765625,52.188167572021484,77.23999786376953,,
2007-11-20,102.22537231445312,60.324256896972656,52.132083892822266,79.47000122070312,,
2007-11-21,100.13336944580078,60.514984130859375,52.435081481933594,79.36000061035156,,
2007-11-23,101.86493682861328,60.44898223876953,52.59217071533203,81.25,,
2007-11-26,99.61743927001953,60.61766815185547,53.63024139404297,81.30000305175781,,
2007-11-27,100.76236724853516,60.43434143066406,53.119590759277344,80.0999984741211,,
2007-11-28,103.98521423339844,60.38294219970703,52.76051330566406,79.56999969482422,,
2007-11-29,104.02053833007812,60.49302291870117,53.215030670166016,78.27999877929688,,
2007-11-30,105.06653594970703,60.5223503112793,52.956886291503906,77.31999969482422,,
2007-12-03,104.37393951416016,60.65924835205078,53.37713623046875,78.27999877929688,,
2007-12-04,103.4410171508789,60.65190505981445,53.37150955200195,79.4000015258789,,
2007-12-05,105.17251586914062,60.673988342285156,52.73493576049805,78.62999725341797,,
2007-12-06,106.67796325683594,60.54888916015625,52.273014068603516,79.37000274658203,,
2007-12-07,106.6567611694336,60.482566833496094,51.68708801269531,78.5999984741211,,
2007-12-10,107.48368072509766,60.438472747802734,51.37727737426758,80.0,,
2007-12-11,104.53646850585938,60.65924835205078,52.38568115234375,78.83999633789062,,
2007-12-12,105.5683364868164,60.504581451416016,51.844844818115234,80.48999786376953,,
2007-12-13,105.3492660522461,60.4163703918457,51.28154373168945,78.5,,
2007-12-14,104.01345825195312,60.26912307739258,51.04486846923828,78.5199966430664,,
2007-12-17,102.52928161621094,60.44580078125,51.50117492675781,78.12999725341797,,
2007-12-18,103.10177612304688,60.40896224975586,51.833595275878906,79.25,,
2007-12-19,103.10177612304688,60.563541412353516,52.5208625793457,79.23999786376953,,
2007-12-20,103.75194549560547,60.60771942138672,52.40821838378906,78.66999816894531,,
2007-12-21,105.24755096435547,60.512054443359375,51.642059326171875,80.0999984741211,,
2007-12-24,106.02916717529297,60.46052551269531,51.39982223510742,80.13999938964844,,
2007-12-26,106.25652313232422,60.40161895751953,50.94917678833008,81.5199966430664,,
2007-12-27,104.92073822021484,60.533870697021484,51.50456237792969,81.55999755859375,,
2007-12-28,104.6578369140625,60.6076774597168,52.30774688720703,83.0,,
2007-12-31,103.8833999633789,60.703643798828125,52.62446975708008,82.45999908447266,,
2008-01-02,102.97396087646484,60.81447219848633,53.382347106933594,84.86000061035156,,
2008-01-03,102.92422485351562,60.91053771972656,53.30887222290039,85.56999969482422,,
2008-01-04,100.40190887451172,60.999141693115234,53.320152282714844,85.12999725341797,,
2008-01-07,100.31669616699219,60.96217346191406,53.55204391479492,84.7699966430664,,
2008-01-08,98.69670867919922,61.0508918762207,53.489837646484375,86.77999877929688,,
2008-01-09,99.73404693603516,61.02128982543945,53.591651916503906,86.55000305175781,,
2008-01-10,100.38770294189453,61.02128982543945,52.8676872253418,88.25,,
2008-01-11,99.57775115966797,61.191158294677734,53.280574798583984,88.58000183105469,,
2008-01-14,100.38063049316406,61.213314056396484,53.47857666015625,89.54000091552734,,
2008-01-15,98.17091369628906,61.26499557495117,54.078125,87.98999786376953,,
2008-01-16,97.32538604736328,61.316707611083984,53.68781661987305,86.69999694824219,,
2008-01-17,94.80311584472656,61.42010498046875,54.38352966308594,86.5,,
2008-01-18,93.82975006103516,61.47180938720703,54.010223388671875,87.41999816894531,,
2008-01-22,92.87764739990234,61.730323791503906,54.58713150024414,88.16999816894531,,
2008-01-23,95.1086654663086,61.7007942199707,54.462669372558594,87.88999938964844,,
2008-01-24,95.91153717041016,61.50873947143555,53.37106704711914,90.08000183105469,,
2008-01-25,94.5260009765625,61.67124557495117,54.270389556884766,90.30000305175781,,
2008-01-28,96.08915710449219,61.641700744628906,54.066768646240234,91.75,,
2008-01-29,96.56521606445312,61.604736328125,53.69911193847656,91.1500015258789,,
2008-01-30,95.85466003417969,61.649147033691406,53.34843826293945,92.05999755859375,,
2008-01-31,97.60252380371094,61.70820999145508,53.72738265991211,91.4000015258789,,
2008-02-01,99.17276763916016,61.77559280395508,54.05039978027344,89.3499984741211,,
2008-02-04,97.92227172851562,61.7829704284668,53.494144439697266,89.0999984741211,,
2008-02-05,95.300537109375,61.923667907714844,53.902793884277344,87.68000030517578,,
2008-02-06,94.53314208984375,61.94587707519531,53.7381591796875,88.94999694824219,,
2008-02-07,95.15836334228516,61.86442184448242,52.5803337097168,89.8499984741211,,
2008-02-08,94.54734802246094,61.97553634643555,53.18199157714844,91.0,,
2008-02-11,95.03048706054688,61.99779510498047,53.403297424316406,91.33000183105469,,
2008-02-12,95.91153717041016,62.019935607910156,53.08552169799805,89.33000183105469,,
2008-02-13,96.89201354980469,62.04210662841797,52.52361297607422,89.44000244140625,,
2008-02-14,96.03942108154297,61.99779510498047,51.75169372558594,89.70999908447266,,
2008-02-15,96.01805877685547,61.931068420410156,52.14898681640625,89.1500015258789,,
2008-02-19,96.2881088256836,61.88666534423828,51.62111282348633,91.58000183105469,,
2008-02-20,96.5722427368164,61.81260299682617,51.97870635986328,93.23999786376953,,
2008-02-21,95.7694091796875,61.98291015625,52.529212951660156,93.25,,
2008-02-22,96.35910034179688,61.91621017456055,52.22847366333008,93.38999938964844,,
2008-02-25,97.57414245605469,61.8199577331543,51.694942474365234,92.73999786376953,,
2008-02-26,98.30593872070312,61.908836364746094,51.71195602416992,93.70999908447266,,
2008-02-27,98.20647430419922,61.98291015625,51.75733947753906,94.77999877929688,,
2008-02-28,97.24726104736328,62.13101577758789,52.676815032958984,95.98999786376953,,
2008-02-29,95.08026123046875,62.34574890136719,53.4827995300293,96.18000030517578,,
2008-03-03,94.8528823852539,62.347965240478516,53.344886779785156,97.23999786376953,,
2008-03-04,94.4905014038086,62.333194732666016,52.82651901245117,95.18000030517578,,
2008-03-05,95.08732604980469,62.29602813720703,52.19418716430664,97.72000122070312,,
2008-03-06,93.11919403076172,62.48154830932617,52.473323822021484,96.5,,
2008-03-07,92.16002655029297,62.451873779296875,52.541690826416016,96.08999633789062,,
2008-03-10,90.94503784179688,62.5186653137207,53.3164176940918,95.87000274658203,,
2008-03-11,94.21341705322266,62.20702362060547,52.8607292175293,95.98999786376953,,
2008-03-12,93.33238220214844,62.407379150390625,53.880409240722656,97.01000213623047,,
2008-03-13,93.53842163085938,62.377685546875,53.4588508605957,98.33999633789062,,
2008-03-14,92.0889663696289,62.56319808959961,54.119667053222656,98.70999908447266,,
2008-03-17,91.158203125,62.70417022705078,54.53553009033203,99.16999816894531,,
2008-03-18,94.94519805908203,62.48154830932617,54.32478713989258,96.5,,
2008-03-19,92.59346008300781,62.548343658447266,55.22488784790039,93.04000091552734,,
2008-03-20,94.30855560302734,62.47412872314453,55.36162567138672,89.91000366210938,,
2008-03-24,96.19358825683594,62.21444320678711,54.29057693481445,90.0999984741211,,
2008-03-25,96.286376953125,62.258995056152344,54.518455505371094,92.7300033569336,,
2008-03-26,95.10823822021484,62.39247512817383,54.29057693481445,93.80000305175781,,
2008-03-27,94.80834197998047,62.459327697753906,53.90892028808594,93.45999908447266,,
2008-03-28,93.90153503417969,62.48897933959961,54.4329948425293,91.87999725341797,,
2008-03-31,94.22999572753906,62.50381088256836,54.62667465209961,90.41000366210938,,
2008-04-01,97.5430908203125,62.27778625488281,53.737632751464844,86.86000061035156,,
2008-04-02,97.60733795166016,62.22569274902344,53.85208511352539,89.2699966430664,,
2008-04-03,97.8501205444336,62.18107604980469,53.97221755981445,89.41999816894531,,
2008-04-04,97.74298095703125,62.292640686035156,54.46424102783203,90.25,,
2008-04-07,97.79298400878906,62.17365646362305,54.17814254760742,91.16999816894531,,
2008-04-08,97.69300842285156,62.210853576660156,53.989410400390625,90.3499984741211,,
2008-04-09,96.9861068725586,62.329803466796875,54.55003356933594,92.29000091552734,,
2008-04-10,97.12178802490234,62.30754852294922,54.36698532104492,91.7699966430664,,
2008-04-11,95.23677062988281,62.41162872314453,54.73308563232422,91.30000305175781,,
2008-04-14,94.91544342041016,62.374385833740234,54.4127311706543,91.11000061035156,,
2008-04-15,95.13682556152344,62.292640686035156,53.737632751464844,91.66000366210938,,
2008-04-16,97.71443176269531,62.158836364746094,53.2112922668457,93.2699966430664,,
2008-04-17,97.85724639892578,62.04731369018555,53.119773864746094,92.55999755859375,,
2008-04-18,98.87832641601562,62.01008224487305,53.074031829833984,90.62000274658203,,
2008-04-21,98.92829132080078,61.95064163208008,53.285709381103516,90.25,,
2008-04-22,98.49273681640625,61.972965240478516,53.468772888183594,90.2699966430664,,
2008-04-23,98.33566284179688,61.972965240478516,53.29143524169922,89.22000122070312,,
2008-04-24,98.7640609741211,61.80188751220703,52.8394889831543,87.22000122070312,,
2008-04-25,99.67797088623047,61.80935287475586,52.53052520751953,87.2699966430664,,
2008-04-28,99.69941711425781,61.87628936767578,52.69070053100586,87.69000244140625,,
2008-04-29,99.30669403076172,61.86140823364258,52.890960693359375,85.80999755859375,,
2008-04-30,98.7212142944336,61.98031997680664,53.268524169921875,86.6500015258789,,
2008-05-01,100.76333618164062,61.87010192871094,53.271976470947266,83.98999786376953,,
2008-05-02,101.04180145263672,61.788211822509766,52.60017013549805,84.58000183105469,,
2008-05-05,100.55622863769531,61.85525894165039,52.60017013549805,86.2699966430664,,
2008-05-06,101.42735290527344,61.8924560546875,52.22123718261719,86.62999725341797,,
2008-05-07,99.62085723876953,61.966922760009766,52.445152282714844,85.81999969482422,,
2008-05-08,99.36382293701172,62.01911544799805,52.9160041809082,87.23999786376953,,
2008-05-09,99.17818450927734,62.04139709472656,53.11122512817383,87.41999816894531,,
2008-05-12,100.29205322265625,61.922237396240234,53.03084945678711,86.98999786376953,,
2008-05-13,100.30636596679688,61.81791687011719,52.45090866088867,85.38999938964844,,
2008-05-14,100.51342010498047,61.77325439453125,52.473854064941406,85.19999694824219,,
2008-05-15,101.77013397216797,61.82538604736328,52.950462341308594,87.0,,
2008-05-16,101.86293029785156,61.84027099609375,52.732261657714844,89.0999984741211,,
2008-05-19,102.141357421875,61.9073600769043,52.80113983154297,89.38999938964844,,
2008-05-20,101.31315612792969,61.996761322021484,53.07672119140625,90.9000015258789,,
2008-05-21,99.5994644165039,61.929691314697266,53.0882453918457,91.95999908447266,,
2008-05-22,99.6137466430664,61.75841522216797,52.462398529052734,90.9800033569336,,
2008-05-23,98.27849578857422,61.87755584716797,52.692054748535156,91.2300033569336,,
2008-05-27,99.0068130493164,61.81047439575195,52.33610153198242,89.36000061035156,,
2008-05-28,99.46382141113281,61.69881057739258,51.87097930908203,89.13999938964844,,
2008-05-29,99.96360778808594,61.67643356323242,51.49778747558594,86.51000213623047,,
2008-05-30,100.21351623535156,61.76581573486328,51.83655548095703,87.44999694824219,,
2008-06-02,99.17818450927734,61.88758850097656,52.03649139404297,87.95999908447266,,
2008-06-03,98.5998306274414,61.9771842956543,52.411067962646484,86.87999725341797,,
2008-06-04,98.54983520507812,61.95484924316406,51.944313049316406,86.6500015258789,,
2008-06-05,100.52057647705078,61.87258529663086,51.63312530517578,86.44999694824219,,
2008-06-06,97.31458282470703,61.95484924316406,52.30156707763672,89.05999755859375,,
2008-06-09,97.55020141601562,61.64114761352539,52.30156707763672,87.98999786376953,,
2008-06-10,97.06465911865234,61.499141693115234,51.961585998535156,85.55000305175781,,
2008-06-11,95.63662719726562,61.60369873046875,51.84054946899414,87.0199966430664,,
2008-06-12,96.00078582763672,61.30488204956055,51.32190704345703,85.5999984741211,,
2008-06-13,97.21459197998047,61.37213897705078,51.21245574951172,85.83000183105469,,
2008-06-16,97.27173614501953,61.40941619873047,51.223968505859375,87.01000213623047,,
2008-06-17,96.80047607421875,61.529056549072266,51.32770919799805,87.25,,
2008-06-18,95.85796356201172,61.58876037597656,51.75993728637695,88.27999877929688,,
2008-06-19,95.97936248779297,61.46923828125,51.454437255859375,88.41999816894531,,
2008-06-20,94.42144775390625,61.581295013427734,51.75413131713867,88.94999694824219,,
2008-06-23,94.32814025878906,61.51407241821289,51.863616943359375,87.08999633789062,,
2008-06-24,94.1416015625,61.626136779785156,52.20936584472656,87.47000122070312,,
2008-06-25,94.58645629882812,61.67092514038086,52.232460021972656,87.41999816894531,,
2008-06-26,92.01750183105469,61.85022735595703,52.58393096923828,90.61000061035156,,
2008-06-27,91.51518249511719,61.88009262084961,53.20051193237305,91.47000122070312,,
2008-06-30,91.83810424804688,61.91748809814453,53.212093353271484,91.4000015258789,,
2008-07-01,92.12513732910156,61.9017219543457,53.08599853515625,92.66000366210938,,
2008-07-02,90.54644012451172,61.90919876098633,53.36357116699219,93.16999816894531,,
2008-07-03,90.63970184326172,62.01406478881836,53.24794387817383,92.05999755859375,,
2008-07-07,89.71399688720703,62.05153274536133,53.490840911865234,91.2300033569336,,
2008-07-08,91.30706024169922,62.05906677246094,53.83781433105469,90.86000061035156,,
2008-07-09,89.54896545410156,62.163917541503906,54.074981689453125,91.5,,
2008-07-10,89.91492462158203,62.0890007019043,54.06916809082031,93.52999877929688,,
2008-07-11,88.8672866821289,61.96168899536133,53.299964904785156,95.16000366210938,,
2008-07-14,88.06353759765625,62.10392761230469,53.768455505371094,95.91000366210938,,
2008-07-15,86.82209014892578,62.19381332397461,53.75104904174805,96.16999816894531,,
2008-07-16,88.95336151123047,62.1339111328125,52.77949905395508,94.44000244140625,,
2008-07-17,89.84317779541016,62.044010162353516,52.507667541503906,94.22000122070312,,
2008-07-18,90.40288543701172,61.93167495727539,52.31101608276367,94.16999816894531,,
2008-07-21,90.45315551757812,61.96168899536133,52.513423919677734,95.12000274658203,,
2008-07-22,91.47930908203125,61.90919876098633,52.25314712524414,93.05999755859375,,
2008-07-23,91.97442626953125,61.8792724609375,52.1490478515625,90.56999969482422,,
2008-07-24,90.06560516357422,62.05153274536133,52.658023834228516,91.33000183105469,,
2008-07-25,90.04410552978516,61.96917724609375,52.13175964355469,91.69000244140625,,
2008-07-28,88.72374725341797,62.09645462036133,52.658023834228516,91.7300033569336,,
2008-07-29,90.61820220947266,62.044010162353516,52.44401931762695,90.58999633789062,,
2008-07-30,92.2327880859375,62.05906677246094,52.496070861816406,89.5199966430664,,
2008-07-31,91.01288604736328,62.186363220214844,53.01663589477539,90.08000183105469,,
2008-08-01,90.5320816040039,62.198333740234375,53.13383865356445,89.56999969482422,,
2008-08-04,89.6925048828125,62.19084167480469,53.01199722290039,88.13999938964844,,
2008-08-05,92.11077880859375,62.160831451416016,52.617252349853516,86.08000183105469,,
2008-08-06,92.51979064941406,62.1683464050293,52.402488708496094,86.63999938964844,,
2008-08-07,91.14205932617188,62.30352020263672,53.25571823120117,86.08999633789062,,
2008-08-08,92.83555603027344,62.25096130371094,53.400882720947266,84.43000030517578,,
2008-08-11,93.79716491699219,62.1683464050293,52.89006423950195,81.12999725341797,,
2008-08-12,92.82119750976562,62.28102111816406,53.38346481323242,80.5199966430664,,
2008-08-13,92.2614974975586,62.27350616455078,53.19771194458008,81.55999755859375,,
2008-08-14,92.95753479003906,62.29602813720703,53.5401496887207,79.3499984741211,,
2008-08-15,93.40963745117188,62.34107208251953,54.00449752807617,77.62999725341797,,
2008-08-18,92.13229370117188,62.393707275390625,54.21928024291992,78.80000305175781,,
2008-08-19,91.12767791748047,62.43880081176758,54.01028060913086,80.43000030517578,,
2008-08-20,91.55103302001953,62.521461486816406,54.16123580932617,80.05999755859375,,
2008-08-21,91.70894622802734,62.468875885009766,54.062522888183594,82.30000305175781,,
2008-08-22,93.03646087646484,62.35609436035156,54.0277099609375,81.08000183105469,,
2008-08-25,91.14920043945312,62.46131134033203,54.56755828857422,80.93000030517578,,
2008-08-26,91.4146957397461,62.43880081176758,54.614017486572266,81.2300033569336,,
2008-08-27,92.3045425415039,62.476375579833984,54.70684051513672,81.36000061035156,,
2008-08-28,93.42398834228516,62.44630813598633,54.712615966796875,82.18000030517578,,
2008-08-29,92.4193344116211,62.476375579833984,54.46883773803711,81.70999908447266,,
2008-09-02,91.84524536132812,62.55547332763672,54.97568130493164,79.19999694824219,,
2008-09-03,91.7663345336914,62.57807540893555,55.20868682861328,78.88999938964844,,
2008-09-04,89.00359344482422,62.6157341003418,55.65143966674805,78.38999938964844,,
2008-09-05,89.283447265625,62.59312438964844,55.62229919433594,78.9800033569336,,
2008-09-08,91.12767791748047,62.563018798828125,55.85535430908203,78.86000061035156,,
2008-09-09,88.42232513427734,62.66096878051758,56.408748626708984,76.48999786376953,,
2008-09-10,88.78113555908203,62.67605209350586,56.05922317504883,74.22000122070312,,
2008-09-11,90.06560516357422,62.6534538269043,56.03013610839844,73.08000183105469,,
2008-09-12,90.48182678222656,62.66096878051758,55.307769775390625,75.55000305175781,,
2008-09-15,86.1762466430664,63.10553741455078,57.10198974609375,77.55999755859375,,
2008-09-16,87.6186294555664,62.99254608154297,57.09037399291992,76.79000091552734,,
2008-09-17,83.67899322509766,63.29384994506836,57.37577819824219,85.45999908447266,,
2008-09-18,86.16190338134766,63.0904655456543,56.53691864013672,82.80000305175781,,
2008-09-19,89.5837173461914,62.73634719848633,54.742652893066406,85.9800033569336,,
2008-09-22,87.55557250976562,62.781497955322266,54.736846923828125,89.18000030517578,,
2008-09-23,85.56356048583984,62.82670211791992,54.527130126953125,88.31999969482422,,
2008-09-24,85.83787536621094,62.96235656738281,54.76601028442383,86.70999908447266,,
2008-09-25,87.18025970458984,62.84935760498047,54.655311584472656,86.44999694824219,,
2008-09-26,87.22357177734375,62.84935760498047,55.051414489746094,86.63999938964844,,
2008-09-29,80.38859558105469,63.21099853515625,56.65342330932617,89.56999969482422,,
2008-09-30,83.71588897705078,62.96235656738281,55.27279281616211,85.06999969482422,,
2008-10-01,83.7663803100586,63.15890884399414,55.968135833740234,85.97000122070312,,
2008-10-02,80.72782135009766,63.295082092285156,56.41807174682617,82.33000183105469,,
2008-10-03,79.63800048828125,63.46893310546875,56.914791107177734,82.58999633789062,,
2008-10-06,75.58174133300781,63.59743118286133,57.949092864990234,84.27999877929688,,
2008-10-07,72.19673919677734,63.612586975097656,57.773719787597656,87.2699966430664,,
2008-10-08,70.3779067993164,63.34039306640625,56.94403839111328,89.41999816894531,,
2008-10-09,65.46281433105469,63.378177642822266,56.46480178833008,89.9000015258789,,
2008-10-10,63.87495803833008,63.476444244384766,56.06753158569336,83.22000122070312,,
2008-10-13,73.14945220947266,63.19675064086914,55.34877014160156,81.98999786376953,,
2008-10-14,72.06682586669922,63.21184158325195,54.992366790771484,82.19999694824219,,
2008-10-15,64.97199249267578,63.42351531982422,55.51816177368164,83.30999755859375,,
2008-10-16,67.67858123779297,63.38571548461914,55.23188018798828,79.29000091552734,,
2008-10-17,67.27442169189453,63.43107986450195,54.85209655761719,77.20999908447266,,
2008-10-20,71.31620025634766,63.38571548461914,55.290313720703125,78.5,,
2008-10-21,69.18707275390625,63.514305114746094,55.58249282836914,76.02999877929688,,
2008-10-22,65.41947937011719,63.605003356933594,56.71025085449219,71.70999908447266,,
2008-10-23,66.17732238769531,63.56719207763672,57.13098907470703,70.6500015258789,,
2008-10-24,62.82120132446289,63.62008285522461,56.52326202392578,72.20999908447266,,
2008-10-27,60.59099578857422,63.461395263671875,56.564205169677734,72.18000030517578,,
2008-10-28,67.67137908935547,63.53693389892578,55.74025344848633,73.79000091552734,,
2008-10-29,67.1805648803711,63.57476043701172,55.459739685058594,74.0,,
2008-10-30,69.50459289550781,63.62765121459961,54.95726013183594,72.70999908447266,,
2008-10-31,69.88715362548828,63.65789031982422,54.244319915771484,71.33999633789062,,
2008-11-03,70.08921813964844,63.77709197998047,54.39106369018555,71.0999984741211,,
2008-11-04,72.47099304199219,63.75429916381836,55.411842346191406,75.4800033569336,,
2008-11-05,69.42526245117188,63.868141174316406,56.06895065307617,72.80000305175781,,
2008-11-06,65.5782699584961,63.89088821411133,55.664100646972656,72.22000122070312,,
2008-11-07,67.74353790283203,63.77709197998047,55.30038833618164,72.5,,
2008-11-10,66.85577392578125,63.974464416503906,55.57026672363281,73.58000183105469,,
2008-11-11,64.79159545898438,64.01991271972656,55.734519958496094,72.05000305175781,,
2008-11-12,61.94065475463867,64.11863708496094,56.0924072265625,70.0,,
2008-11-13,65.80203247070312,63.95920181274414,54.74893569946289,72.1500015258789,,
2008-11-14,62.51805877685547,63.94407653808594,55.83427047729492,73.30000305175781,,
2008-11-17,61.68806457519531,64.05792236328125,56.08064651489258,72.6500015258789,,
2008-11-18,62.850067138671875,64.12620544433594,56.80225372314453,72.51000213623047,,
2008-11-19,58.82270812988281,64.2172622680664,58.25720977783203,72.26000213623047,,
2008-11-20,54.45608901977539,64.3387222290039,61.26690673828125,73.44999694824219,,
2008-11-21,57.39362335205078,64.23246765136719,60.38102722167969,78.8499984741211,,
2008-11-24,61.3704833984375,64.07306671142578,59.43650817871094,80.91000366210938,,
2008-11-25,61.8251838684082,64.12620544433594,61.184776306152344,80.87000274658203,,
2008-11-26,64.21416473388672,64.32353210449219,61.26690673828125,80.37999725341797,,
2008-11-28,65.02249145507812,64.36152648925781,62.02371597290039,80.30999755859375,,
2008-12-01,59.262943267822266,64.46730041503906,64.39891815185547,75.6500015258789,,
2008-12-02,61.54372024536133,64.45973205566406,64.64618682861328,76.94999694824219,,
2008-12-03,63.02330017089844,64.51300048828125,64.82866668701172,76.18000030517578,,
2008-12-04,61.565338134765625,64.52827453613281,66.10610961914062,75.5,,
2008-12-05,63.46356201171875,64.4521255493164,65.03466033935547,74.5199966430664,,
2008-12-08,65.6793212890625,64.36073303222656,64.8934326171875,76.19999694824219,,
2008-12-09,64.59671783447266,64.5586929321289,66.17668151855469,76.33000183105469,,
2008-12-10,65.0369644165039,64.47492980957031,66.01773071289062,79.75,,
2008-12-11,63.47079086303711,64.62728118896484,66.14724731445312,80.6500015258789,,
2008-12-12,64.22860717773438,64.65770721435547,66.14724731445312,80.80999755859375,,
2008-12-15,63.33366012573242,64.70343017578125,66.90066528320312,82.5999984741211,,
2008-12-16,66.31448364257812,64.73381042480469,68.5549087524414,84.45999908447266,,
2008-12-17,65.67211151123047,64.5968017578125,70.41498565673828,85.43000030517578,,
2008-12-18,64.44514465332031,64.62728118896484,71.89253234863281,83.87000274658203,,
2008-12-19,64.16790771484375,64.56634521484375,71.96906280517578,82.62999725341797,,
2008-12-22,63.3457145690918,64.44449615478516,71.41570281982422,83.45999908447266,,
2008-12-23,62.690853118896484,64.45973205566406,71.32154083251953,82.62999725341797,,
2008-12-24,63.05469512939453,64.47492980957031,71.16845703125,83.45999908447266,,
2008-12-26,63.41850280761719,64.55109405517578,71.40394592285156,85.5999984741211,,
2008-12-29,63.2365837097168,64.69334411621094,71.31830596923828,86.3499984741211,,
2008-12-30,64.73542785644531,64.75446319580078,71.99755859375,85.9000015258789,,
2008-12-31,65.65953063964844,64.723876953125,70.49142456054688,86.5199966430664,,
2009-01-02,67.63862609863281,64.3798599243164,68.71952056884766,86.2300033569336,,
2009-01-05,67.55858612060547,64.50982666015625,66.9476318359375,84.4800033569336,,
2009-01-06,68.00971221923828,64.54036712646484,66.27436065673828,85.12999725341797,,
2009-01-07,65.9723892211914,64.4944839477539,66.53424072265625,82.75,,
2009-01-08,66.24160766601562,64.50982666015625,66.48102569580078,84.45999908447266,,
2009-01-09,64.82276916503906,64.55567169189453,66.58148193359375,83.91999816894531,,
2009-01-12,63.26570129394531,64.57098388671875,67.27249908447266,80.76000213623047,,
2009-01-13,63.38207244873047,64.57860565185547,67.34337615966797,80.87999725341797,,
2009-01-14,61.388458251953125,64.655029296875,68.45376586914062,79.79000091552734,,
2009-01-15,61.4102783203125,64.5863037109375,68.56597900390625,80.38999938964844,,
2009-01-16,61.890464782714844,64.61685180664062,67.50875854492188,82.70999908447266,,
2009-01-20,58.62351989746094,64.64739990234375,67.49690246582031,84.5199966430664,,
2009-01-21,61.155616760253906,64.54804992675781,65.36478424072266,84.1500015258789,,
2009-01-22,60.20970916748047,64.57860565185547,64.10674285888672,84.58000183105469,,
2009-01-23,60.47167205810547,64.56334686279297,63.60468673706055,88.52999877929688,,
2009-01-26,60.88639831542969,64.47919464111328,63.049503326416016,88.94999694824219,,
2009-01-27,61.504859924316406,64.54804992675781,64.531982421875,88.37999725341797,,
2009-01-28,63.58584213256836,64.525146484375,62.9195671081543,87.41999816894531,,
2009-01-29,61.5194206237793,64.40276336669922,61.47251510620117,89.5,,
2009-01-30,60.267948150634766,64.4410400390625,61.27760696411133,91.30999755859375,,
2009-02-02,60.08600997924805,64.50077819824219,62.41769027709961,88.83999633789062,,
2009-02-03,60.930057525634766,64.43183135986328,60.9311408996582,88.47000122070312,,
2009-02-04,60.6317138671875,64.32463073730469,60.71799087524414,89.18000030517578,,
2009-02-05,61.53398895263672,64.33995819091797,60.77126693725586,90.12000274658203,,
2009-02-06,63.287506103515625,64.30164337158203,60.58171463012695,89.58999633789062,,
2009-02-09,63.374820709228516,64.27865600585938,60.77717971801758,88.31999969482422,,
2009-02-10,60.47167205810547,64.42414093017578,62.09789276123047,90.20999908447266,,
2009-02-11,60.82817077636719,64.40887451171875,62.903419494628906,92.29000091552734,,
2009-02-12,60.87181854248047,64.48541259765625,62.31114959716797,93.16999816894531,,
2009-02-13,60.217010498046875,64.36286926269531,60.652809143066406,92.55000305175781,,
2009-02-17,57.64126205444336,64.5313491821289,62.542110443115234,95.44999694824219,,
2009-02-18,57.50300216674805,64.42414093017578,62.00910186767578,96.91000366210938,,
2009-02-19,56.884544372558594,64.40117645263672,60.95486068725586,95.7699966430664,,
2009-02-20,56.3315544128418,64.45478820800781,61.54706954956055,97.80000305175781,,
2009-02-23,54.31609344482422,64.4471435546875,62.115684509277344,97.7300033569336,,
2009-02-24,56.37522506713867,64.40117645263672,62.05052185058594,94.7300033569336,,
2009-02-25,55.9313850402832,64.27865600585938,61.333927154541016,93.1500015258789,,
2009-02-26,55.02187728881836,64.30926513671875,60.68834686279297,93.05999755859375,,
2009-02-27,53.79219436645508,64.34757995605469,60.33889389038086,92.62999725341797,,
2009-03-02,51.369258880615234,64.49260711669922,61.337833404541016,90.93000030517578,,
2009-03-03,50.98362350463867,64.43888854980469,60.92806625366211,90.04000091552734,,
2009-03-04,52.191463470458984,64.36985778808594,60.64887237548828,88.98999786376953,,
2009-03-05,50.0595703125,64.44650268554688,62.335567474365234,91.98999786376953,,
2009-03-06,50.1468620300293,64.4005126953125,61.91985321044922,92.29000091552734,,
2009-03-09,49.557533264160156,64.339111328125,61.557559967041016,90.56999969482422,,
2009-03-10,52.511600494384766,64.3008041381836,60.37572479248047,88.13999938964844,,
2009-03-11,52.85358428955078,64.33146667480469,61.02903366088867,89.22000122070312,,
2009-03-12,54.93456268310547,64.35449981689453,61.32004165649414,91.0999984741211,,
2009-03-13,55.36383819580078,64.40814971923828,61.01116180419922,91.30000305175781,,
2009-03-16,55.19651412963867,64.3238296508789,60.04909133911133,90.80000305175781,,
2009-03-17,56.884544372558594,64.30847930908203,59.722450256347656,90.04000091552734,,
2009-03-18,58.1578483581543,64.55389404296875,61.98521423339844,93.08999633789062,,
2009-03-19,57.437538146972656,64.47721099853516,62.06242370605469,94.3499984741211,,
2009-03-20,56.2144775390625,64.55389404296875,61.71794509887695,93.58999633789062,,
2009-03-23,60.25226593017578,64.50019073486328,61.183406829833984,92.08000183105469,,
2009-03-24,59.06512451171875,64.41581726074219,61.76548385620117,90.94999694824219,,
2009-03-25,59.688011169433594,64.4005126953125,60.93397521972656,91.9800033569336,,
2009-03-26,60.90450668334961,64.48484802246094,61.6407585144043,91.93000030517578,,
2009-03-27,59.80527114868164,64.51554870605469,62.0980110168457,90.69000244140625,,
2009-03-30,57.73868179321289,64.576904296875,62.335567474365234,89.9800033569336,,
2009-03-31,58.273651123046875,64.66890716552734,62.78105163574219,90.27999877929688,,
2009-04-01,59.402217864990234,64.65435791015625,63.353965759277344,91.02999877929688,,
2009-04-02,61.13899230957031,64.54679870605469,62.57965087890625,88.80000305175781,,
2009-04-03,61.74724578857422,64.40082550048828,61.29918670654297,87.58999633789062,,
2009-04-06,61.263553619384766,64.4468765258789,61.03708267211914,85.2699966430664,,
2009-04-07,59.83458709716797,64.46998596191406,61.19198226928711,86.73999786376953,,
2009-04-08,60.479461669921875,64.46998596191406,61.733924865722656,86.61000061035156,,
2009-04-09,62.88310623168945,64.39317321777344,60.95970916748047,86.30999755859375,,
2009-04-13,62.897762298583984,64.51610565185547,61.519554138183594,87.87999725341797,,
2009-04-14,61.813175201416016,64.56980895996094,61.84117889404297,87.37000274658203,,
2009-04-15,62.472713470458984,64.60060119628906,61.733924865722656,87.5,,
2009-04-16,63.388736724853516,64.50840759277344,61.24555969238281,85.80999755859375,,
2009-04-17,63.81376647949219,64.43925476074219,60.572505950927734,85.22000122070312,,
2009-04-20,61.13899230957031,64.50072479248047,61.48968505859375,86.94999694824219,,
2009-04-21,62.33346176147461,64.50840759277344,60.88225173950195,86.88999938964844,,
2009-04-22,61.95241928100586,64.50840759277344,60.512969970703125,87.37999725341797,,
2009-04-23,62.56064224243164,64.46229553222656,60.50698471069336,88.80000305175781,,
2009-04-24,63.5059928894043,64.46229553222656,59.899471282958984,89.72000122070312,,
2009-04-27,62.90504837036133,64.53907012939453,60.15559387207031,89.01000213623047,,
2009-04-28,62.70722198486328,64.47761535644531,59.172889709472656,87.75,,
2009-04-29,64.04095458984375,64.50840759277344,58.648746490478516,88.33000183105469,,
2009-04-30,64.06290435791016,64.56217956542969,58.41647720336914,87.2699966430664,,
2009-05-01,64.4073715209961,64.51365661621094,58.014427185058594,86.94999694824219,,
2009-05-04,66.5984878540039,64.49826049804688,58.20558166503906,88.63999938964844,,
2009-05-05,66.37129211425781,64.48287200927734,58.1339111328125,88.25,,
2009-05-06,67.52181243896484,64.52140808105469,57.99647521972656,89.54000091552734,,
2009-05-07,66.58381652832031,64.42899322509766,56.58063507080078,89.44000244140625,,
2009-05-08,68.13741302490234,64.47515869140625,56.718082427978516,89.9800033569336,,
2009-05-11,66.86229705810547,64.58292388916016,57.52450942993164,89.69000244140625,,
2009-05-12,66.66448211669922,64.57521057128906,57.73361587524414,90.69999694824219,,
2009-05-13,64.98625946044922,64.60599517822266,58.36092758178711,91.08999633789062,,
2009-05-14,65.54320526123047,64.62913513183594,58.587921142578125,91.02999877929688,,
2009-05-15,65.00827026367188,64.62142181396484,58.57002639770508,91.55000305175781,,
2009-05-18,66.85498046875,64.5598373413086,57.66192626953125,90.36000061035156,,
2009-05-19,66.77435302734375,64.59834289550781,57.357269287109375,90.95999908447266,,
2009-05-20,66.32735443115234,64.68299102783203,57.96064758300781,92.25,,
2009-05-21,65.37469482421875,64.59834289550781,56.50295639038086,93.8499984741211,,
2009-05-22,65.23543548583984,64.61371612548828,55.875709533691406,94.1500015258789,,
2009-05-26,66.9062728881836,64.529052734375,55.03335189819336,93.76000213623047,,
2009-05-27,65.71177673339844,64.51365661621094,54.05952835083008,93.44999694824219,,
2009-05-28,66.62781524658203,64.50599670410156,54.84215545654297,94.23999786376953,,
2009-05-29,67.80764770507812,64.59834289550781,56.258033752441406,96.19999694824219,,
2009-06-01,69.44914245605469,64.5451889038086,54.59482955932617,95.7300033569336,,
2009-06-02,69.50777435302734,64.52196502685547,54.888511657714844,96.36000061035156,,
2009-06-03,68.6283950805664,64.63764953613281,55.4039421081543,94.41000366210938,,
2009-06-04,69.27327728271484,64.57599639892578,54.259159088134766,96.2300033569336,,
2009-06-05,69.2879409790039,64.15196228027344,53.84566116333008,93.70999908447266,,
2009-06-08,69.00215148925781,63.982303619384766,53.707786560058594,93.55999755859375,,
2009-06-09,69.3538818359375,64.12882995605469,53.7017936706543,93.83000183105469,,
2009-06-10,69.17799377441406,64.12106323242188,52.856693267822266,93.86000061035156,,
2009-06-11,69.48576354980469,64.12882995605469,53.444053649902344,93.69999694824219,,
2009-06-12,69.67631530761719,64.19815063476562,53.923580169677734,92.16999816894531,,
2009-06-15,68.07875061035156,64.2444839477539,54.40903091430664,91.0999984741211,,
2009-06-16,67.15543365478516,64.31385040283203,55.35597229003906,91.93000030517578,,
2009-06-17,67.0894775390625,64.38323211669922,55.04435729980469,92.3499984741211,,
2009-06-18,67.58045959472656,64.27532196044922,54.21123123168945,91.61000061035156,,
2009-06-19,67.82955932617188,64.31385040283203,54.954437255859375,91.9000015258789,,
2009-06-22,65.79554748535156,64.39864349365234,55.487892150878906,90.54000091552734,,
2009-06-23,65.84712219238281,64.39864349365234,56.14115524291992,90.91999816894531,,
2009-06-24,66.41458892822266,64.39098358154297,55.57772445678711,91.44999694824219,,
2009-06-25,67.8590316772461,64.5143051147461,56.59665298461914,92.30999755859375,,
2009-06-26,67.68216705322266,64.5451889038086,56.69255447387695,92.29000091552734,,
2009-06-29,68.31593322753906,64.5451889038086,56.776458740234375,92.04000091552734,,
2009-06-30,67.76319122314453,64.53742218017578,56.68056869506836,91.18000030517578,,
2009-07-01,68.04328155517578,64.60069274902344,56.568153381347656,92.38999938964844,,
2009-07-02,66.18614196777344,64.67020416259766,56.700408935546875,91.25,,
2009-07-06,66.17877197265625,64.69338989257812,56.592185974121094,90.76000213623047,,
2009-07-07,64.89647674560547,64.6856918334961,56.97100067138672,90.70999908447266,,
2009-07-08,64.85224914550781,64.78599548339844,58.02321243286133,89.2699966430664,,
2009-07-09,64.9775390625,64.75516510009766,57.331756591796875,89.51000213623047,,
2009-07-10,64.82276916503906,64.81689453125,57.860862731933594,89.58000183105469,,
2009-07-13,66.39986419677734,64.7782974243164,57.53620529174805,90.19000244140625,,
2009-07-14,66.77571868896484,64.73193359375,56.58015441894531,90.80999755859375,,
2009-07-15,68.7286148071289,64.57759094238281,55.12506103515625,92.23999786376953,,
2009-07-16,68.61809539794922,64.6778793334961,55.72032928466797,91.9800033569336,,
2009-07-17,69.3697738647461,64.65477752685547,54.86045837402344,91.93000030517578,,
2009-07-20,70.10675048828125,64.64704132080078,55.149112701416016,93.27999877929688,,
2009-07-21,70.43102264404297,64.72425842285156,56.24945831298828,93.12999725341797,,
2009-07-22,70.416259765625,64.69338989257812,55.74441909790039,93.44000244140625,,
2009-07-23,71.97124481201172,64.57759094238281,54.72220993041992,93.26000213623047,,
2009-07-24,72.26599884033203,64.61619567871094,54.98674392700195,93.41000366210938,,
2009-07-27,72.47977447509766,64.56983947753906,54.355411529541016,93.70999908447266,,
2009-07-28,72.14075469970703,64.53124237060547,54.8364372253418,92.11000061035156,,
2009-07-29,71.96388244628906,64.49263763427734,55.13711166381836,91.19999694824219,,
2009-07-30,72.71558380126953,64.50035095214844,55.91877746582031,91.62000274658203,,
2009-07-31,72.81876373291016,64.60845947265625,57.007083892822266,93.3499984741211,,
2009-08-03,74.01998901367188,64.5172348022461,56.14313888549805,93.87000274658203,,
2009-08-04,74.21159362792969,64.46306610107422,55.69666290283203,94.68000030517578,,
2009-08-05,73.99787902832031,64.43994140625,54.864131927490234,94.77999877929688,,
2009-08-06,73.61466217041016,64.43994140625,55.05113983154297,94.5999984741211,,
2009-08-07,74.58007049560547,64.33167266845703,54.5926399230957,93.75,,
2009-08-10,74.42532348632812,64.43217468261719,55.27436065673828,92.93000030517578,,
2009-08-11,73.49674224853516,64.50178527832031,55.91386795043945,92.79000091552734,,
2009-08-12,74.2853012084961,64.52496337890625,55.31659698486328,92.94999694824219,,
2009-08-13,74.85277557373047,64.63319396972656,56.10091781616211,93.72000122070312,,
2009-08-14,74.2779312133789,64.6795425415039,56.31808090209961,93.0,,
2009-08-17,72.4502944946289,64.74916076660156,57.15066909790039,91.61000061035156,,
2009-08-18,73.02513122558594,64.73365783691406,56.8188591003418,92.05999755859375,,
2009-08-19,73.66622161865234,64.76457977294922,57.289390563964844,92.52999877929688,,
2009-08-20,74.42532348632812,64.74916076660156,57.759944915771484,92.2699966430664,,
2009-08-21,75.884521484375,64.64860534667969,56.57146453857422,93.6500015258789,,
2009-08-24,75.8770980834961,64.7259521484375,57.59709167480469,92.33999633789062,,
2009-08-25,76.02452850341797,64.7259521484375,57.922855377197266,92.76000213623047,,
2009-08-26,76.03187561035156,64.76457977294922,58.1883544921875,92.79000091552734,,
2009-08-27,76.2013931274414,64.75687408447266,57.95903015136719,93.19000244140625,,
2009-08-28,76.18668365478516,64.82642364501953,58.22457504272461,93.87000274658203,,
2009-08-31,75.50862884521484,64.87284088134766,58.27883529663086,93.4000015258789,,
2009-09-01,73.84312438964844,64.92545318603516,58.1378059387207,93.9000015258789,,
2009-09-02,73.5630874633789,64.9950942993164,58.9850959777832,96.19000244140625,,
2009-09-03,74.17475891113281,64.93317413330078,58.622005462646484,97.45999908447266,,
2009-09-04,75.21385955810547,64.90225982666016,57.623348236083984,97.52999877929688,,
2009-09-08,75.86238098144531,64.91000366210938,57.2178840637207,97.43000030517578,,
2009-09-09,76.44461059570312,64.91767883300781,57.1512565612793,97.08000183105469,,
2009-09-10,77.22575378417969,64.95643615722656,58.20437240600586,97.69999694824219,,
2009-09-11,77.21102142333984,64.93317413330078,58.52512741088867,98.77999877929688,,
2009-09-14,77.58684539794922,64.89452362060547,57.94413757324219,97.95999908447266,,
2009-09-15,77.91114807128906,64.92545318603516,57.647552490234375,98.9000015258789,,
2009-09-16,79.09026336669922,64.84028625488281,57.750484466552734,99.91000366210938,,
2009-09-17,78.97237396240234,64.93317413330078,58.47676086425781,99.33999633789062,,
2009-09-18,79.022705078125,64.87124633789062,57.95621871948242,98.66999816894531,,
2009-09-21,78.82274627685547,64.89452362060547,58.08937072753906,98.36000061035156,,
2009-09-22,79.2818603515625,64.87901306152344,58.21043014526367,99.66999816894531,,
2009-09-23,78.62287902832031,64.97962951660156,58.385955810546875,98.83000183105469,,
2009-09-24,77.7564926147461,64.9950942993164,58.55540466308594,97.55000305175781,,
2009-09-25,77.34183502197266,64.97193145751953,59.29983901977539,97.0,,
2009-09-28,78.72651672363281,64.96417999267578,59.82034683227539,97.05000305175781,,
2009-09-29,78.48954772949219,64.95643615722656,59.765830993652344,97.43000030517578,,
2009-09-30,78.18600463867188,65.0260238647461,59.71136474609375,98.8499984741211,,
2009-10-01,76.24596405029297,65.09115600585938,60.5291633605957,97.88999938964844,,
2009-10-02,75.89049530029297,65.11446380615234,60.11024475097656,98.37000274658203,,
2009-10-05,77.02342987060547,65.11446380615234,60.116302490234375,99.81999969482422,,
2009-10-06,78.12671661376953,65.0756607055664,59.52137756347656,102.27999877929688,,
2009-10-07,78.34149932861328,65.16089630126953,60.219573974609375,102.36000061035156,,
2009-10-08,78.94125366210938,65.09889221191406,59.58811950683594,103.63999938964844,,
2009-10-09,79.42254638671875,65.0059814453125,58.22214889526367,102.83999633789062,,
2009-10-12,79.73358154296875,65.08341217041016,58.31316375732422,103.55999755859375,,
2009-10-13,79.57066345214844,65.1221694946289,58.61674118041992,104.26000213623047,,
2009-10-14,80.94049835205078,65.03692626953125,57.74861145019531,104.18000030517578,,
2009-10-15,81.23668670654297,64.99818420410156,57.481441497802734,102.86000061035156,,
2009-10-16,80.6295166015625,65.03692626953125,57.94894790649414,103.18000030517578,,
2009-10-19,81.2959213256836,65.03692626953125,58.40427780151367,104.2300033569336,,
2009-10-20,80.86644744873047,65.06795501708984,58.71993637084961,103.41999816894531,,
2009-10-21,80.14079284667969,65.03692626953125,58.367835998535156,103.75,,
2009-10-22,80.955322265625,65.04474639892578,58.08250427246094,103.91999816894531,,
2009-10-23,80.02973175048828,64.93619537353516,57.645416259765625,103.48999786376953,,
2009-10-26,79.16337585449219,64.86644744873047,56.898643493652344,101.86000061035156,,
2009-10-27,78.8005599975586,64.99818420410156,57.67573928833008,101.8499984741211,,
2009-10-28,77.31224060058594,65.09115600585938,57.94894790649414,100.7300033569336,,
2009-10-29,78.97087860107422,65.03692626953125,57.31748962402344,102.69000244140625,,
2009-10-30,76.68282318115234,65.11446380615234,58.149288177490234,102.52999877929688,,
2009-11-02,77.24559020996094,65.1221923828125,57.89224624633789,103.94999694824219,,
2009-11-03,77.48992919921875,65.11444091796875,57.31365203857422,106.45999908447266,,
2009-11-04,77.68985748291016,65.10665130615234,56.78982925415039,107.0999984741211,,
2009-11-05,79.11894989013672,65.1688232421875,56.78982925415039,106.9800033569336,,
2009-11-06,79.32628631591797,65.21544647216797,56.84465026855469,107.43000030517578,,
2009-11-09,81.13302612304688,65.21544647216797,56.91166305541992,108.19000244140625,,
2009-11-10,81.1478271484375,65.1998291015625,56.80811309814453,108.38999938964844,,
2009-11-11,81.56249237060547,65.26972961425781,57.04560852050781,109.5999984741211,,
2009-11-12,80.73321533203125,65.26202392578125,56.94213104248047,108.20999908447266,,
2009-11-13,81.17005157470703,65.27754211425781,57.20400619506836,109.73999786376953,,
2009-11-16,82.34736633300781,65.31641387939453,57.87395095825195,111.62999725341797,,
2009-11-17,82.44367980957031,65.33189392089844,58.18460464477539,111.97000122070312,,
2009-11-18,82.391845703125,65.33189392089844,57.843528747558594,112.25,,
2009-11-19,81.31812286376953,65.35521697998047,57.94702911376953,112.30000305175781,,
2009-11-20,81.02935791015625,65.37078094482422,57.934898376464844,112.94000244140625,,
2009-11-23,82.05863189697266,65.36300659179688,57.861778259277344,114.29000091552734,,
2009-11-24,82.18448638916016,65.4173355102539,58.22726058959961,114.7300033569336,,
2009-11-25,82.4732437133789,65.44843292236328,58.49525833129883,116.62000274658203,,
2009-11-27,81.13302612304688,65.49502563476562,58.714481353759766,115.05999755859375,,
2009-11-30,81.40699768066406,65.5027847290039,58.85459899902344,115.63999938964844,,
2009-12-01,82.4140625,65.51923370361328,58.198974609375,117.37999725341797,,
2009-12-02,82.37699890136719,65.46444702148438,58.247867584228516,119.18000030517578,,
2009-12-03,81.7328109741211,65.42528533935547,57.64292907714844,118.69999694824219,,
2009-12-04,82.19930267333984,65.26113891601562,57.031925201416016,113.75,,
2009-12-07,82.07344818115234,65.40188598632812,57.105224609375,113.11000061035156,,
2009-12-08,81.16265106201172,65.46444702148438,57.190792083740234,110.94999694824219,,
2009-12-09,81.46623229980469,65.4175796508789,56.92807388305664,110.83999633789062,,
2009-12-10,81.92533874511719,65.39403533935547,56.274269104003906,110.81999969482422,,
2009-12-11,82.2733383178711,65.32366180419922,56.268184661865234,109.31999969482422,,
2009-12-14,82.83611297607422,65.25334930419922,56.335357666015625,110.23999786376953,,
2009-12-15,82.45108032226562,65.23765563964844,56.08481216430664,110.20999908447266,,
2009-12-16,82.5769271850586,65.28457641601562,56.017662048339844,111.58999633789062,,
2009-12-17,81.58470153808594,65.40968322753906,56.9403190612793,107.33999633789062,,
2009-12-18,82.04627990722656,65.36287689208984,56.69590759277344,108.94999694824219,,
2009-12-21,82.88005828857422,65.26113891601562,55.687679290771484,106.94999694824219,,
2009-12-22,83.17784118652344,65.18289184570312,55.37609100341797,106.16999816894531,,
2009-12-23,83.34161376953125,65.18289184570312,55.388309478759766,106.55000305175781,,
2009-12-24,83.7361831665039,65.10469055175781,54.813941955566406,108.36000061035156,,
2009-12-28,83.91484832763672,65.01081848144531,54.661231994628906,108.55000305175781,,
2009-12-29,83.79574584960938,65.05390930175781,55.021759033203125,107.47000122070312,,
2009-12-30,83.76596069335938,65.03041076660156,55.38351821899414,106.93000030517578,,
2009-12-31,82.96195220947266,64.95209503173828,55.119876861572266,107.30999755859375,,
2010-01-04,84.36898803710938,65.03827667236328,55.07084274291992,109.80000305175781,,
2010-01-05,84.5923080444336,65.1165771484375,55.42646026611328,109.69999694824219,,
2010-01-06,84.65184783935547,65.12437438964844,54.68452835083008,111.51000213623047,,
2010-01-07,85.00921630859375,65.1087417602539,54.77649688720703,110.81999969482422,,
2010-01-08,85.29209899902344,65.17133331298828,54.75192642211914,111.37000274658203,,
2010-01-11,85.41120910644531,65.20265197753906,54.45147705078125,112.8499984741211,,
2010-01-12,84.61466217041016,65.25748443603516,55.38351821899414,110.48999786376953,,
2010-01-13,85.32930755615234,65.20265197753906,54.73970413208008,111.54000091552734,,
2010-01-14,85.56010437011719,65.26528930664062,55.50618362426758,112.02999877929688,,
2010-01-15,84.59976196289062,65.3200454711914,55.84956359863281,110.86000061035156,,
2010-01-19,85.65689849853516,65.33578491210938,55.69013214111328,111.5199966430664,,
2010-01-20,84.78585052490234,65.33578491210938,56.25425720214844,108.94000244140625,,
2010-01-21,83.15552520751953,65.39054870605469,56.5118408203125,107.37000274658203,,
2010-01-22,81.30182647705078,65.44529724121094,56.413719177246094,107.16999816894531,,
2010-01-25,81.71868133544922,65.39054870605469,56.15617752075195,107.4800033569336,,
2010-01-26,81.37628173828125,65.39836120605469,56.174583435058594,107.55999755859375,,
2010-01-27,81.76337432861328,65.37484741210938,56.14390182495117,106.52999877929688,,
2010-01-28,80.82537078857422,65.40621948242188,56.113250732421875,106.4800033569336,,
2010-01-29,79.94691467285156,65.4688720703125,56.60380554199219,105.95999908447266,,
2010-02-01,81.19015502929688,65.44059753417969,56.089942932128906,108.3499984741211,,
2010-02-02,82.1728286743164,65.44847869873047,56.24997329711914,109.12999725341797,,
2010-02-03,81.76337432861328,65.4014663696289,55.59766387939453,108.69999694824219,,
2010-02-04,79.23966979980469,65.4955062866211,56.47768783569336,104.37000274658203,,
2010-02-05,79.40349578857422,65.59737396240234,56.600765228271484,104.68000030517578,,
2010-02-08,78.83026123046875,65.55037689208984,56.6745719909668,104.04000091552734,,
2010-02-09,79.82038116455078,65.48773193359375,56.10846710205078,105.41000366210938,,
2010-02-10,79.66402435302734,65.41716003417969,55.573081970214844,105.12000274658203,,
2010-02-11,80.497802734375,65.44059753417969,55.27153396606445,107.12999725341797,,
2010-02-12,80.43084716796875,65.4955062866211,55.499237060546875,107.04000091552734,,
2010-02-16,81.69638061523438,65.50334930419922,55.60381317138672,109.62000274658203,,
2010-02-17,82.08350372314453,65.44847869873047,54.97001266479492,109.25,,
2010-02-18,82.56739807128906,65.4093017578125,54.74846649169922,109.9800033569336,,
2010-02-19,82.73857116699219,65.38574981689453,55.04388427734375,109.47000122070312,,
2010-02-22,82.75347900390625,65.4093017578125,54.816165924072266,109.06999969482422,,
2010-02-23,81.74849700927734,65.4641342163086,55.6715202331543,107.88999938964844,,
2010-02-24,82.5003890991211,65.4955062866211,55.8068962097168,107.36000061035156,,
2010-02-25,82.38874816894531,65.55037689208984,56.120723724365234,108.30999755859375,,
2010-02-26,82.44081115722656,65.57389831542969,56.40996170043945,109.43000030517578,,
2010-03-01,83.29696655273438,65.5621337890625,56.3852653503418,109.43000030517578,,
2010-03-02,83.52772521972656,65.5621337890625,56.311214447021484,111.0199966430664,,
2010-03-03,83.6021957397461,65.55425262451172,56.16923141479492,111.62999725341797,,
2010-03-04,83.85529327392578,65.5307388305664,56.46552276611328,110.83000183105469,,
2010-03-05,85.05389404296875,65.47579956054688,55.724754333496094,110.80999755859375,,
2010-03-08,85.06879425048828,65.4444808959961,55.434627532958984,109.87999725341797,,
2010-03-09,85.21021270751953,65.49147033691406,55.44695281982422,109.72000122070312,,
2010-03-10,85.5898666381836,65.47579956054688,55.3049430847168,108.47000122070312,,
2010-03-11,85.94721984863281,65.39738464355469,55.508689880371094,108.5999984741211,,
2010-03-12,85.95465850830078,65.4051742553711,55.854393005371094,107.94999694824219,,
2010-03-15,85.97702026367188,65.42876434326172,55.780338287353516,108.36000061035156,,
2010-03-16,86.6618881225586,65.4444808959961,56.22476577758789,110.4000015258789,,
2010-03-17,87.17555236816406,65.46012878417969,56.46552276611328,109.58999633789062,,
2010-03-18,87.13091278076172,65.42089080810547,56.28030014038086,110.33999633789062,,
2010-03-19,86.68987274169922,65.37386322021484,56.33587646484375,108.27999877929688,,
2010-03-22,87.1533432006836,65.39738464355469,56.39760208129883,107.75,,
2010-03-23,87.76629638671875,65.37386322021484,56.132171630859375,108.31999969482422,,
2010-03-24,87.3402099609375,65.27184295654297,55.107425689697266,106.30000305175781,,
2010-03-25,87.19816589355469,65.2954330444336,54.755558013916016,106.77999877929688,,
2010-03-26,87.1458511352539,65.33463287353516,54.90989303588867,108.58999633789062,,
2010-03-29,87.69900512695312,65.36602783203125,54.69999313354492,108.75,,
2010-03-30,87.75880432128906,65.35030364990234,54.87284851074219,107.97000122070312,,
2010-03-31,87.45980072021484,65.39738464355469,55.249393463134766,108.94999694824219,,
2010-04-01,88.05781555175781,65.37381744384766,55.114315032958984,110.26000213623047,,
2010-04-05,88.77543640136719,65.19320678710938,54.19734573364258,110.88999938964844,,
2010-04-06,88.9847412109375,65.24038696289062,54.28404998779297,111.02999877929688,,
2010-04-07,88.4764175415039,65.34239959716797,54.97806167602539,112.48999786376953,,
2010-04-08,88.78290557861328,65.32676696777344,55.002803802490234,112.6500015258789,,
2010-04-09,89.3659896850586,65.34239959716797,55.132957458496094,113.63999938964844,,
2010-04-12,89.50801086425781,65.37381744384766,55.42414474487305,113.01000213623047,,
2010-04-13,89.57527923583984,65.35816192626953,55.603797912597656,112.69000244140625,,
2010-04-14,90.59191131591797,65.35816192626953,55.21347427368164,113.02999877929688,,
2010-04-15,90.66670227050781,65.40520477294922,55.275455474853516,113.6500015258789,,
2010-04-16,89.22396850585938,65.50733184814453,55.678199768066406,111.23999786376953,,
2010-04-19,89.56034088134766,65.44451141357422,55.54189682006836,111.1500015258789,,
2010-04-20,90.36019134521484,65.45232391357422,55.74013137817383,111.45999908447266,,
2010-04-21,90.19571685791016,65.460205078125,56.19865417480469,112.30999755859375,,
2010-04-22,90.46485137939453,65.41307067871094,56.03135299682617,111.83999633789062,,
2010-04-23,91.05536651611328,65.3895263671875,55.833106994628906,113.19000244140625,,
2010-04-26,90.7115249633789,65.3895263671875,55.89504623413086,112.75,,
2010-04-27,88.56615447998047,65.51517486572266,56.681983947753906,114.62999725341797,,
2010-04-28,89.23887634277344,65.49946594238281,56.19865417480469,114.30999755859375,,
2010-04-29,90.34520721435547,65.51517486572266,56.43413543701172,114.27999877929688,,
2010-04-30,88.81282806396484,65.59368133544922,57.08469009399414,115.36000061035156,,
2010-05-03,89.96400451660156,65.52922058105469,57.01006317138672,115.7300033569336,,
2010-05-04,87.84851837158203,65.5685806274414,58.036006927490234,114.87000274658203,,
2010-05-05,87.32528686523438,65.6549301147461,58.37799835205078,115.08999633789062,,
2010-05-06,84.4249038696289,65.79640197753906,60.181156158447266,118.48999786376953,,
2010-05-07,83.16902923583984,65.7728500366211,59.42878341674805,118.2699966430664,,
2010-05-10,86.83187866210938,65.68641662597656,58.1976203918457,117.56999969482422,,
2010-05-11,86.58521270751953,65.72566223144531,58.04842758178711,120.66000366210938,,
2010-05-12,87.79620361328125,65.7099838256836,57.60700607299805,121.4000015258789,,
2010-05-13,86.70482635498047,65.74928283691406,57.986263275146484,120.55999755859375,,
2010-05-14,85.13500213623047,65.83576202392578,58.99351501464844,120.37000274658203,,
2010-05-17,85.17987823486328,65.81217956542969,58.775943756103516,119.36000061035156,,
2010-05-18,84.0212173461914,65.88289642333984,59.67748260498047,119.48999786376953,,
2010-05-19,83.54280090332031,65.85147094726562,59.87644958496094,116.62999725341797,,
2010-05-20,80.38825988769531,65.93003845214844,61.13867950439453,115.83999633789062,,
2010-05-21,81.56189727783203,65.88289642333984,61.200843811035156,115.22000122070312,,
2010-05-24,80.51535034179688,65.87495422363281,60.989402770996094,116.83999633789062,,
2010-05-25,80.59757232666016,65.86717224121094,61.2878303527832,117.36000061035156,,
2010-05-26,80.11168670654297,65.81217956542969,61.1137580871582,118.47000122070312,,
2010-05-27,82.79525756835938,65.76502227783203,59.72718811035156,118.69000244140625,,
2010-05-28,81.75624084472656,65.8907699584961,60.000797271728516,118.87999725341797,,
2010-06-01,80.38079071044922,65.89154815673828,60.42253875732422,119.91000366210938,,
2010-06-02,82.4738540649414,65.84441375732422,59.84857177734375,119.77999877929688,,
2010-06-03,82.75791931152344,65.8286361694336,59.411865234375,117.95999908447266,,
2010-06-04,79.85009002685547,65.97808837890625,61.00897979736328,119.19000244140625,,
2010-06-07,78.8558578491211,65.95443725585938,61.47684860229492,121.48999786376953,,
2010-06-08,79.70054626464844,65.94660949707031,61.17122268676758,121.0,,
2010-06-09,79.27448272705078,65.95443725585938,61.10260009765625,120.55999755859375,,
2010-06-10,81.591796875,65.86798095703125,60.010807037353516,118.97000122070312,,
2010-06-11,81.9879379272461,65.938720703125,60.77191162109375,120.01000213623047,,
2010-06-14,81.8608627319336,65.95443725585938,60.46000289916992,119.5999984741211,,
2010-06-15,83.72219848632812,65.92301177978516,60.210411071777344,120.98999786376953,,
2010-06-16,83.69232940673828,65.938720703125,60.553550720214844,120.33000183105469,,
2010-06-17,83.82686614990234,65.97808837890625,61.046409606933594,121.9000015258789,,
2010-06-18,83.91773223876953,65.98590850830078,60.94657897949219,122.83000183105469,,
2010-06-21,83.67737579345703,65.9937973022461,60.77191162109375,120.38999938964844,,
2010-06-22,82.29539489746094,66.0252456665039,61.49559020996094,121.44999694824219,,
2010-06-23,82.04007720947266,66.07244110107422,61.91359329223633,120.94999694824219,,
2010-06-24,80.68059539794922,66.08821868896484,61.545501708984375,121.30000305175781,,
2010-06-25,81.01860809326172,66.11174774169922,61.79507064819336,122.76000213623047,,
2010-06-28,80.76322174072266,66.15105438232422,62.37527847290039,121.08999633789062,,
2010-06-29,78.26966857910156,66.18254089355469,63.0552978515625,121.2699966430664,,
2010-06-30,77.52605438232422,66.16685485839844,63.479576110839844,121.68000030517578,,
2010-07-01,77.18060302734375,66.14561462402344,63.579673767089844,117.04000091552734,,
2010-07-02,76.75999450683594,66.14561462402344,63.07278823852539,118.48999786376953,,
2010-07-06,77.26321411132812,66.14561462402344,63.5921516418457,116.51000213623047,,
2010-07-07,79.69667053222656,66.13773345947266,62.84748458862305,117.7300033569336,,
2010-07-08,80.48533630371094,66.14561462402344,62.446983337402344,117.20999908447266,,
2010-07-09,81.08616638183594,66.12200927734375,62.090267181396484,118.36000061035156,,
2010-07-12,81.13875579833984,66.1298599243164,62.065284729003906,117.33999633789062,,
2010-07-13,82.36300659179688,66.08258819580078,61.53333282470703,118.36000061035156,,
2010-07-14,82.35549926757812,66.15343475341797,62.15288543701172,118.30000305175781,,
2010-07-15,82.37803649902344,66.16917419433594,62.772430419921875,118.2300033569336,,
2010-07-16,80.10980987548828,66.23216247558594,63.079017639160156,116.66999816894531,,
2010-07-19,80.58297729492188,66.20849609375,62.69104766845703,115.7300033569336,,
2010-07-20,81.47675323486328,66.23216247558594,62.784934997558594,116.6500015258789,,
2010-07-21,80.41771697998047,66.26366424560547,63.848731994628906,115.8499984741211,,
2010-07-22,82.2127914428711,66.24005889892578,63.11030960083008,116.86000061035156,,
2010-07-23,82.92633056640625,66.20849609375,62.4407844543457,116.08999633789062,,
2010-07-26,83.79005432128906,66.1849365234375,62.33436584472656,115.5199966430664,,
2010-07-27,83.78253936767578,66.14561462402344,61.733604431152344,113.51000213623047,,
2010-07-28,83.24177551269531,66.20849609375,61.933868408203125,113.77999877929688,,
2010-07-29,82.83621215820312,66.26366424560547,61.91507339477539,114.29000091552734,,
2010-07-30,82.82118225097656,66.29519653320312,62.87879943847656,115.48999786376953,,
2010-08-02,84.69136810302734,66.28019714355469,61.996070861816406,115.54000091552734,,
2010-08-03,84.2857894897461,66.32749938964844,62.35395812988281,115.98999786376953,,
2010-08-04,84.84906768798828,66.27230834960938,61.876800537109375,116.72000122070312,,
2010-08-05,84.75895690917969,66.35112762451172,62.16558837890625,116.9800033569336,,
2010-08-06,84.41343688964844,66.36688995361328,62.84364700317383,117.83999633789062,,
2010-08-09,84.86410522460938,66.32749938964844,62.6113395690918,117.4000015258789,,
2010-08-10,84.40592956542969,66.35894012451172,62.74314880371094,117.7300033569336,,
2010-08-11,82.09263610839844,66.3747329711914,63.58443832397461,117.33999633789062,,
2010-08-12,81.58942413330078,66.35894012451172,63.42750930786133,118.7699966430664,,
2010-08-13,81.34908294677734,66.35112762451172,64.218505859375,118.73999786376953,,
2010-08-16,81.3115005493164,66.41413116455078,65.82575225830078,119.7300033569336,,
2010-08-17,82.31044006347656,66.39838409423828,65.44902801513672,119.75,,
2010-08-18,82.46066284179688,66.41413116455078,65.62482452392578,120.22000122070312,,
2010-08-19,81.02609252929688,66.42988586425781,66.64813995361328,120.38999938964844,,
2010-08-20,80.76322174072266,66.40625762939453,66.57279968261719,119.97000122070312,,
2010-08-23,80.45528411865234,66.41413116455078,66.58534240722656,119.77999877929688,,
2010-08-24,79.26106262207031,66.46138000488281,67.65263366699219,120.36000061035156,,
2010-08-25,79.56901550292969,66.39838409423828,67.43286895751953,121.36000061035156,,
2010-08-26,79.03578186035156,66.39838409423828,68.06697845458984,120.95999908447266,,
2010-08-27,80.26002502441406,66.35112762451172,66.13957977294922,121.01000213623047,,
2010-08-30,79.0958251953125,66.42988586425781,67.40779113769531,120.91000366210938,,
2010-08-31,79.0958251953125,66.45352172851562,68.15487670898438,122.08000183105469,,
2010-09-01,81.46173858642578,66.41405487060547,66.74568176269531,121.69000244140625,,
2010-09-02,82.22032165527344,66.39836883544922,66.04041290283203,122.29000091552734,,
2010-09-03,83.2868423461914,66.36681365966797,65.22183227539062,121.86000061035156,,
2010-09-07,82.34800720214844,66.43772888183594,66.55677795410156,122.69999694824219,,
2010-09-08,82.92633056640625,66.39042663574219,66.0278549194336,122.70999908447266,,
2010-09-09,83.30937957763672,66.3194351196289,64.72441864013672,121.55999755859375,,
2010-09-10,83.72997283935547,66.31163024902344,64.42847442626953,121.7300033569336,,
2010-09-13,84.66130065917969,66.36681365966797,64.74333953857422,121.62000274658203,,
2010-09-14,84.60875701904297,66.41405487060547,65.36666870117188,124.0199966430664,,
2010-09-15,84.93169403076172,66.42987823486328,64.39697265625,123.94000244140625,,
2010-09-16,84.9091796875,66.44567108154297,63.76103210449219,124.62999725341797,,
2010-09-17,84.94087219238281,66.46141815185547,64.0191650390625,124.54000091552734,,
2010-09-20,86.23963165283203,66.46930694580078,64.3907241821289,124.87000274658203,,
2010-09-21,86.0659408569336,66.51660919189453,65.28479766845703,126.01000213623047,,
2010-09-22,85.64315032958984,66.50871276855469,65.87040710449219,126.19999694824219,,
2010-09-23,84.94840240478516,66.51660919189453,66.0593032836914,126.30000305175781,,
2010-09-24,86.70024108886719,66.50871276855469,65.17147064208984,126.69000244140625,,
2010-09-27,86.28495788574219,66.5245132446289,66.30488586425781,126.72000122070312,,
2010-09-28,86.58695983886719,66.54027557373047,66.75825500488281,127.8499984741211,,
2010-09-29,86.43596649169922,66.5245132446289,66.48121643066406,127.94999694824219,,
2010-09-30,86.17922973632812,66.53237915039062,66.43716430664062,127.91000366210938,,
2010-10-01,86.54168701171875,66.54421997070312,66.11608123779297,128.91000366210938,,
2010-10-04,85.89228820800781,66.55207824707031,66.28672790527344,128.4600067138672,,
2010-10-05,87.62149047851562,66.5836410522461,65.88856506347656,130.99000549316406,,
2010-10-06,87.61392211914062,66.591552734375,66.71648406982422,131.80999755859375,,
2010-10-07,87.50819396972656,66.64679718017578,66.1603012084961,130.3699951171875,,
2010-10-08,87.99903869628906,66.64679718017578,65.86956787109375,131.66000366210938,,
2010-10-11,88.08209228515625,66.6547622680664,65.88217163085938,132.2899932861328,,
2010-10-12,88.35392761230469,66.60736083984375,65.23125457763672,131.9600067138672,,
2010-10-13,89.04106903076172,66.61524963378906,65.13013458251953,134.07000732421875,,
2010-10-14,88.6937255859375,66.5836410522461,64.15676879882812,134.75,,
2010-10-15,88.87493896484375,66.60736083984375,63.37306213378906,133.67999267578125,,
2010-10-18,89.3128662109375,66.62312316894531,63.88502502441406,134.27999877929688,,
2010-10-19,88.14250183105469,66.6547622680664,64.2705078125,130.11000061035156,,
2010-10-20,89.00328063964844,66.66259002685547,64.40956115722656,131.32000732421875,,
2010-10-21,89.1996078491211,66.67051696777344,63.64484786987305,129.47000122070312,,
2010-10-22,89.36573791503906,66.6547622680664,64.0746078491211,129.72999572753906,,
2010-10-25,89.63004302978516,66.67051696777344,64.25789642333984,130.85000610351562,,
2010-10-26,89.64515686035156,66.60736083984375,63.265689849853516,130.8800048828125,,
2010-10-27,89.3884048461914,66.57581329345703,62.709434509277344,129.52000427246094,,
2010-10-28,89.40350341796875,66.66259002685547,62.880123138427734,131.24000549316406,,
2010-10-29,89.4714584350586,66.67838287353516,63.46787643432617,132.6199951171875,,
2010-11-01,89.50167846679688,66.70760345458984,63.19459915161133,131.9199981689453,,
2010-11-02,90.21147155761719,66.66808319091797,64.02515411376953,132.49000549316406,,
2010-11-03,90.57391357421875,66.69183349609375,62.7191047668457,131.57000732421875,,
2010-11-04,92.31819152832031,66.70760345458984,63.207279205322266,136.02999877929688,,
2010-11-05,92.66551971435547,66.65232849121094,62.12306594848633,136.3800048828125,,
2010-11-08,92.49185180664062,66.62071228027344,62.40206527709961,137.77999877929688,,
2010-11-09,91.82735443115234,66.53388214111328,61.02621841430664,135.58999633789062,,
2010-11-10,92.19737243652344,66.57331848144531,61.1086311340332,137.24000549316406,,
2010-11-11,91.85000610351562,66.47061920166016,61.076961517333984,137.66000366210938,,
2010-11-12,90.76264190673828,66.47061920166016,60.74723434448242,133.69000244140625,,
2010-11-15,90.6343002319336,66.43113708496094,59.47916030883789,132.4199981689453,,
2010-11-16,89.22228240966797,66.4627456665039,60.956451416015625,130.97000122070312,,
2010-11-17,89.26758575439453,66.50228881835938,60.62041473388672,130.3800048828125,,
2010-11-18,90.58142852783203,66.51017761230469,60.86766815185547,132.08999633789062,,
2010-11-19,90.83062744140625,66.47061920166016,61.24171447753906,132.1999969482422,,
2010-11-22,90.75514221191406,66.53388214111328,61.501731872558594,133.47999572753906,,
2010-11-23,89.4412841796875,66.57331848144531,61.806026458740234,134.41000366210938,,
2010-11-24,90.76264190673828,66.45484924316406,60.70288848876953,134.17999267578125,,
2010-11-26,89.7055435180664,66.50228881835938,61.54612731933594,133.11000061035156,,
2010-11-29,89.97737121582031,66.49430847167969,62.07233428955078,133.50999450683594,,
2010-11-30,89.4714584350586,66.54173278808594,62.39573669433594,135.4199981689453,,
2010-12-01,91.37429809570312,66.44213104248047,61.008705139160156,135.3800048828125,,
2010-12-02,92.54469299316406,66.44213104248047,60.84966278076172,135.1999969482422,,
2010-12-03,92.79386901855469,66.52911376953125,60.37247085571289,138.07000732421875,,
2010-12-06,92.69573974609375,66.568603515625,61.225006103515625,139.11000061035156,,
2010-12-07,92.74857330322266,66.45005798339844,59.914398193359375,136.5,,
2010-12-08,93.08837890625,66.34733581542969,59.33546829223633,134.7899932861328,,
2010-12-09,93.45081329345703,66.33938598632812,59.62812042236328,135.3699951171875,,
2010-12-10,93.9944839477539,66.31573486328125,59.26545715332031,135.41000366210938,,
2010-12-13,94.05492401123047,66.35520935058594,59.488128662109375,136.0500030517578,,
2010-12-14,94.13797760009766,66.32357788085938,58.6228141784668,136.17999267578125,,
2010-12-15,93.7075424194336,66.29986572265625,57.859352111816406,134.6999969482422,,
2010-12-16,94.251220703125,66.31573486328125,58.26020812988281,133.80999755859375,,
2010-12-17,94.3521728515625,66.37100982666016,59.32268142700195,134.1999969482422,,
2010-12-20,94.57989501953125,66.3868408203125,59.25910186767578,135.11000061035156,,
2010-12-21,95.17958068847656,66.37100982666016,59.672584533691406,135.32000732421875,,
2010-12-22,95.47565460205078,66.35520935058594,59.246337890625,135.0500030517578,,
2010-12-23,95.33898162841797,66.26824188232422,59.12548065185547,134.66000366210938,,
2010-12-27,95.37693786621094,66.3077621459961,59.653560638427734,135.02000427246094,,
2010-12-28,95.51355743408203,66.21915435791016,58.48524856567383,137.22000122070312,,
2010-12-29,95.5818862915039,66.37739562988281,59.47481918334961,137.7100067138672,,
2010-12-30,95.43006134033203,66.3536605834961,59.43008041381836,137.02999877929688,,
2010-12-31,95.45283508300781,66.43278503417969,60.087642669677734,138.72000122070312,,
2011-01-03,96.43958282470703,66.41692352294922,59.6343879699707,138.0,,
2011-01-04,96.3864974975586,66.40110778808594,59.70463943481445,134.75,,
2011-01-05,96.88748168945312,66.28248596191406,58.38945007324219,134.3699951171875,,
2011-01-06,96.69767761230469,66.3536605834961,58.644859313964844,133.8300018310547,,
2011-01-07,96.5079345703125,66.44863891601562,58.957698822021484,133.5800018310547,,
2011-01-10,96.3864974975586,66.48025512695312,59.27685546875,134.1199951171875,,
2011-01-11,96.72806549072266,66.4406967163086,58.94490432739258,134.91000366210938,,
2011-01-12,97.60100555419922,66.4406967163086,58.48524856567383,135.4600067138672,,
2011-01-13,97.44157409667969,66.46448516845703,59.00876235961914,134.0500030517578,,
2011-01-14,98.14751434326172,66.46448516845703,58.63206100463867,132.69000244140625,,
2011-01-18,98.31452941894531,66.44863891601562,58.35752868652344,133.42999267578125,,
2011-01-19,97.35049438476562,66.48025512695312,58.778934478759766,133.72000122070312,,
2011-01-20,97.22148132324219,66.4090347290039,57.96812438964844,131.1999969482422,,
2011-01-21,97.44157409667969,66.4248275756836,58.42778778076172,131.02999877929688,,
2011-01-24,97.99571990966797,66.41692352294922,58.453285217285156,130.36000061035156,,
2011-01-25,98.04885864257812,66.46448516845703,59.00876235961914,130.10000610351562,,
2011-01-26,98.42839050292969,66.44863891601562,58.114959716796875,131.16000366210938,,
2011-01-27,98.67129516601562,66.49600982666016,58.37671661376953,127.93000030517578,,
2011-01-28,96.94818878173828,66.52767181396484,58.68313980102539,130.27999877929688,,
2011-01-31,97.67688751220703,66.51979064941406,58.23628616333008,129.8699951171875,,
2011-02-01,99.24060821533203,66.44694519042969,57.947967529296875,130.8000030517578,,
2011-02-02,99.0508041381836,66.4073715209961,57.960758209228516,130.4499969482422,,
2011-02-03,99.2709732055664,66.34403991699219,57.480262756347656,132.1999969482422,,
2011-02-04,99.55175018310547,66.28862762451172,56.897281646728516,131.66000366210938,,
2011-02-07,100.17425537109375,66.2569580078125,57.191959381103516,131.67999267578125,,
2011-02-08,100.62969970703125,66.16984558105469,56.66664505004883,133.13999938964844,,
2011-02-09,100.40193176269531,66.21735382080078,57.15995788574219,133.07000732421875,,
2011-02-10,100.43992614746094,66.18569946289062,56.50006103515625,132.85000610351562,,
2011-02-11,101.03959655761719,66.18569946289062,57.313690185546875,132.32000732421875,,
2011-02-14,101.2824935913086,66.18569946289062,57.352176666259766,132.9499969482422,,
2011-02-15,100.96367645263672,66.21735382080078,57.60840606689453,133.97000122070312,,
2011-02-16,101.60128784179688,66.20947265625,57.42261505126953,134.10000610351562,,
2011-02-17,101.9048843383789,66.28862762451172,57.5123291015625,135.0399932861328,,
2011-02-18,102.11746215820312,66.31234741210938,57.33292007446289,135.41000366210938,,
2011-02-22,100.06794738769531,66.38367462158203,58.19139862060547,136.2899932861328,,
2011-02-23,99.45311737060547,66.36780548095703,58.402793884277344,137.50999450683594,,
2011-02-24,99.38481140136719,66.39947509765625,58.77445602416992,136.47999572753906,,
2011-02-25,100.44749450683594,66.41527557373047,59.120384216308594,137.3800048828125,,
2011-02-28,101.06995391845703,66.43902587890625,59.19722366333008,137.66000366210938,,
2011-03-01,99.38481140136719,66.47941589355469,59.368865966796875,140.02999877929688,,
2011-03-02,99.59735107421875,66.44774627685547,58.45616149902344,139.9199981689453,,
2011-03-03,101.3128662109375,66.31301879882812,57.884178161621094,138.08999633789062,,
2011-03-04,100.55380249023438,66.46360778808594,58.36620330810547,139.35000610351562,,
2011-03-07,99.76433563232422,66.41603088378906,57.99339294433594,139.72000122070312,,
2011-03-08,100.63726043701172,66.39227294921875,57.6398811340332,139.36000061035156,,
2011-03-09,100.49304962158203,66.43981170654297,58.1990852355957,139.41000366210938,,
2011-03-10,98.63331604003906,66.51112365722656,59.17607116699219,137.77000427246094,,
2011-03-11,99.3165054321289,66.51904296875,58.84183883666992,138.22000122070312,,
2011-03-14,98.71684265136719,66.5586929321289,58.81612014770508,138.86000061035156,,
2011-03-15,97.58580017089844,66.5270004272461,59.696651458740234,136.27000427246094,,
2011-03-16,95.77923583984375,66.64576721191406,60.37149429321289,136.24000549316406,,
2011-03-17,97.04688262939453,66.61409759521484,59.90876770019531,136.97000122070312,,
2011-03-18,97.39985656738281,66.58242797851562,60.06938934326172,138.3699951171875,,
2011-03-21,98.90936279296875,66.51112365722656,59.71590805053711,139.13999938964844,,
2011-03-22,98.56627655029297,66.4952392578125,59.915199279785156,139.0500030517578,,
2011-03-23,98.84835052490234,66.50321197509766,59.83806228637695,140.33999633789062,,
2011-03-24,99.79368591308594,66.45564270019531,59.388118743896484,139.22000122070312,,
2011-03-25,100.09864807128906,66.40812683105469,59.24031448364258,139.25999450683594,,
2011-03-28,99.85467529296875,66.37641906738281,59.32394027709961,138.5399932861328,,
2011-03-29,100.52556610107422,66.35266876220703,58.867549896240234,138.2100067138672,,
2011-03-30,101.21930694580078,66.39227294921875,59.33675003051758,138.6699981689453,,
2011-03-31,101.08206176757812,66.35266876220703,59.214569091796875,139.86000061035156,,
2011-04-01,101.50899505615234,66.40579986572266,59.50248336791992,139.1999969482422,,
2011-04-04,101.59288024902344,66.42169952392578,59.56700897216797,139.83999633789062,,
2011-04-05,101.57764434814453,66.35031127929688,59.32818603515625,142.0500030517578,,
2011-04-06,101.8978271484375,66.35031127929688,58.4375114440918,142.3800048828125,,
2011-04-07,101.63860321044922,66.39787292480469,58.321372985839844,142.50999450683594,,
2011-04-08,101.28791046142578,66.37408447265625,58.011566162109375,143.66000366210938,,
2011-04-11,100.98298645019531,66.36612701416016,58.063167572021484,142.63999938964844,,
2011-04-12,100.22821807861328,66.47713470458984,58.68925094604492,141.61000061035156,,
2011-04-13,100.22061920166016,66.50882720947266,59.057125091552734,141.89999389648438,,
2011-04-14,100.29680633544922,66.44544982910156,59.011940002441406,143.80999755859375,,
2011-04-15,100.66276550292969,66.572265625,59.812286376953125,145.0500030517578,,
2011-04-18,99.53447723388672,66.58817291259766,59.94782638549805,145.92999267578125,,
2011-04-19,100.10623931884766,66.60404968261719,60.20597839355469,145.92999267578125,,
2011-04-20,101.47090148925781,66.59608459472656,59.8187370300293,146.5,,
2011-04-21,101.98925018310547,66.58026885986328,59.767086029052734,146.74000549316406,,
2011-04-25,101.8825454711914,66.58817291259766,59.99298858642578,146.8699951171875,,
2011-04-26,102.75926208496094,66.65160369873047,60.573909759521484,146.3800048828125,,
2011-04-27,103.43013000488281,66.6754150390625,59.954246520996094,149.1999969482422,,
2011-04-28,103.7656021118164,66.6754150390625,60.41254806518555,149.82000732421875,,
2011-04-29,104.00952911376953,66.70706939697266,60.599735260009766,152.3699951171875,,
2011-05-02,103.84947967529297,66.69601440429688,60.696964263916016,150.41000366210938,,
2011-05-03,103.47589111328125,66.71980285644531,61.04046630859375,149.8800048828125,,
2011-05-04,102.78978729248047,66.75151824951172,61.31275177001953,147.72999572753906,,
2011-05-05,101.8597183227539,66.76744842529297,61.896080017089844,143.47000122070312,,
2011-05-06,102.30946350097656,66.77530670166016,61.62385559082031,145.3000030517578,,
2011-05-09,102.7059097290039,66.80707550048828,61.55906295776367,147.3800048828125,,
2011-05-10,103.5826187133789,66.7435531616211,61.11825180053711,147.89999389648438,,
2011-05-11,102.49242401123047,66.80707550048828,61.46831512451172,146.5399932861328,,
2011-05-12,102.9803237915039,66.77530670166016,61.07941818237305,146.58999633789062,,
2011-05-13,102.18746185302734,66.80707550048828,61.630340576171875,145.6300048828125,,
2011-05-16,101.53952026367188,66.83885955810547,61.9738655090332,145.3699951171875,,
2011-05-17,101.52424621582031,66.84676361083984,62.60911560058594,144.74000549316406,,
2011-05-18,102.43147277832031,66.81499481201172,61.77942657470703,145.60000610351562,,
2011-05-19,102.67540740966797,66.82298278808594,61.75348663330078,145.64999389648438,,
2011-05-20,101.8597183227539,66.84676361083984,61.78593063354492,147.49000549316406,,
2011-05-23,100.67803955078125,66.85470581054688,62.084102630615234,147.8300018310547,,
2011-05-24,100.59414672851562,66.85470581054688,62.317440032958984,148.58999633789062,,
2011-05-25,100.92960357666016,66.8864974975586,62.025753021240234,148.5800018310547,,
2011-05-26,101.39466857910156,66.92611694335938,62.557220458984375,148.22000122070312,,
2011-05-27,101.78346252441406,66.949951171875,62.531314849853516,149.6999969482422,,
2011-05-31,102.8431625366211,66.949951171875,62.6739387512207,149.63999938964844,,
2011-06-01,100.53315734863281,66.99440002441406,63.52094268798828,149.91000366210938,,
2011-06-02,100.42642211914062,66.95465850830078,62.310935974121094,149.5,,
2011-06-03,99.42774963378906,66.97850036621094,62.66878128051758,150.22000122070312,,
2011-06-06,98.37567901611328,66.98646545410156,62.19380569458008,150.47999572753906,,
2011-06-07,98.31470489501953,67.03407287597656,62.48005676269531,150.4199981689453,,
2011-06-08,97.90298461914062,67.04206085205078,62.968017578125,149.80999755859375,,
2011-06-09,98.65010833740234,66.97062683105469,62.71426773071289,150.55999755859375,,
2011-06-10,97.27787017822266,67.02619934082031,63.195701599121094,149.24000549316406,,
2011-06-13,97.35411834716797,67.00238037109375,62.87690734863281,147.77000427246094,,
2011-06-14,98.58916473388672,66.94673156738281,61.92708206176758,148.6699981689453,,
2011-06-15,96.83572387695312,67.04206085205078,63.052574157714844,149.1199951171875,,
2011-06-16,97.04917907714844,67.04998779296875,63.33878707885742,148.97000122070312,,
2011-06-17,97.33877563476562,67.06585693359375,63.03956604003906,149.94000244140625,,
2011-06-20,97.83676147460938,67.06585693359375,63.11759567260742,150.02999877929688,,
2011-06-21,99.1775131225586,67.07382202148438,62.83787155151367,150.75999450683594,,
2011-06-22,98.57992553710938,67.05789184570312,62.87690734863281,150.99000549316406,,
2011-06-23,98.29641723632812,67.09768676757812,63.358314514160156,148.33999633789062,,
2011-06-24,97.15486145019531,67.1373291015625,63.09159851074219,146.25999450683594,,
2011-06-27,98.02064514160156,67.07382202148438,62.226356506347656,145.72999572753906,,
2011-06-28,99.30007934570312,66.95465850830078,61.72540283203125,146.24000549316406,,
2011-06-29,100.15052032470703,66.95465850830078,61.315486907958984,147.17999267578125,,
2011-06-30,101.10823059082031,66.94673156738281,61.2180061340332,146.0,,
2011-07-01,102.60221099853516,66.9237060546875,61.12003707885742,144.92999267578125,,
2011-07-05,102.51793670654297,67.00314331054688,61.25712585449219,147.6300048828125,,
2011-07-06,102.64049530029297,67.0270004272461,61.57048416137695,148.91000366210938,,
2011-07-07,103.70545959472656,66.96341705322266,61.38771438598633,149.14999389648438,,
2011-07-08,102.96991729736328,67.05879974365234,62.25587463378906,150.25,,
2011-07-11,101.10823059082031,67.10645294189453,63.18936538696289,151.58999633789062,,
2011-07-12,100.6715087890625,67.09854125976562,63.40479278564453,152.77000427246094,,
2011-07-13,101.00862121582031,67.11441802978516,63.58106231689453,154.13999938964844,,
2011-07-14,100.3114013671875,67.09060668945312,62.67369079589844,154.5399932861328,,
2011-07-15,100.89369201660156,67.10645294189453,62.77817153930664,155.1999969482422,,
2011-07-18,100.06624603271484,67.10645294189453,62.1710090637207,156.57000732421875,,
2011-07-19,101.69046020507812,67.10645294189453,63.46356201171875,154.66000366210938,,
2011-07-20,101.62918853759766,67.08261108398438,62.71280288696289,156.02000427246094,,
2011-07-21,103.03890991210938,67.05089569091797,62.22974395751953,154.8300018310547,,
2011-07-22,103.10784912109375,67.05879974365234,62.69978332519531,156.1199951171875,,
2011-07-25,102.53321075439453,67.0270004272461,62.01437759399414,157.33999633789062,,
2011-07-26,102.150146484375,67.06675720214844,62.438690185546875,157.77000427246094,,
2011-07-27,100.05857849121094,67.0270004272461,62.4451904296875,157.19000244140625,,
2011-07-28,99.76746368408203,67.06675720214844,62.680206298828125,157.32000732421875,,
2011-07-29,99.08560180664062,67.13826751708984,63.92051315307617,158.2899932861328,,
2011-08-01,98.66419982910156,67.11517333984375,64.56564331054688,157.72000122070312,,
2011-08-02,96.14360809326172,67.20267486572266,66.50431060791016,161.52000427246094,,
2011-08-03,96.66454315185547,67.1948013305664,66.63528442382812,161.49000549316406,,
2011-08-04,92.13666534423828,67.25839233398438,69.00623321533203,160.63999938964844,,
2011-08-05,91.99874114990234,67.24244689941406,67.01518249511719,161.75,,
2011-08-08,86.00747680664062,67.26634979248047,69.13066864013672,167.1199951171875,,
2011-08-09,90.00676727294922,67.33793640136719,69.34021759033203,168.61000061035156,,
2011-08-10,86.03046417236328,67.38560485839844,71.4033203125,174.5800018310547,,
2011-08-11,89.89183807373047,67.36968994140625,67.80108642578125,170.75,,
2011-08-12,90.4970703125,67.37770080566406,69.14376068115234,169.97000122070312,,
2011-08-15,92.4124526977539,67.35384368896484,68.44293975830078,171.8000030517578,,
2011-08-16,91.62332153320312,67.35384368896484,69.57606506347656,173.9199981689453,,
2011-08-17,91.68460845947266,67.36968994140625,70.79423522949219,174.4199981689453,,
2011-08-18,87.73129272460938,67.36177062988281,72.2482681274414,177.72000122070312,,
2011-08-19,86.2986068725586,67.36177062988281,72.83116149902344,179.9499969482422,,
2011-08-22,86.36759185791016,67.35384368896484,72.6478042602539,184.58999633789062,,
2011-08-23,89.2099609375,67.3219985961914,71.64569854736328,177.6699981689453,,
2011-08-24,90.46646118164062,67.3219985961914,69.60881042480469,171.64999389648438,,
2011-08-25,89.08736419677734,67.36177062988281,70.36198425292969,172.36000061035156,,
2011-08-26,90.3821792602539,67.36968994140625,71.0562744140625,177.47000122070312,,
2011-08-29,92.97940063476562,67.35384368896484,70.07379150390625,173.88999938964844,,
2011-08-30,93.22457122802734,67.36968994140625,71.20030212402344,179.10000610351562,,
2011-08-31,93.63829040527344,67.36968994140625,70.09996795654297,177.72000122070312,,
2011-09-01,92.65764617919922,67.38877868652344,71.58599853515625,177.8699951171875,,
2011-09-02,90.29023742675781,67.35697937011719,73.91152954101562,183.24000549316406,,
2011-09-06,89.63134765625,67.36495208740234,74.6801528930664,182.89999389648438,,
2011-09-07,92.15962982177734,67.34900665283203,73.25459289550781,177.0800018310547,,
2011-09-08,91.20195007324219,67.3729019165039,73.91152954101562,181.80999755859375,,
2011-09-09,88.81157684326172,67.39680480957031,74.6998519897461,180.6999969482422,,
2011-09-12,89.38617706298828,67.34900665283203,74.77870178222656,176.6699981689453,,
2011-09-13,90.20594024658203,67.35697937011719,73.7144775390625,178.5399932861328,,
2011-09-14,91.45478057861328,67.35697937011719,74.33851623535156,177.2100067138672,,
2011-09-15,93.03301239013672,67.36495208740234,73.20204162597656,174.39999389648438,,
2011-09-16,93.58364868164062,67.3808822631836,73.734130859375,176.02999877929688,,
2011-09-19,92.6518325805664,67.41265869140625,75.13997650146484,173.30999755859375,,
2011-09-20,92.54399871826172,67.3808822631836,75.45531463623047,175.77999877929688,,
2011-09-21,89.81781005859375,67.30924987792969,77.95164489746094,173.58999633789062,,
2011-09-22,86.9145278930664,67.31715393066406,80.881591796875,169.0500030517578,,
2011-09-23,87.43819427490234,67.32510375976562,79.37718963623047,159.8000030517578,,
2011-09-26,89.5174789428711,67.30130004882812,78.1027603149414,157.5800018310547,,
2011-09-27,90.51862335205078,67.27738952636719,76.90711975097656,160.6300048828125,,
2011-09-28,88.67037963867188,67.25350952148438,76.88082885742188,156.22000122070312,,
2011-09-29,89.37118530273438,67.26950073242188,77.4129867553711,157.6999969482422,,
2011-09-30,87.1378402709961,67.30130004882812,79.35749816894531,158.05999755859375,,
2011-10-03,84.65811920166016,67.31642150878906,81.54143524169922,160.9600067138672,,
2011-10-04,86.51404571533203,67.27664947509766,80.5074462890625,157.63999938964844,,
2011-10-05,88.1158676147461,67.27664947509766,79.9278564453125,159.4600067138672,,
2011-10-06,89.71000671386719,67.26066589355469,78.45259094238281,160.49000549316406,,
2011-10-07,89.10932159423828,67.23678588867188,77.873046875,159.17999267578125,,
2011-10-10,92.08965301513672,67.18102264404297,76.77313232421875,163.27000427246094,,
2011-10-11,92.18206024169922,67.2128677368164,76.51627349853516,162.10000610351562,,
2011-10-12,92.99071502685547,67.2128677368164,75.40325927734375,163.25999450683594,,
2011-10-13,92.80584716796875,67.22880554199219,76.15409088134766,162.3000030517578,,
2011-10-14,94.39227294921875,67.26066589355469,75.04763793945312,163.39999389648438,,
2011-10-17,92.59021759033203,67.26863861083984,76.34507751464844,162.6199951171875,,
2011-10-18,94.39997863769531,67.26863861083984,75.87093353271484,161.83999633789062,,
2011-10-19,93.2833023071289,67.29248046875,75.84451293945312,159.8699951171875,,
2011-10-20,93.69148254394531,67.3004379272461,75.30448150634766,157.77000427246094,,
2011-10-21,95.47041320800781,67.27664947509766,74.50753784179688,159.52000427246094,,
2011-10-24,96.6410140991211,67.27664947509766,74.63272857666016,161.02000427246094,,
2011-10-25,94.7619400024414,67.31642150878906,76.52947235107422,165.58999633789062,,
2011-10-26,95.72456359863281,67.27664947509766,75.1924819946289,167.39999389648438,,
2011-10-27,99.05914306640625,67.22880554199219,72.64374542236328,169.5500030517578,,
2011-10-28,99.03604125976562,67.26066589355469,73.40771484375,169.6199951171875,,
2011-10-31,96.64869689941406,67.32435607910156,76.31868743896484,167.33999633789062,,
2011-11-01,93.95331573486328,67.33074188232422,78.87342071533203,167.3800048828125,,
2011-11-02,95.48580169677734,67.34671783447266,77.88957214355469,169.05999755859375,,
2011-11-03,97.22626495361328,67.35466003417969,76.81987762451172,171.72000122070312,,
2011-11-04,96.63329315185547,67.35466003417969,76.912353515625,170.85000610351562,,
2011-11-07,97.2339859008789,67.33869934082031,77.40097045898438,174.97999572753906,,
2011-11-08,98.48155212402344,67.33074188232422,76.4105224609375,173.52999877929688,,
2011-11-09,94.84664916992188,67.34671783447266,77.9952621459961,172.07000732421875,,
2011-11-10,95.73998260498047,67.35466003417969,76.83305358886719,171.13999938964844,,
2011-11-11,97.5420150756836,67.32275390625,76.36428833007812,173.9600067138672,,
2011-11-14,96.61788177490234,67.35466003417969,77.59244537353516,173.1999969482422,,
2011-11-15,97.09536743164062,67.34671783447266,77.48674774169922,173.36000061035156,,
2011-11-16,95.55514526367188,67.33074188232422,78.19331359863281,171.50999450683594,,
2011-11-17,94.03803253173828,67.33869934082031,78.82061004638672,167.10000610351562,,
2011-11-18,93.93790435791016,67.3148193359375,78.80081939697266,167.6199951171875,,
2011-11-21,92.15128326416016,67.32275390625,79.26963806152344,163.5,,
2011-11-22,91.78927612304688,67.33074188232422,80.1544418334961,165.30999755859375,,
2011-11-23,89.76390838623047,67.33869934082031,80.94017028808594,164.8300018310547,,
2011-11-25,89.594482421875,67.33869934082031,79.76483917236328,163.39999389648438,,
2011-11-28,92.18978118896484,67.34671783447266,79.7252426147461,166.6300048828125,,
2011-11-29,92.45162200927734,67.35466003417969,79.07152557373047,166.8800048828125,,
2011-11-30,96.25592041015625,67.35466003417969,77.83676147460938,170.1300048828125,,
2011-12-01,96.24053955078125,67.35861206054688,77.44625091552734,169.6300048828125,,
2011-12-02,96.15579223632812,67.34268188476562,78.53179168701172,169.82000732421875,,
2011-12-05,97.20315551757812,67.35067749023438,78.37295532226562,167.32000732421875,,
2011-12-06,97.2339859008789,67.35067749023438,77.62494659423828,168.17999267578125,,
2011-12-07,97.595947265625,67.37458038330078,77.9029541015625,169.39999389648438,,
2011-12-08,95.45501708984375,67.3825454711914,78.8759994506836,165.97999572753906,,
2011-12-09,97.07225799560547,67.3825454711914,77.25422668457031,166.39999389648438,,
2011-12-12,95.65525817871094,67.3825454711914,78.11477661132812,161.99000549316406,,
2011-12-13,94.7619400024414,67.3825454711914,78.8428726196289,158.4499969482422,,
2011-12-14,93.75306701660156,67.36663818359375,80.33222961425781,152.88999938964844,,
2011-12-15,94.09193420410156,67.35861206054688,80.03437042236328,152.3300018310547,,
2011-12-16,94.23143005371094,67.3904800415039,80.96770477294922,155.22999572753906,,
2011-12-19,93.22393798828125,67.3825454711914,81.99369049072266,154.8699951171875,,
2011-12-20,96.04489135742188,67.36663818359375,79.9483642578125,156.97999572753906,,
2011-12-21,96.23089599609375,67.34268188476562,78.83627319335938,157.16000366210938,,
2011-12-22,97.08340454101562,67.3346939086914,79.16722869873047,156.0399932861328,,
2011-12-23,97.95142364501953,67.35067749023438,78.28689575195312,156.30999755859375,,
2011-12-27,98.02889251708984,67.3259506225586,78.65880584716797,154.91000366210938,,
2011-12-28,96.742431640625,67.34183502197266,80.11302185058594,151.02999877929688,,
2011-12-29,97.74214935302734,67.349853515625,80.25916290283203,150.33999633789062,,
2011-12-30,97.26164245605469,67.3897476196289,80.51814270019531,151.99000549316406,,
2012-01-03,98.81161499023438,67.349853515625,79.3095703125,155.9199981689453,,
2012-01-04,98.96662902832031,67.3577651977539,78.36656951904297,156.7100067138672,,
2012-01-05,99.23014068603516,67.36581420898438,78.22713470458984,157.77999877929688,,
2012-01-06,98.9743881225586,67.3577651977539,78.84468841552734,157.1999969482422,,
2012-01-09,99.21463012695312,67.373779296875,78.70523834228516,156.5,,
2012-01-10,100.07489776611328,67.38172912597656,78.57245635986328,158.63999938964844,,
2012-01-11,100.12911987304688,67.4056625366211,79.5950927734375,159.6699981689453,,
2012-01-12,100.36933135986328,67.39767456054688,79.48223114013672,160.3800048828125,,
2012-01-13,99.85013580322266,67.41361236572266,80.27242279052734,159.25999450683594,,
2012-01-17,100.23761749267578,67.42166137695312,80.64432525634766,160.5,,
2012-01-18,101.34590148925781,67.41361236572266,79.66815948486328,161.60000610351562,,
2012-01-19,101.8806381225586,67.41361236572266,78.57245635986328,161.22000122070312,,
2012-01-20,102.26033020019531,67.39767456054688,77.68256378173828,162.07000732421875,,
2012-01-23,101.99687194824219,67.4056625366211,77.191162109375,163.16000366210938,,
2012-01-24,101.8806381225586,67.4056625366211,77.33062744140625,162.00999450683594,,
2012-01-25,102.73310852050781,67.4455337524414,77.14468383789062,166.4199981689453,,
2012-01-26,102.20610809326172,67.45355987548828,78.1673583984375,167.27000427246094,,
2012-01-27,102.15962982177734,67.4694595336914,78.4130630493164,168.97000122070312,,
2012-01-30,101.81085205078125,67.4455337524414,79.33611297607422,168.02999877929688,,
2012-01-31,101.7721176147461,67.4455337524414,80.25251770019531,169.30999755859375,,
2012-02-01,102.66337585449219,67.42240905761719,79.33322143554688,169.55999755859375,,
2012-02-02,102.82610321044922,67.4303970336914,79.29996490478516,171.0500030517578,,
2012-02-03,104.2676010131836,67.4303970336914,77.59584045410156,167.63999938964844,,
2012-02-06,104.19784545898438,67.41444396972656,78.3680191040039,167.17999267578125,,
2012-02-07,104.46134185791016,67.39848327636719,77.39620208740234,169.6999969482422,,
2012-02-08,104.7713394165039,67.39848327636719,77.45606994628906,168.5,,
2012-02-09,104.90309143066406,67.36659240722656,76.87694549560547,168.02000427246094,,
2012-02-10,104.12811279296875,67.38253021240234,77.87541961669922,167.13999938964844,,
2012-02-13,104.90309143066406,67.34264373779297,77.97529602050781,167.50999450683594,,
2012-02-14,104.7713394165039,67.35857391357422,78.38801574707031,167.1199951171875,,
2012-02-15,104.2830810546875,67.36659240722656,78.24824523925781,168.11000061035156,,
2012-02-16,105.43787384033203,67.34264373779297,77.62246704101562,168.0,,
2012-02-17,105.71685028076172,67.32666778564453,77.6025390625,167.35000610351562,,
2012-02-21,105.76333618164062,67.31072998046875,76.74382019042969,171.02000427246094,,
2012-02-22,105.42231750488281,67.34264373779297,77.7090072631836,172.94000244140625,,
2012-02-23,105.88734436035156,67.33464813232422,77.7090072631836,173.02000427246094,,
2012-02-24,106.11984252929688,67.31873321533203,78.21491241455078,172.22999572753906,,
2012-02-27,106.29808807373047,67.33464813232422,78.90721893310547,171.6999969482422,,
2012-02-28,106.6080551147461,67.35064697265625,78.64759826660156,173.49000549316406,,
2012-02-29,106.1895751953125,67.35064697265625,78.1683120727539,164.2899932861328,,
2012-03-01,106.73983764648438,67.33863067626953,77.43241882324219,166.61000061035156,,
2012-03-02,106.41433715820312,67.35460662841797,78.15963745117188,166.33999633789062,,
2012-03-05,105.98033905029297,67.35460662841797,77.53917694091797,165.64999389648438,,
2012-03-06,104.43030548095703,67.35460662841797,78.47994995117188,162.6999969482422,,
2012-03-07,105.15882873535156,67.33863067626953,77.99954986572266,163.6300048828125,,
2012-03-08,106.20508575439453,67.31468200683594,77.21895599365234,165.27999877929688,,
2012-03-09,106.6158676147461,67.31468200683594,77.37240600585938,166.3800048828125,,
2012-03-12,106.62356567382812,67.32264709472656,77.35907745361328,165.07000732421875,,
2012-03-13,108.54556274414062,67.28279113769531,75.99796295166016,162.3000030517578,,
2012-03-14,108.42932891845703,67.18700408935547,74.08321380615234,159.57000732421875,,
2012-03-15,109.0570297241211,67.22692108154297,74.19662475585938,161.0800018310547,,
2012-03-16,109.20805358886719,67.26679992675781,74.34339141845703,161.3000030517578,,
2012-03-19,109.63616180419922,67.21890258789062,73.45606231689453,161.58999633789062,,
2012-03-20,109.31706237792969,67.20297241210938,73.74962615966797,160.1300048828125,,
2012-03-21,109.13800048828125,67.24285888671875,74.58356475830078,160.2100067138672,,
2012-03-22,108.3518295288086,67.25086212158203,74.82376098632812,159.57000732421875,,
2012-03-23,108.7021255493164,67.2587661743164,75.53097534179688,161.52999877929688,,
2012-03-26,110.22773742675781,67.2747802734375,75.14402770996094,164.39999389648438,,
2012-03-27,109.88529968261719,67.29866790771484,75.6844253540039,163.24000549316406,,
2012-03-28,109.34040069580078,67.28279113769531,75.57769775390625,161.50999450683594,,
2012-03-29,109.1535873413086,67.3067398071289,76.14476776123047,161.27999877929688,,
2012-03-30,109.60502624511719,67.29866790771484,74.857177734375,162.1199951171875,,
2012-04-02,110.40673065185547,67.31471252441406,75.27185821533203,162.94000244140625,,
2012-04-03,109.95532989501953,67.26678466796875,73.96749114990234,159.88999938964844,,
2012-04-04,108.86554718017578,67.28279113769531,74.98426818847656,157.2100067138672,,
2012-04-05,108.81104278564453,67.30670928955078,75.52606201171875,158.30999755859375,,
2012-04-09,107.58902740478516,67.35464477539062,77.29197692871094,159.3699951171875,,
2012-04-10,105.78313446044922,67.38656616210938,78.16822052001953,161.10000610351562,,
2012-04-11,106.63939666748047,67.37858581542969,77.23172760009766,161.07000732421875,,
2012-04-12,108.03265380859375,67.38656616210938,76.91067504882812,162.6999969482422,,
2012-04-13,106.74836730957031,67.3945541381836,78.15486145019531,160.85000610351562,,
2012-04-16,106.67829132080078,67.3945541381836,78.04115295410156,160.4600067138672,,
2012-04-17,108.25841522216797,67.3945541381836,77.99432373046875,160.25,,
2012-04-18,107.89254760742188,67.41053771972656,78.22173309326172,159.30999755859375,,
2012-04-19,107.19982147216797,67.41847229003906,78.29533386230469,159.42999267578125,,
2012-04-20,107.37881469726562,67.41847229003906,78.30867004394531,159.5399932861328,,
2012-04-23,106.47590637207031,67.43443298339844,78.87726593017578,159.07000732421875,,
2012-04-24,106.88069152832031,67.41053771972656,78.32212829589844,159.3000030517578,,
2012-04-25,108.34403228759766,67.42654418945312,77.92073059082031,159.6199951171875,,
2012-04-26,109.09910583496094,67.43443298339844,78.38897705078125,161.02999877929688,,
2012-04-27,109.27810668945312,67.41847229003906,78.45584106445312,161.3800048828125,,
2012-04-30,108.8733139038086,67.43443298339844,78.47590637207031,161.8800048828125,,
2012-05-01,109.55052185058594,67.4328384399414,78.06890106201172,161.32000732421875,,
2012-05-02,109.22366333007812,67.44086456298828,78.6187744140625,160.58999633789062,,
2012-05-03,108.3907470703125,67.4328384399414,78.59867858886719,158.97000122070312,,
2012-05-04,106.63939666748047,67.45684814453125,79.21549224853516,159.47000122070312,,
2012-05-07,106.71725463867188,67.45684814453125,79.22892761230469,159.0800018310547,,
2012-05-08,106.28909301757812,67.4648208618164,79.65132904052734,156.0,,
2012-05-09,105.65862274169922,67.45684814453125,79.70499420166016,154.47000122070312,,
2012-05-10,105.8765640258789,67.44881439208984,79.47029876708984,154.77000427246094,,
2012-05-11,105.55738830566406,67.45684814453125,80.12744140625,153.55999755859375,,
2012-05-14,104.38983154296875,67.44881439208984,81.24720764160156,151.3300018310547,,
2012-05-15,103.79047393798828,67.44086456298828,81.57575988769531,149.74000549316406,,
2012-05-16,103.39351654052734,67.4328384399414,81.81044006347656,149.4600067138672,,
2012-05-17,101.86002349853516,67.40092468261719,83.25875091552734,152.8000030517578,,
2012-05-18,100.98828125,67.408935546875,83.27886962890625,154.5500030517578,,
2012-05-21,102.72409057617188,67.41685485839844,83.10453033447266,154.64999389648438,,
2012-05-22,102.90310668945312,67.39288330078125,82.17919921875,152.0800018310547,,
2012-05-23,102.95757293701172,67.42491912841797,82.74916076660156,151.6199951171875,,
2012-05-24,103.1600112915039,67.40092468261719,82.4339828491211,151.41000366210938,,
2012-05-25,102.82525634765625,67.4328384399414,82.74243927001953,152.67999267578125,,
2012-05-29,104.07068634033203,67.41685485839844,82.48767852783203,151.02000427246094,,
2012-05-30,102.56062316894531,67.44881439208984,84.5796890258789,151.91000366210938,,
2012-05-31,102.33487701416016,67.4728012084961,85.55863189697266,151.6199951171875,,
2012-06-01,99.75840759277344,67.47915649414062,87.5898208618164,157.5,,
2012-06-04,99.71172332763672,67.47119140625,86.89773559570312,157.32000732421875,,
2012-06-05,100.46673583984375,67.48719024658203,85.73536682128906,157.13999938964844,,
2012-06-06,102.72409057617188,67.46320343017578,84.02201080322266,157.2100067138672,,
2012-06-07,102.78638458251953,67.45526123046875,84.14965057373047,154.5,,
2012-06-08,103.60366821289062,67.45526123046875,84.12950897216797,154.72999572753906,,
2012-06-11,102.28820037841797,67.45526123046875,84.51253509521484,155.36000061035156,,
2012-06-12,103.46353149414062,67.42328643798828,83.73975372314453,156.4600067138672,,
2012-06-13,102.80191040039062,67.41527557373047,84.56623840332031,157.1199951171875,,
2012-06-14,103.89165496826172,67.42328643798828,84.4587173461914,157.75,,
2012-06-15,104.9542007446289,67.44719696044922,84.92902374267578,157.83999633789062,,
2012-06-18,105.15757751464844,67.43126678466797,85.38594818115234,157.92999267578125,,
2012-06-19,106.17475891113281,67.42328643798828,84.27054595947266,157.16000366210938,,
2012-06-20,106.00262451171875,67.39933013916016,84.68721008300781,155.97000122070312,,
2012-06-21,103.62406921386719,67.40730285644531,85.13738250732422,152.02000427246094,,
2012-06-22,104.42213439941406,67.41527557373047,84.00187683105469,152.63999938964844,,
2012-06-25,102.74774169921875,67.41527557373047,85.22471618652344,153.75999450683594,,
2012-06-26,103.26415252685547,67.39933013916016,84.88877868652344,152.6199951171875,,
2012-06-27,104.19524383544922,67.39933013916016,85.02313995361328,152.8300018310547,,
2012-06-28,103.89791870117188,67.40730285644531,85.23143005371094,151.0500030517578,,
2012-06-29,106.48773956298828,67.40730285644531,84.12275695800781,155.19000244140625,,
2012-07-02,106.80852508544922,67.42804718017578,84.99073791503906,155.08999633789062,,
2012-07-03,107.51270294189453,67.41204071044922,84.33757019042969,157.4600067138672,,
2012-07-05,107.0276107788086,67.43604278564453,84.76848602294922,155.67999267578125,,
2012-07-06,106.01048278808594,67.46004486083984,85.55633544921875,153.7100067138672,,
2012-07-09,105.87747192382812,67.46004486083984,86.31051635742188,154.0399932861328,,
2012-07-10,104.9542007446289,67.46004486083984,86.48554992675781,152.14999389648438,,
2012-07-11,104.96983337402344,67.46797180175781,86.59332275390625,152.99000549316406,,
2012-07-12,104.4612808227539,67.48399353027344,87.20604705810547,152.58999633789062,,
2012-07-13,106.21392059326172,67.5,86.97711944580078,154.13999938964844,,
2012-07-16,105.9635009765625,67.52397155761719,87.38117218017578,154.2100067138672,,
2012-07-17,106.69115447998047,67.51597595214844,86.6943359375,153.47000122070312,,
2012-07-18,107.48143005371094,67.53199005126953,86.74146270751953,153.0500030517578,,
2012-07-19,107.76307678222656,67.54795837402344,86.51924133300781,153.3800048828125,,
2012-07-20,106.7772445678711,67.55593872070312,87.57637786865234,153.6699981689453,,
2012-07-23,105.69749450683594,67.56391143798828,88.06793975830078,153.02999877929688,,
2012-07-24,104.78987884521484,67.54795837402344,88.76151275634766,153.52000427246094,,
2012-07-25,104.81338500976562,67.55593872070312,88.99049377441406,155.6699981689453,,
2012-07-26,106.54251861572266,67.55593872070312,88.17574310302734,156.77000427246094,,
2012-07-27,108.50639343261719,67.50798034667969,86.51254272460938,157.5399932861328,,
2012-07-30,108.50639343261719,67.53997039794922,87.15892791748047,157.42999267578125,,
2012-07-31,107.74745178222656,67.55593872070312,87.3340072631836,156.49000549316406,,
2012-08-01,107.65355682373047,67.54473114013672,86.89743041992188,155.13999938964844,,
2012-08-02,106.91026306152344,67.55277252197266,87.3900146484375,154.1300048828125,,
2012-08-03,109.03067016601562,67.52877807617188,85.97972869873047,155.5500030517578,,
2012-08-06,109.24185180664062,67.53675842285156,86.01348876953125,156.3000030517578,,
2012-08-07,109.78956604003906,67.50479125976562,84.9068374633789,156.27999877929688,,
2012-08-08,109.92253112792969,67.48085021972656,84.45475006103516,156.47999572753906,,
2012-08-09,110.01647186279297,67.48085021972656,84.39398193359375,156.99000549316406,,
2012-08-10,110.1964340209961,67.49683380126953,84.81914520263672,157.17999267578125,,
2012-08-13,110.14166259765625,67.50479125976562,84.67745971679688,155.99000549316406,,
2012-08-14,110.15729522705078,67.48873138427734,83.53030395507812,155.1300048828125,,
2012-08-15,110.28250885009766,67.46476745605469,82.35618591308594,155.6300048828125,,
2012-08-16,111.09622192382812,67.4568099975586,81.65444946289062,156.55999755859375,,
2012-08-17,111.24483489990234,67.46476745605469,82.05255126953125,156.72000122070312,,
2012-08-20,111.252685546875,67.46476745605469,82.22123718261719,157.25999450683594,,
2012-08-21,110.91624450683594,67.46476745605469,82.58563232421875,158.8300018310547,,
2012-08-22,110.96318054199219,67.50479125976562,83.94864654541016,160.5399932861328,,
2012-08-23,110.05558776855469,67.51274108886719,84.29955291748047,161.88999938964844,,
2012-08-24,110.72068786621094,67.51274108886719,84.21855926513672,161.97000122070312,,
2012-08-27,110.74410247802734,67.50479125976562,84.71117401123047,161.36000061035156,,
2012-08-28,110.63458251953125,67.51274108886719,84.91361236572266,161.63999938964844,,
2012-08-29,110.72068786621094,67.51274108886719,84.54249572753906,160.58999633789062,,
2012-08-30,109.92253112792969,67.52075958251953,84.9810791015625,160.52000427246094,,
2012-08-31,110.44684600830078,67.56073760986328,86.18216705322266,164.22000122070312,,
2012-09-04,110.34507751464844,67.55594635009766,86.09562683105469,164.47999572753906,,
2012-09-05,110.25120544433594,67.55594635009766,85.68990325927734,164.30999755859375,,
2012-09-06,112.48892211914062,67.52397155761719,84.26309967041016,164.88999938964844,,
2012-09-07,112.92707824707031,67.5399398803711,83.87086486816406,168.44000244140625,,
2012-09-10,112.28546142578125,67.52397155761719,84.07373046875,167.2899932861328,,
2012-09-11,112.59845733642578,67.5399398803711,83.54627227783203,167.89999389648438,,
2012-09-12,112.97402954101562,67.53192901611328,82.50493621826172,167.9199981689453,,
2012-09-13,114.69540405273438,67.55594635009766,82.18031311035156,171.30999755859375,,
2012-09-14,115.20394134521484,67.52397155761719,79.99615478515625,171.8000030517578,,
2012-09-17,114.81272888183594,67.52397155761719,80.95640563964844,170.39999389648438,,
2012-09-18,114.71878051757812,67.53192901611328,81.36215209960938,171.72000122070312,,
2012-09-19,114.78143310546875,67.53192901611328,81.89634704589844,171.74000549316406,,
2012-09-20,114.78923797607422,67.51600646972656,82.09919738769531,171.47000122070312,,
2012-09-21,114.7412338256836,67.52397155761719,82.19387817382812,171.9600067138672,,
2012-09-24,114.56820678710938,67.53192901611328,82.83627319335938,171.0500030517578,,
2012-09-25,113.34900665283203,67.51600646972656,83.6544418334961,170.77000427246094,,
2012-09-26,112.71183776855469,67.53192901611328,84.55381774902344,169.80999755859375,,
2012-09-27,113.77377319335938,67.5399398803711,83.9520034790039,172.33999633789062,,
2012-09-28,113.24671173095703,67.57196044921875,83.99935150146484,171.88999938964844,,
2012-10-01,113.54566192626953,67.57357788085938,84.3110580444336,172.2899932861328,,
2012-10-02,113.66361236572266,67.55750274658203,84.19586181640625,172.10000610351562,,
2012-10-03,114.12770080566406,67.55750274658203,84.22299194335938,172.41000366210938,,
2012-10-04,114.94578552246094,67.55750274658203,83.17264556884766,173.61000061035156,,
2012-10-05,114.95368194580078,67.5255126953125,82.09521484375,172.6199951171875,,
2012-10-08,114.56037139892578,67.53357696533203,82.78640747070312,172.0500030517578,,
2012-10-09,113.42761993408203,67.53357696533203,82.6373062133789,170.99000549316406,,
2012-10-10,112.70397186279297,67.5255126953125,83.22006225585938,170.83999633789062,,
2012-10-11,112.76689910888672,67.51754760742188,83.79605102539062,171.32000732421875,,
2012-10-12,112.39722442626953,67.54156494140625,84.00613403320312,170.05999755859375,,
2012-10-15,113.33328247070312,67.5255126953125,83.81637573242188,168.35000610351562,,
2012-10-16,114.48165893554688,67.5255126953125,82.65763092041016,169.4199981689453,,
2012-10-17,115.00079345703125,67.48552703857422,81.89189147949219,169.5399932861328,,
2012-10-18,114.701904296875,67.4935073852539,81.39047241210938,168.7899932861328,,
2012-10-19,112.79046630859375,67.4935073852539,82.49504089355469,166.97000122070312,,
2012-10-22,112.80622863769531,67.46955108642578,81.9664535522461,167.5800018310547,,
2012-10-23,111.24091339111328,67.50151062011719,83.13880157470703,165.42999267578125,,
2012-10-24,110.92625427246094,67.4935073852539,82.31883239746094,164.86000061035156,,
2012-10-25,111.24876403808594,67.46955108642578,81.89869689941406,166.02000427246094,,
2012-10-26,111.18584442138672,67.48552703857422,83.10489654541016,165.92999267578125,,
2012-10-31,111.18584442138672,67.5255126953125,83.5927734375,166.8300018310547,,
2012-11-01,112.35001373291016,67.50955200195312,82.90834045410156,166.07000732421875,,
2012-11-02,111.35099792480469,67.50151062011719,82.84739685058594,162.60000610351562,,
2012-11-05,111.57914733886719,67.50151062011719,83.31494903564453,163.22999572753906,,
2012-11-06,112.45228576660156,67.47757720947266,82.52887725830078,166.3000030517578,,
2012-11-07,109.9036636352539,67.53357696533203,84.02647399902344,166.49000549316406,,
2012-11-08,108.58220672607422,67.53357696533203,85.27332305908203,167.99000549316406,,
2012-11-09,108.67655944824219,67.53357696533203,85.36819458007812,167.82000732421875,,
2012-11-12,108.7630844116211,67.53357696533203,85.51043701171875,167.4499969482422,,
2012-11-13,108.38557434082031,67.54156494140625,85.79507446289062,167.10000610351562,,
2012-11-14,106.92247009277344,67.55750274658203,85.87642669677734,167.13999938964844,,
2012-11-15,106.74153137207031,67.55750274658203,85.70698547363281,166.08999633789062,,
2012-11-16,107.26856231689453,67.55750274658203,85.63243103027344,165.8800048828125,,
2012-11-19,109.43961334228516,67.54949188232422,85.15132904052734,167.8699951171875,,
2012-11-20,109.48681640625,67.53357696533203,84.29752349853516,167.38999938964844,,
2012-11-21,109.6912841796875,67.5255126953125,84.25007629394531,167.55999755859375,,
2012-11-23,111.18584442138672,67.5255126953125,84.16877746582031,169.61000061035156,,
2012-11-26,110.94988250732422,67.51754760742188,84.56857299804688,169.42999267578125,,
2012-11-27,110.38346099853516,67.5255126953125,84.90060424804688,168.7100067138672,,
2012-11-28,111.27238464355469,67.53357696533203,84.77861022949219,166.5500030517578,,
2012-11-29,111.79153442382812,67.53357696533203,84.79218292236328,167.17999267578125,,
2012-11-30,111.8150863647461,67.54156494140625,84.561767578125,166.0500030517578,,
2012-12-03,111.26449584960938,67.54949188232422,84.63984680175781,166.1300048828125,,
2012-12-04,111.10721588134766,67.54949188232422,85.12867736816406,164.4199981689453,,
2012-12-05,111.3038330078125,67.56554412841797,85.08799743652344,164.1199951171875,,
2012-12-06,111.681396484375,67.56554412841797,85.27136993408203,164.5,,
2012-12-07,112.01962280273438,67.56554412841797,84.48372650146484,165.16000366210938,,
2012-12-10,112.06681060791016,67.56554412841797,84.85710906982422,165.8000030517578,,
2012-12-11,112.82987213134766,67.56554412841797,84.21212768554688,165.64999389648438,,
2012-12-12,112.88485717773438,67.55752563476562,83.2343978881836,165.77000427246094,,
2012-12-13,112.19268798828125,67.55752563476562,83.29552459716797,164.3699951171875,,
2012-12-14,111.7757797241211,67.57356262207031,83.92017364501953,164.1300048828125,,
2012-12-17,113.08940124511719,67.55752563476562,82.66407775878906,164.44000244140625,,
2012-12-18,114.34800720214844,67.51752471923828,81.82215118408203,162.0800018310547,,
2012-12-19,113.49845123291016,67.53357696533203,82.09378051757812,161.69000244140625,,
2012-12-20,114.15126037597656,67.52550506591797,82.10739135742188,159.72999572753906,,
2012-12-21,113.1151351928711,67.53357696533203,83.00359344482422,160.3300018310547,,
2012-12-24,112.76659393310547,67.53357696533203,82.85419464111328,160.6199951171875,,
2012-12-26,112.29127502441406,67.53433227539062,83.15222930908203,160.77999877929688,,
2012-12-27,112.14076232910156,67.5583724975586,83.43119812011719,161.16000366210938,,
2012-12-28,110.92874908447266,67.5583724975586,83.9075698852539,160.5399932861328,,
2012-12-31,112.81415557861328,67.5583724975586,82.45814514160156,162.02000427246094,,
2013-01-02,115.7055435180664,67.54231262207031,81.35578918457031,163.1699981689453,,
2013-01-03,115.44414520263672,67.54231262207031,80.25344848632812,161.1999969482422,,
2013-01-04,115.95117950439453,67.5503921508789,80.56645202636719,160.44000244140625,,
2013-01-07,115.63430786132812,67.5503921508789,80.60052490234375,159.42999267578125,,
2013-01-08,115.30155181884766,67.5583724975586,81.13127899169922,160.55999755859375,,
2013-01-09,115.59466552734375,67.58235168457031,81.056396484375,160.49000549316406,,
2013-01-10,116.51360321044922,67.57433319091797,80.83187866210938,161.97999572753906,,
2013-01-11,116.50568389892578,67.56629943847656,81.55311584472656,161.05999755859375,,
2013-01-14,116.4264907836914,67.56629943847656,81.32857513427734,161.5399932861328,,
2013-01-15,116.50568389892578,67.57433319091797,81.7028579711914,162.55999755859375,,
2013-01-16,116.48981475830078,67.57433319091797,81.87296295166016,162.64999389648438,,
2013-01-17,117.24237060546875,67.56629943847656,81.056396484375,163.35000610351562,,
2013-01-18,117.5037841796875,67.56629943847656,81.68246459960938,163.08999633789062,,
2013-01-22,118.13751983642578,67.58235168457031,81.83895874023438,163.6699981689453,,
2013-01-23,118.32765197753906,67.58235168457031,81.71644592285156,163.2100067138672,,
2013-01-24,118.35932159423828,67.58235168457031,81.43073272705078,161.4199981689453,,
2013-01-25,119.02481079101562,67.5503921508789,80.31471252441406,160.64999389648438,,
2013-01-28,118.88225555419922,67.5263442993164,80.02214050292969,160.2899932861328,,
2013-01-29,119.34957885742188,67.53433227539062,79.57981872558594,160.99000549316406,,
2013-01-30,118.88225555419922,67.5583724975586,79.44374084472656,162.19000244140625,,
2013-01-31,118.589111328125,67.56629943847656,79.83157348632812,161.1999969482422,,
2013-02-01,119.80908966064453,67.55913543701172,78.79498291015625,161.4499969482422,,
2013-02-04,118.46237182617188,67.57511901855469,79.8042984008789,162.0,,
2013-02-05,119.65853881835938,67.57511901855469,79.09506225585938,161.9600067138672,,
2013-02-06,119.74571228027344,67.59117889404297,79.74288940429688,162.38999938964844,,
2013-02-07,119.58720397949219,67.59117889404297,79.56562042236328,161.83999633789062,,
2013-02-08,120.25263214111328,67.59913635253906,79.87249755859375,161.57000732421875,,
2013-02-11,120.2289047241211,67.57511901855469,79.8111572265625,159.6999969482422,,
2013-02-12,120.42699432373047,67.55913543701172,79.61338806152344,159.88999938964844,,
2013-02-13,120.52993774414062,67.55111694335938,78.9654769897461,159.0500030517578,,
2013-02-14,120.64083099365234,67.55913543701172,79.68153381347656,158.35000610351562,,
2013-02-15,120.49827575683594,67.56713104248047,79.44971466064453,155.75999450683594,,
2013-02-19,121.40132904052734,67.55913543701172,79.05414581298828,155.3300018310547,,
2013-02-20,119.88826751708984,67.55913543701172,79.29280090332031,151.44000244140625,,
2013-02-21,119.15945434570312,67.58318328857422,79.75654602050781,152.6199951171875,,
2013-02-22,120.32393646240234,67.58318328857422,79.8111572265625,152.97000122070312,,
2013-02-25,118.03462982177734,67.59913635253906,81.3796615600586,154.33999633789062,,
2013-02-26,118.84262084960938,67.61517333984375,80.90913391113281,156.22000122070312,,
2013-02-27,120.33982849121094,67.61517333984375,80.67045593261719,154.57000732421875,,
2013-02-28,120.10216522216797,67.60712432861328,80.82046508789062,153.0,,
2013-03-01,120.49827575683594,67.62156677246094,81.26053619384766,152.44000244140625,,
2013-03-04,121.13993072509766,67.61358642578125,80.83003234863281,152.3000030517578,,
2013-03-05,122.22522735595703,67.60558319091797,80.5976333618164,152.3800048828125,,
2013-03-06,122.39154815673828,67.59762573242188,79.86637115478516,153.22999572753906,,
2013-03-07,122.61341857910156,67.58155822753906,79.25125885009766,152.69000244140625,,
2013-03-08,123.13621520996094,67.58955383300781,78.42431640625,152.7100067138672,,
2013-03-11,123.60356903076172,67.58155822753906,78.4994888305664,152.99000549316406,,
2013-03-12,123.32633209228516,67.59762573242188,79.06676483154297,154.19000244140625,,
2013-03-13,123.50062561035156,67.58155822753906,78.98469543457031,153.66000366210938,,
2013-03-14,124.15813446044922,67.58155822753906,78.74556732177734,153.67999267578125,,
2013-03-15,123.99420166015625,67.60558319091797,79.11459350585938,154.0,,
2013-03-18,123.30990600585938,67.62156677246094,79.71597290039062,155.3800048828125,,
2013-03-19,123.02347564697266,67.61358642578125,80.25597381591797,156.0800018310547,,
2013-03-20,123.88276672363281,67.60558319091797,79.36058807373047,155.3699951171875,,
2013-03-21,122.82450103759766,67.61358642578125,80.12604522705078,156.25,,
2013-03-22,123.81114959716797,67.59762573242188,80.18756103515625,155.5500030517578,,
2013-03-25,123.2939682006836,67.59762573242188,80.11241912841797,155.24000549316406,,
2013-03-26,124.28068542480469,67.60558319091797,80.2081069946289,154.72000122070312,,
2013-03-27,124.28068542480469,67.62156677246094,80.89154815673828,155.36000061035156,,
2013-03-28,124.66262817382812,67.62958526611328,80.4814224243164,154.4499969482422,,
2013-04-01,124.169189453125,67.635986328125,81.08760070800781,154.6699981689453,,
2013-04-02,124.78196716308594,67.635986328125,80.75891876220703,152.42999267578125,,
2013-04-03,123.5167236328125,67.62799072265625,81.48485565185547,150.72999572753906,,
2013-04-04,124.01805877685547,67.65203857421875,82.45746612548828,150.2899932861328,,
2013-04-05,123.46102905273438,67.65203857421875,84.12178802490234,152.80999755859375,,
2013-04-08,124.2965316772461,67.635986328125,83.47797393798828,152.16000366210938,,
2013-04-09,124.72624206542969,67.635986328125,83.2724838256836,153.33999633789062,,
2013-04-10,126.25401306152344,67.635986328125,82.12872314453125,150.75,,
2013-04-11,126.66779327392578,67.635986328125,82.28619384765625,151.0500030517578,,
2013-04-12,126.35740661621094,67.64399719238281,83.51219940185547,143.9499969482422,,
2013-04-15,123.4292221069336,67.65203857421875,84.23825073242188,131.30999755859375,,
2013-04-16,125.25138854980469,67.65203857421875,83.54645538330078,132.8000030517578,,
2013-04-17,123.42130279541016,67.65203857421875,84.10127258300781,132.8699951171875,,
2013-04-18,122.64945983886719,67.65203857421875,84.30671691894531,134.3000030517578,,
2013-04-19,123.71568298339844,67.65203857421875,84.12866973876953,135.47000122070312,,
2013-04-22,124.26470184326172,67.6600112915039,84.1902847290039,137.89999389648438,,
2013-04-23,125.54579162597656,67.65203857421875,83.89576721191406,136.8800048828125,,
2013-04-24,125.62542724609375,67.6600112915039,84.10810089111328,138.3699951171875,,
2013-04-25,126.13460540771484,67.65203857421875,83.74510192871094,141.6300048828125,,
2013-04-26,125.91183471679688,67.66805267333984,84.51219940185547,140.91000366210938,,
2013-04-29,126.75531005859375,67.68405151367188,84.20394897460938,142.3000030517578,,
2013-04-30,127.05764770507812,67.67606353759766,84.2519302368164,142.77000427246094,,
2013-05-01,125.94364929199219,67.68961334228516,85.11742401123047,141.11000061035156,,
2013-05-02,127.11337280273438,67.681640625,85.00761413574219,141.9199981689453,,
2013-05-03,128.40240478515625,67.65763092041016,83.00350189208984,142.08999633789062,,
2013-05-06,128.72860717773438,67.65763092041016,82.79747009277344,142.14999389648438,,
2013-05-07,129.3811492919922,67.65763092041016,82.47492980957031,140.3800048828125,,
2013-05-08,129.9699249267578,67.66566467285156,82.60533142089844,142.4600067138672,,
2013-05-09,129.6038360595703,67.65763092041016,82.3925552368164,140.80999755859375,,
2013-05-10,130.025634765625,67.64958190917969,81.50714111328125,139.60000610351562,,
2013-05-13,130.12908935546875,67.63359832763672,80.88249969482422,138.42999267578125,,
2013-05-14,131.47377014160156,67.63359832763672,80.00396728515625,137.80999755859375,,
2013-05-15,132.18194580078125,67.64158630371094,80.53934478759766,134.6300048828125,,
2013-05-16,131.5613555908203,67.65763092041016,81.37671661376953,134.08999633789062,,
2013-05-17,132.83447265625,67.64158630371094,80.3471908569336,131.07000732421875,,
2013-05-20,132.8265380859375,67.64958190917969,80.25109100341797,135.1199951171875,,
2013-05-21,133.01742553710938,67.64958190917969,80.88249969482422,132.8800048828125,,
2013-05-22,132.03077697753906,67.62564086914062,79.68135070800781,131.94000244140625,,
2013-05-23,131.64881896972656,67.64158630371094,80.05884552001953,134.61000061035156,,
2013-05-24,131.5374755859375,67.62564086914062,80.16869354248047,133.75999450683594,,
2013-05-28,132.32518005371094,67.57755279541016,78.13700103759766,133.49000549316406,,
2013-05-29,131.46583557128906,67.57755279541016,79.01553344726562,134.8300018310547,,
2013-05-30,131.9512176513672,67.59355926513672,78.82341003417969,136.6999969482422,,
2013-05-31,130.05746459960938,67.5855484008789,78.55569458007812,133.9199981689453,,
2013-06-03,130.77352905273438,67.607177734375,78.97191619873047,136.50999450683594,,
2013-06-04,130.1449432373047,67.607177734375,78.24266052246094,135.22999572753906,,
2013-06-05,128.32286071777344,67.61512756347656,79.3228759765625,135.52000427246094,,
2013-06-06,129.48451232910156,67.607177734375,79.27473449707031,136.52999877929688,,
2013-06-07,131.1316680908203,67.59916687011719,77.85736083984375,133.27999877929688,,
2013-06-10,131.1316680908203,67.57511901855469,77.48585510253906,133.94000244140625,,
2013-06-11,129.7789764404297,67.56710052490234,78.40782165527344,133.25,,
2013-06-12,128.70472717285156,67.5590591430664,77.28633880615234,134.25,,
2013-06-13,130.66217041015625,67.59117889404297,78.49726104736328,133.74000549316406,,
2013-06-14,129.84255981445312,67.63926696777344,78.31145477294922,134.42999267578125,,
2013-06-17,130.84515380859375,67.63926696777344,77.8986587524414,133.77000427246094,,
2013-06-18,131.87960815429688,67.63926696777344,77.93991088867188,132.1300048828125,,
2013-06-19,130.05746459960938,67.5590591430664,77.1349105834961,130.58999633789062,,
2013-06-20,126.83487701416016,67.55109405517578,75.86893463134766,123.5999984741211,,
2013-06-21,127.24198913574219,67.49502563476562,74.58235931396484,125.05000305175781,,
2013-06-24,125.63420867919922,67.46292114257812,74.8919906616211,123.93000030517578,,
2013-06-25,126.84210205078125,67.4549789428711,74.22453308105469,123.47000122070312,,
2013-06-26,128.09791564941406,67.48694610595703,74.70619201660156,118.27999877929688,,
2013-06-27,128.84979248046875,67.52705383300781,75.46988677978516,115.94000244140625,,
2013-06-28,128.32191467285156,67.51901245117188,75.98590850830078,119.11000061035156,,
2013-07-01,129.07382202148438,67.54865264892578,76.1390609741211,121.12999725341797,,
2013-07-02,128.95384216308594,67.55668640136719,76.09078216552734,120.05000305175781,,
2013-07-03,129.0098419189453,67.54865264892578,75.86316680908203,120.73999786376953,,
2013-07-05,130.40167236328125,67.47654724121094,73.27716064453125,118.08999633789062,,
2013-07-08,131.14561462402344,67.52465057373047,73.98748779296875,119.51000213623047,,
2013-07-09,132.08944702148438,67.51663208007812,74.06330108642578,120.62000274658203,,
2013-07-10,132.13746643066406,67.51663208007812,73.48402404785156,120.94999694824219,,
2013-07-11,133.93727111816406,67.57270050048828,74.34605407714844,124.23999786376953,,
2013-07-12,133.9932403564453,67.53264617919922,74.28401184082031,124.12999725341797,,
2013-07-15,134.50518798828125,67.5646743774414,74.6770248413086,124.18000030517578,,
2013-07-16,134.0012664794922,67.57270050048828,74.93220520019531,124.88999938964844,,
2013-07-17,134.34523010253906,67.59676361083984,75.07015228271484,123.31999969482422,,
2013-07-18,135.0811309814453,67.5887222290039,74.13226318359375,124.01000213623047,,
2013-07-19,135.3210906982422,67.62078094482422,75.30461883544922,125.11000061035156,,
2013-07-22,135.58506774902344,67.62078094482422,75.41493225097656,128.83999633789062,,
2013-07-23,135.297119140625,67.61275482177734,75.09774017333984,129.7100067138672,,
2013-07-24,134.80123901367188,67.58071899414062,74.14607238769531,127.4800033569336,,
2013-07-25,135.129150390625,67.62078094482422,74.11849212646484,128.6699981689453,,
2013-07-26,135.2731475830078,67.62881469726562,74.57356262207031,128.77999877929688,,
2013-07-29,134.857177734375,67.62078094482422,74.02888488769531,128.47000122070312,,
2013-07-30,134.857177734375,67.62881469726562,74.0012435913086,128.1199951171875,,
2013-07-31,134.95315551757812,67.62881469726562,74.2701644897461,127.95999908447266,,
2013-08-01,136.51295471191406,67.60316467285156,72.83912658691406,126.61000061035156,,
2013-08-02,136.74496459960938,67.65128326416016,73.64107513427734,126.36000061035156,,
2013-08-05,136.54495239257812,67.64321899414062,73.07418823242188,125.69999694824219,,
2013-08-06,135.76907348632812,67.6352310180664,73.28849029541016,123.97000122070312,,
2013-08-07,135.32911682128906,67.65128326416016,73.83464050292969,124.1500015258789,,
2013-08-08,135.8251190185547,67.65128326416016,74.03516387939453,126.86000061035156,,
2013-08-09,135.43312072753906,67.6352310180664,74.15267181396484,126.86000061035156,,
2013-08-12,135.2731475830078,67.6352310180664,73.64798736572266,129.1300048828125,,
2013-08-13,135.67306518554688,67.60316467285156,72.58332824707031,127.73999786376953,,
2013-08-14,134.9771728515625,67.60316467285156,72.69396209716797,129.0,,
2013-08-15,133.08941650390625,67.57907104492188,71.7122573852539,131.69000244140625,,
2013-08-16,132.64938354492188,67.58714294433594,71.46337127685547,132.5800018310547,,
2013-08-19,131.801513671875,67.57111358642578,70.84120178222656,132.00999450683594,,
2013-08-20,132.4494171142578,67.58714294433594,71.3873291015625,132.4499969482422,,
2013-08-21,131.63345336914062,67.54702758789062,70.60610961914062,132.07000732421875,,
2013-08-22,132.83334350585938,67.52297973632812,71.32511138916016,132.80999755859375,,
2013-08-23,133.28135681152344,67.52297973632812,72.0993881225586,134.89999389648438,,
2013-08-26,132.785400390625,67.54702758789062,72.45890045166016,135.4499969482422,,
2013-08-27,130.64959716796875,67.57907104492188,73.3714370727539,136.75,,
2013-08-28,131.11358642578125,67.53900909423828,72.77692413330078,136.7100067138672,,
2013-08-29,131.32154846191406,67.55509948730469,73.35762023925781,135.8699951171875,,
2013-08-30,130.90557861328125,67.5630874633789,73.27465057373047,134.6199951171875,,
2013-09-03,131.49755859375,67.53744506835938,72.24114990234375,136.4199981689453,,
2013-09-04,132.58538818359375,67.47332763671875,72.08174896240234,134.66000366210938,,
2013-09-05,132.75344848632812,67.40917205810547,71.07666015625,132.1999969482422,,
2013-09-06,132.8173828125,67.47332763671875,71.43020629882812,134.14999389648438,,
2013-09-09,134.0892333984375,67.48939514160156,71.46481323242188,133.91000366210938,,
2013-09-10,135.0811309814453,67.46526336669922,70.9657211303711,131.74000549316406,,
2013-09-11,135.50506591796875,67.49734497070312,71.59648895263672,131.6999969482422,,
2013-09-12,135.1451416015625,67.49734497070312,71.4994888305664,127.66999816894531,,
2013-09-13,135.44911193847656,67.49734497070312,71.7767105102539,127.81999969482422,,
2013-09-16,136.23301696777344,67.54542541503906,71.29851531982422,126.44999694824219,,
2013-09-17,136.84092712402344,67.56949615478516,71.88766479492188,126.5,,
2013-09-18,138.42477416992188,67.65764617919922,72.7748794555664,132.00999450683594,,
2013-09-19,138.19281005859375,67.63362884521484,72.34513092041016,131.75,,
2013-09-20,137.22666931152344,67.64160919189453,72.72639465332031,127.95999908447266,,
2013-09-23,136.59158325195312,67.65764617919922,73.2601089477539,127.55000305175781,,
2013-09-24,136.27011108398438,67.66571807861328,74.05032348632812,127.66000366210938,,
2013-09-25,135.876220703125,67.68976593017578,74.20279693603516,128.7899932861328,,
2013-09-26,136.3987274169922,67.65764617919922,73.68291473388672,127.79000091552734,,
2013-09-27,135.77175903320312,67.69773864746094,73.8631591796875,128.97000122070312,,
2013-09-30,135.04830932617188,67.7137680053711,73.7522964477539,128.17999267578125,,
2013-10-01,136.1173553466797,67.69615936279297,73.5284423828125,124.58999633789062,,
2013-10-02,135.98875427246094,67.7042236328125,73.63965606689453,127.05999755859375,,
2013-10-03,134.73480224609375,67.7042236328125,73.52152252197266,127.18000030517578,,
2013-10-04,135.75563049316406,67.68012237548828,73.4659194946289,126.52999877929688,,
2013-10-07,134.58206176757812,67.68012237548828,73.76476287841797,127.63999938964844,,
2013-10-08,133.0146484375,67.6240005493164,73.78557586669922,127.4000015258789,,
2013-10-09,133.11111450195312,67.64807891845703,73.1948471069336,126.11000061035156,,
2013-10-10,135.98069763183594,67.64807891845703,73.31306457519531,124.2699966430664,,
2013-10-11,136.85687255859375,67.64807891845703,73.29214477539062,122.5999984741211,,
2013-10-14,137.4034881591797,67.6240005493164,72.70146179199219,122.83000183105469,,
2013-10-15,136.40675354003906,67.64807891845703,72.65282440185547,123.7300033569336,,
2013-10-16,138.311767578125,67.672119140625,73.56319427490234,123.54000091552734,,
2013-10-17,139.2361602783203,67.69615936279297,74.23035430908203,127.41999816894531,,
2013-10-18,140.17662048339844,67.69615936279297,74.39025115966797,126.8499984741211,,
2013-10-21,140.1846160888672,67.69615936279297,74.15394592285156,126.9800033569336,,
2013-10-22,140.9965362548828,67.7523193359375,74.9809341430664,129.33999633789062,,
2013-10-23,140.3212890625,67.72826385498047,75.27287292480469,128.69000244140625,,
2013-10-24,140.78750610351562,67.72021484375,74.9809341430664,129.89999389648438,,
2013-10-25,141.4305877685547,67.73623657226562,75.2590103149414,130.4600067138672,,
2013-10-28,141.6556396484375,67.7523193359375,75.0018081665039,130.55999755859375,,
2013-10-29,142.41116333007812,67.7523193359375,75.09907531738281,129.77000427246094,,
2013-10-30,141.70382690429688,67.7523193359375,74.64739227294922,129.60000610351562,,
2013-10-31,141.30197143554688,67.76030731201172,74.80719757080078,127.73999786376953,,
2013-11-01,141.6395721435547,67.73542022705078,73.99749755859375,126.94999694824219,,
2013-11-04,142.13795471191406,67.75149536132812,74.06716918945312,126.80999755859375,,
2013-11-05,141.6877899169922,67.75149536132812,73.18217468261719,126.55999755859375,,
2013-11-06,142.41116333007812,67.76753234863281,73.21702575683594,127.19999694824219,,
2013-11-07,140.6106414794922,67.78356170654297,73.83719635009766,126.16000366210938,,
2013-11-08,142.5076446533203,67.73542022705078,72.06029510498047,124.27999877929688,,
2013-11-11,142.53175354003906,67.75149536132812,71.78854370117188,123.87000274658203,,
2013-11-12,142.24241638183594,67.73542022705078,72.12300109863281,122.44999694824219,,
2013-11-13,143.3838348388672,67.73542022705078,72.38780212402344,122.8499984741211,,
2013-11-14,144.09921264648438,67.77556610107422,72.83377838134766,124.2699966430664,,
2013-11-15,144.72616577148438,67.77556610107422,72.98013305664062,124.31999969482422,,
2013-11-18,144.21978759765625,67.8076400756836,73.41912841796875,122.9000015258789,,
2013-11-19,143.90634155273438,67.78356170654297,72.8616714477539,122.94999694824219,,
2013-11-20,143.4561767578125,67.79155731201172,71.62129974365234,120.12000274658203,,
2013-11-21,144.6136932373047,67.82366943359375,71.73974609375,119.94000244140625,,
2013-11-22,145.3370819091797,67.8076400756836,72.4087142944336,119.91999816894531,,
2013-11-25,145.1923828125,67.8076400756836,72.61776733398438,120.45999908447266,,
2013-11-26,145.23255920410156,67.81563568115234,72.88951873779297,119.81999969482422,,
2013-11-27,145.5862274169922,67.81563568115234,72.76409149169922,119.45999908447266,,
2013-11-29,145.4898223876953,67.82366943359375,72.78499603271484,120.69999694824219,,
2013-12-02,145.11204528808594,67.78279113769531,72.21886444091797,117.58000183105469,,
2013-12-03,144.48504638671875,67.7988052368164,72.48448944091797,117.95999908447266,,
2013-12-04,144.4689483642578,67.78279113769531,71.79251098632812,119.95999908447266,,
2013-12-05,143.83396911621094,67.79077911376953,71.5898666381836,118.30000305175781,,
2013-12-06,145.44155883789062,67.76671600341797,71.93229675292969,118.55000305175781,,
2013-12-09,145.811279296875,67.76671600341797,72.10003662109375,119.72000122070312,,
2013-12-10,145.28887939453125,67.79077911376953,72.61726379394531,121.81999969482422,,
2013-12-11,143.65713500976562,67.76671600341797,72.05812072753906,120.86000061035156,,
2013-12-12,143.18287658691406,67.74266815185547,71.78556060791016,118.29000091552734,,
2013-12-13,143.16677856445312,67.75869750976562,72.13504028320312,119.37999725341797,,
2013-12-16,144.05906677246094,67.75869750976562,71.86942291259766,119.69000244140625,,
2013-12-17,143.60086059570312,67.77468872070312,72.19086456298828,118.6500015258789,,
2013-12-18,146.05255126953125,67.77468872070312,71.82746887207031,117.61000061035156,,
2013-12-19,145.88372802734375,67.73465728759766,71.75760650634766,114.81999969482422,,
2013-12-20,146.7322540283203,67.71055603027344,72.8619155883789,115.94000244140625,,
2013-12-23,147.51617431640625,67.7025375366211,72.44949340820312,115.56999969482422,,
2013-12-24,147.83946228027344,67.67851257324219,71.86942291259766,116.0999984741211,,
2013-12-26,148.59107971191406,67.67124938964844,71.59246063232422,116.73999786376953,,
2013-12-27,148.58294677734375,67.70333099365234,71.38909149169922,117.12000274658203,,
2013-12-30,148.5587158203125,67.7193832397461,71.87992858886719,115.38999938964844,,
2013-12-31,149.2618408203125,67.70333099365234,71.42416381835938,116.12000274658203,,
2014-01-02,147.83135986328125,67.73542022705078,71.64151000976562,118.0,,
2014-01-03,147.80711364746094,67.71137237548828,71.64151000976562,119.29000091552734,,
2014-01-06,147.37879943847656,67.7193832397461,71.94302368164062,119.5,,
2014-01-07,148.28396606445312,67.7193832397461,72.12540435791016,118.81999969482422,,
2014-01-08,148.3162841796875,67.65516662597656,71.92900848388672,118.12000274658203,,
2014-01-09,148.41322326660156,67.67124938964844,72.34970092773438,118.45999908447266,,
2014-01-10,148.81735229492188,67.73542022705078,73.21224212646484,120.26000213623047,,
2014-01-13,146.83737182617188,67.75153350830078,73.57682800292969,121.0199966430664,,
2014-01-14,148.43753051757812,67.73542022705078,73.2402572631836,119.88999938964844,,
2014-01-15,149.23765563964844,67.71137237548828,73.16312408447266,119.66000366210938,,
2014-01-16,149.04364013671875,67.72740936279297,73.65399932861328,119.79000091552734,,
2014-01-17,148.41322326660156,67.72740936279297,73.96250915527344,120.93000030517578,,
2014-01-21,148.84970092773438,67.7193832397461,74.01860809326172,119.69999694824219,,
2014-01-22,148.94668579101562,67.68730926513672,73.8363265991211,119.19000244140625,,
2014-01-23,147.7263641357422,67.75153350830078,74.88108825683594,121.79000091552734,,
2014-01-24,144.57444763183594,67.77560424804688,75.3648910522461,122.29000091552734,,
2014-01-27,143.8632049560547,67.76752471923828,74.83904266357422,120.95999908447266,,
2014-01-28,144.7199249267578,67.76752471923828,75.0213394165039,120.94999694824219,,
2014-01-29,143.32986450195312,67.81566619873047,75.63834381103516,122.47000122070312,,
2014-01-30,144.84918212890625,67.80764770507812,75.42101287841797,119.7699966430664,,
2014-01-31,144.0006103515625,67.83975982666016,75.92581176757812,120.08999633789062,,
2014-02-03,140.75985717773438,67.85821533203125,76.85099029541016,121.31999969482422,,
2014-02-04,141.745849609375,67.86624145507812,76.0355453491211,120.98999786376953,,
2014-02-05,141.56800842285156,67.83411407470703,75.33252716064453,121.29000091552734,,
2014-02-06,143.4348602294922,67.84210205078125,75.00917053222656,121.23999786376953,,
2014-02-07,145.212890625,67.85821533203125,75.07245635986328,122.16999816894531,,
2014-02-10,145.4795379638672,67.84210205078125,75.28335571289062,122.91999816894531,,
2014-02-11,147.0717010498047,67.82610321044922,74.84748840332031,124.36000061035156,,
2014-02-12,147.14442443847656,67.79399108886719,74.46086120605469,124.43000030517578,,
2014-02-13,147.90408325195312,67.83411407470703,74.88263702392578,125.48999786376953,,
2014-02-14,148.72035217285156,67.83411407470703,74.92479705810547,127.1500015258789,,
2014-02-18,148.89817810058594,67.85821533203125,75.09351348876953,127.4000015258789,,
2014-02-19,147.9122314453125,67.83411407470703,74.7771224975586,126.2699966430664,,
2014-02-20,148.78506469726562,67.84210205078125,74.59440612792969,127.5999984741211,,
2014-02-21,148.61532592773438,67.85017395019531,74.98810577392578,127.58000183105469,,
2014-02-24,149.4396514892578,67.85017395019531,74.79830932617188,128.99000549316406,,
2014-02-25,149.3831024169922,67.84210205078125,75.46614837646484,129.2100067138672,,
2014-02-26,149.3911895751953,67.87425231933594,75.86682891845703,128.11000061035156,,
2014-02-27,150.1751251220703,67.86624145507812,76.2815933227539,128.1999969482422,,
2014-02-28,150.5548858642578,67.86624145507812,76.3237533569336,127.62000274658203,,
2014-03-03,149.4962615966797,67.90473937988281,76.83326721191406,130.2899932861328,,
2014-03-04,151.5974578857422,67.84856414794922,75.67753601074219,128.67999267578125,,
2014-03-05,151.73487854003906,67.8727035522461,75.8395767211914,128.88999938964844,,
2014-03-06,152.08233642578125,67.83255004882812,75.09263610839844,130.1699981689453,,
2014-03-07,152.1470184326172,67.78435516357422,74.6204833984375,129.08999633789062,,
2014-03-10,152.06622314453125,67.79234313964844,74.7261962890625,129.1300048828125,,
2014-03-11,151.3145751953125,67.79234313964844,74.9234848022461,129.86000061035156,,
2014-03-12,151.3550262451172,67.81649017333984,75.44496154785156,131.75999450683594,,
2014-03-13,149.65782165527344,67.85662841796875,76.45978546142578,132.2100067138672,,
2014-03-14,149.23765563964844,67.84053802490234,76.47383880615234,133.10000610351562,,
2014-03-17,150.58726501464844,67.81649017333984,75.90300750732422,131.63999938964844,,
2014-03-18,151.66209411621094,67.83255004882812,76.17784881591797,130.6199951171875,,
2014-03-19,150.85389709472656,67.72012329101562,75.58594512939453,128.08999633789062,,
2014-03-20,151.73487854003906,67.7281723022461,75.45201110839844,127.86000061035156,,
2014-03-21,151.14634704589844,67.73614501953125,76.26952362060547,128.47000122070312,,
2014-03-24,150.52133178710938,67.70406341552734,76.8121337890625,126.18000030517578,,
2014-03-25,151.23570251464844,67.71212005615234,76.5231704711914,126.41000366210938,,
2014-03-26,150.14788818359375,67.76029205322266,77.1221694946289,125.41000366210938,,
2014-03-27,149.83131408691406,67.75222778320312,77.50975036621094,124.58999633789062,,
2014-03-28,150.57008361816406,67.75222778320312,77.07281494140625,124.55999755859375,,
2014-03-31,151.80384826660156,67.79234313964844,76.88256072998047,123.61000061035156,,
2014-04-01,152.81040954589844,67.7530746459961,76.22550201416016,123.38999938964844,,
2014-04-02,153.32183837890625,67.72892761230469,75.7874984741211,124.31999969482422,,
2014-04-03,153.11883544921875,67.74497985839844,76.11954498291016,123.91999816894531,,
2014-04-04,151.30873107910156,67.80119323730469,76.628173828125,125.56999969482422,,
2014-04-07,149.6365203857422,67.8092269897461,77.08748626708984,124.91000366210938,,
2014-04-08,150.2534637451172,67.8172378540039,77.2711181640625,126.08999633789062,,
2014-04-09,151.86880493164062,67.84934997558594,76.88966369628906,126.31999969482422,,
2014-04-10,148.6786651611328,67.8895034790039,77.60324096679688,127.01000213623047,,
2014-04-11,147.3392333984375,67.88150024414062,78.23196411132812,126.93000030517578,,
2014-04-14,148.50009155273438,67.87346649169922,78.02711486816406,127.8499984741211,,
2014-04-15,149.5229034423828,67.87346649169922,78.51459503173828,125.48999786376953,,
2014-04-16,151.08953857421875,67.84934997558594,78.61351776123047,125.54000091552734,,
2014-04-17,151.30055236816406,67.83331298828125,77.7515869140625,124.75,,
2014-04-21,151.8282012939453,67.83331298828125,77.68800354003906,124.23999786376953,,
2014-04-22,152.51817321777344,67.80119323730469,77.94942474365234,123.77999877929688,,
2014-04-23,152.16102600097656,67.83331298828125,78.39451599121094,123.76000213623047,,
2014-04-24,152.469482421875,67.8172378540039,78.54289245605469,124.55999755859375,,
2014-04-25,151.21942138671875,67.82527160644531,78.65592193603516,125.43000030517578,,
2014-04-28,151.69834899902344,67.82527160644531,78.27440643310547,124.87999725341797,,
2014-04-29,152.40452575683594,67.8172378540039,78.16839599609375,124.86000061035156,,
2014-04-30,152.8591766357422,67.865478515625,78.49342346191406,124.22000122070312,,
2014-05-01,152.87535095214844,67.86624908447266,79.33551788330078,123.80000305175781,,
2014-05-02,152.65621948242188,67.85818481445312,79.82414245605469,125.05999755859375,,
2014-05-05,152.9484405517578,67.86624908447266,79.34258270263672,126.22000122070312,,
2014-05-06,151.61715698242188,67.84209442138672,79.6612548828125,125.9800033569336,,
2014-05-07,152.5100555419922,67.86624908447266,79.37802124023438,124.16999816894531,,
2014-05-08,152.3477325439453,67.88231658935547,79.03805541992188,124.16999816894531,,
2014-05-09,152.57505798339844,67.9063949584961,78.7831039428711,124.0999984741211,,
2014-05-12,154.06051635742188,67.89028930664062,78.46439361572266,124.94000244140625,,
2014-05-13,154.19850158691406,67.9144515991211,79.14431762695312,124.5999984741211,,
2014-05-14,153.46788024902344,67.9384994506836,80.00125885009766,125.80999755859375,,
2014-05-15,152.12045288085938,67.94656372070312,80.63867950439453,124.7699966430664,,
2014-05-16,152.64805603027344,67.95458221435547,80.41202545166016,124.5,,
2014-05-19,153.20811462402344,67.97062683105469,79.81712341308594,124.58000183105469,,
2014-05-20,152.24220275878906,67.97867584228516,79.994140625,124.69000244140625,,
2014-05-21,153.52479553222656,67.97867584228516,79.5054702758789,124.38999938964844,,
2014-05-22,153.89816284179688,67.96259307861328,79.39216613769531,124.66999816894531,,
2014-05-23,154.5150909423828,67.94656372070312,79.81712341308594,124.51000213623047,,
2014-05-27,155.4647979736328,67.96259307861328,80.28451538085938,121.8499984741211,,
2014-05-28,155.35116577148438,67.97867584228516,81.27606201171875,121.19999694824219,,
2014-05-29,156.15480041503906,67.97062683105469,80.84402465820312,120.94000244140625,,
2014-05-30,156.40643310546875,67.9867172241211,80.80860137939453,120.43000030517578,,
2014-06-02,156.5850067138672,67.94090270996094,80.20792388916016,119.69999694824219,,
2014-06-03,156.50379943847656,67.92485809326172,79.22098541259766,120.01000213623047,,
2014-06-04,156.82041931152344,67.9489517211914,79.19963836669922,119.76000213623047,,
2014-06-05,157.84320068359375,67.95697784423828,79.23517608642578,120.66000366210938,,
2014-06-06,158.59814453125,67.94090270996094,79.23517608642578,120.61000061035156,,
2014-06-09,158.76040649414062,67.89268493652344,79.12155151367188,120.6500015258789,,
2014-06-10,158.7766876220703,67.87663269042969,78.83036041259766,121.38999938964844,,
2014-06-11,158.2247772216797,67.9007797241211,78.972412109375,121.41000366210938,,
2014-06-12,157.10450744628906,67.92485809326172,79.67538452148438,122.63999938964844,,
2014-06-13,157.58348083496094,67.88470458984375,79.63275909423828,122.95999908447266,,
2014-06-16,157.71331787109375,67.86863708496094,79.83158874511719,122.41999816894531,,
2014-06-17,158.15167236328125,67.8124008178711,79.19963836669922,122.27999877929688,,
2014-06-18,159.3125,67.86863708496094,79.81025695800781,122.66999816894531,,
2014-06-19,159.49098205566406,67.86058044433594,78.78778839111328,126.94000244140625,,
2014-06-20,159.8148193359375,67.86058044433594,79.38423919677734,126.5,,
2014-06-23,159.7659454345703,67.86058044433594,79.13573455810547,126.8499984741211,,
2014-06-24,158.80345153808594,67.88470458984375,79.93807983398438,126.9800033569336,,
2014-06-25,159.52117919921875,67.89268493652344,80.14399719238281,126.98999786376953,,
2014-06-26,159.4070587158203,67.90875244140625,80.52745056152344,126.7300033569336,,
2014-06-27,159.71694946289062,67.92485809326172,80.40666198730469,126.66000366210938,,
2014-06-30,159.6353759765625,67.93292999267578,80.60551452636719,128.0399932861328,,
2014-07-01,160.7039031982422,67.90473937988281,79.9306640625,127.69999694824219,,
2014-07-02,160.86703491210938,67.8806381225586,79.07643127441406,127.69999694824219,,
2014-07-03,161.65818786621094,67.87263488769531,78.79164123535156,127.16000366210938,,
2014-07-07,161.095458984375,67.8565902709961,79.3683090209961,127.0199966430664,,
2014-07-08,160.0595703125,67.87263488769531,80.25812530517578,127.06999969482422,,
2014-07-09,160.77728271484375,67.8806381225586,80.32221221923828,127.83999633789062,,
2014-07-10,160.14112854003906,67.91280364990234,80.34351348876953,128.5399932861328,,
2014-07-11,160.36129760742188,67.92888641357422,80.85613250732422,128.77999877929688,,
2014-07-14,161.16880798339844,67.92086029052734,80.50727844238281,125.72000122070312,,
2014-07-15,160.86703491210938,67.88871765136719,80.34351348876953,124.52999877929688,,
2014-07-16,161.46246337890625,67.8806381225586,80.77068328857422,124.97000122070312,,
2014-07-17,159.6272430419922,67.9369125366211,81.7886962890625,127.08999633789062,,
2014-07-18,161.25852966308594,67.8806381225586,81.52529907226562,126.12999725341797,,
2014-07-21,160.9567108154297,67.88871765136719,81.93102264404297,126.33999633789062,,
2014-07-22,161.65818786621094,67.88871765136719,82.10189819335938,125.73999786376953,,
2014-07-23,162.01705932617188,67.91280364990234,81.99514770507812,125.62000274658203,,
2014-07-24,162.02517700195312,67.88871765136719,81.38291931152344,124.3499984741211,,
2014-07-25,161.2666778564453,67.89674377441406,82.34396362304688,125.79000091552734,,
2014-07-28,161.3319091796875,67.86458587646484,82.23004150390625,125.58000183105469,,
2014-07-29,160.63864135742188,67.8806381225586,82.52902221679688,125.19999694824219,,
2014-07-30,160.6631317138672,67.8484878540039,81.38291931152344,124.83000183105469,,
2014-07-31,157.49032592773438,67.8806381225586,81.14087677001953,123.38999938964844,,
2014-08-01,157.00904846191406,67.96668243408203,81.76898193359375,124.37999725341797,,
2014-08-04,158.1427764892578,67.96668243408203,81.55488586425781,123.98999786376953,,
2014-08-05,156.60948181152344,67.96668243408203,81.81893920898438,123.87000274658203,,
2014-08-06,156.6584014892578,67.98275756835938,81.86895751953125,125.66999816894531,,
2014-08-07,155.8101043701172,68.01488494873047,82.63263702392578,126.18000030517578,,
2014-08-08,157.61270141601562,67.97471618652344,82.45423126220703,126.19000244140625,,
2014-08-11,158.0694580078125,67.97471618652344,82.44709014892578,125.95999908447266,,
2014-08-12,157.84918212890625,67.97471618652344,81.9117431640625,125.98999786376953,,
2014-08-13,158.9176483154297,68.00687408447266,82.44709014892578,126.19999694824219,,
2014-08-14,159.6680450439453,68.02289581298828,83.11090087890625,126.30999755859375,,
2014-08-15,159.6353759765625,68.02289581298828,84.01739501953125,125.4800033569336,,
2014-08-18,160.9730682373047,68.02289581298828,83.18225860595703,124.95999908447266,,
2014-08-19,161.81317138671875,68.02289581298828,82.92529296875,124.68000030517578,,
2014-08-20,162.2454376220703,67.9586181640625,82.78968811035156,124.22000122070312,,
2014-08-21,162.7184295654297,67.9586181640625,83.25363159179688,122.87999725341797,,
2014-08-22,162.46563720703125,67.94256591796875,83.71759033203125,123.19000244140625,,
2014-08-25,163.2894744873047,67.91842651367188,84.03163146972656,122.73999786376953,,
2014-08-26,163.39547729492188,67.94256591796875,83.76041412353516,123.3499984741211,,
2014-08-27,163.33021545410156,67.9586181640625,84.47412109375,123.31999969482422,,
2014-08-28,163.2405242919922,67.97471618652344,84.91669464111328,124.0,,
2014-08-29,163.70542907714844,68.00687408447266,84.97379302978516,123.86000061035156,,
2014-09-02,163.6239013671875,67.948974609375,83.50796508789062,121.6500015258789,,
2014-09-03,163.5341339111328,67.96508026123047,83.97293853759766,122.1500015258789,,
2014-09-04,163.29754638671875,67.95698547363281,82.94995880126953,121.4800033569336,,
2014-09-05,164.0316619873047,67.98111724853516,82.79256439208984,122.05999755859375,,
2014-09-08,163.60755920410156,67.94091033935547,82.82833862304688,120.7300033569336,,
2014-09-09,162.5717010498047,67.90072631835938,82.76390838623047,120.87000274658203,,
2014-09-10,163.18344116210938,67.90874481201172,82.2417221069336,120.26000213623047,,
2014-09-11,163.37098693847656,67.91679382324219,81.96990203857422,119.47000122070312,,
2014-09-12,162.41676330566406,67.90072631835938,81.11138916015625,118.37999725341797,,
2014-09-15,162.29443359375,67.9329605102539,81.23297119140625,118.63999938964844,,
2014-09-16,163.51783752441406,67.97309875488281,80.9039077758789,118.83000183105469,,
2014-09-17,163.73802185058594,67.90072631835938,80.69647979736328,117.54000091552734,457.3340148925781,
2014-09-18,164.6107635498047,67.90874481201172,80.95402526855469,117.77999877929688,424.44000244140625,
2014-09-19,164.46240234375,67.90072631835938,81.98416900634766,117.08999633789062,394.7959899902344,
2014-09-20,,,,,408.90399169921875,
2014-09-21,,,,,398.8210144042969,
2014-09-22,163.19232177734375,67.948974609375,82.08431243896484,116.8499984741211,402.1520080566406,
2014-09-23,162.25816345214844,67.96508026123047,82.59226989746094,117.5999984741211,435.7909851074219,
2014-09-24,163.5282745361328,67.94091033935547,82.1343994140625,117.05000305175781,423.2049865722656,
2014-09-25,160.88967895507812,67.98922729492188,83.10730743408203,117.38999938964844,411.5740051269531,
2014-09-26,162.1680145263672,67.95698547363281,82.98570251464844,117.05999755859375,404.42498779296875,
2014-09-27,,,,,399.5199890136719,
2014-09-28,,,,,377.1809997558594,
2014-09-29,161.87301635742188,67.97309875488281,83.65105438232422,117.02999877929688,375.4670104980469,
2014-09-30,161.44688415527344,67.95698547363281,83.17893981933594,116.20999908447266,386.9440002441406,
2014-10-01,159.25897216796875,68.02941131591797,84.79179382324219,116.7699966430664,383.614990234375,
2014-10-02,159.28353881835938,68.02133178710938,84.05311584472656,116.73999786376953,375.0719909667969,
2014-10-03,161.03720092773438,67.9570083618164,84.41166687011719,114.61000061035156,359.5119934082031,
2014-10-04,,,,,328.8659973144531,
2014-10-05,,,,,320.510009765625,
2014-10-06,160.84864807128906,68.02133178710938,84.4619369506836,116.02999877929688,330.0790100097656,
2014-10-07,158.36575317382812,68.06159210205078,85.6021728515625,116.36000061035156,336.18701171875,
2014-10-08,161.13551330566406,68.13398742675781,85.62370300292969,117.47000122070312,352.94000244140625,
2014-10-09,157.9396209716797,68.13398742675781,85.25081634521484,117.63999938964844,365.0260009765625,
2014-10-10,156.1369171142578,68.16621398925781,86.0970687866211,117.58999633789062,361.56201171875,
2014-10-11,,,,,362.29901123046875,
2014-10-12,,,,,378.54901123046875,
2014-10-13,153.572021484375,68.19027709960938,86.62062072753906,118.5199966430664,390.41400146484375,
2014-10-14,153.8096466064453,68.23048400878906,87.18714141845703,118.58999633789062,400.8699951171875,
2014-10-15,152.76898193359375,68.31897735595703,87.87565612792969,118.98999786376953,394.77301025390625,
2014-10-16,152.63784790039062,68.27877044677734,87.3162841796875,119.22000122070312,382.5559997558594,
2014-10-17,154.44070434570312,68.23857116699219,86.82857513427734,118.98999786376953,383.75799560546875,
2014-10-18,,,,,391.4419860839844,
2014-10-19,,,,,389.5459899902344,
2014-10-20,155.9402618408203,68.27877044677734,87.1441650390625,119.80000305175781,382.8450012207031,
2014-10-21,159.02951049804688,68.26270294189453,86.44847106933594,120.0199966430664,386.4750061035156,
2014-10-22,157.89871215820312,68.2466049194336,86.54173278808594,119.33999633789062,383.1579895019531,
2014-10-23,159.73428344726562,68.21443939208984,85.77432250976562,118.5199966430664,358.4169921875,
2014-10-24,160.96340942382812,68.23048400878906,85.86043548583984,118.3499984741211,358.3450012207031,
2014-10-25,,,,,347.27099609375,
2014-10-26,,,,,354.7040100097656,
2014-10-27,160.74217224121094,68.23048400878906,86.01815795898438,118.05999755859375,352.989013671875,
2014-10-28,162.58590698242188,68.21443939208984,85.48027801513672,118.0999984741211,357.6180114746094,
2014-10-29,162.340087890625,68.12588500976562,85.6739501953125,116.41000366210938,335.59100341796875,
2014-10-30,163.38079833984375,68.15009307861328,85.74564361572266,115.19000244140625,345.30499267578125,
2014-10-31,165.24913024902344,68.13398742675781,85.52336883544922,112.66000366210938,338.3210144042969,
2014-11-01,,,,,325.7489929199219,
2014-11-02,,,,,325.8919982910156,
2014-11-03,165.3392333984375,68.12510681152344,85.52334594726562,112.1500015258789,327.5539855957031,
2014-11-04,164.76564025878906,68.11709594726562,85.78932189941406,112.22000122070312,330.49200439453125,
2014-11-05,165.80638122558594,68.10099029541016,85.66710662841797,109.79000091552734,339.4859924316406,
2014-11-06,166.4700469970703,68.08492279052734,85.11357116699219,109.87999725341797,349.2900085449219,
2014-11-07,166.6257781982422,68.13321685791016,86.09127807617188,112.97000122070312,342.4150085449219,
2014-11-08,,,,,345.4880065917969,
2014-11-09,,,,,363.2640075683594,
2014-11-10,167.15025329589844,68.08492279052734,85.3004379272461,110.45999908447266,366.92401123046875,
2014-11-11,167.31411743164062,68.07682800292969,85.35796356201172,112.04000091552734,367.69500732421875,
2014-11-12,167.1338653564453,68.10099029541016,85.28609466552734,111.5,423.5610046386719,
2014-11-13,167.32235717773438,68.11709594726562,85.48741912841797,111.66999816894531,420.7349853515625,
2014-11-14,167.3633270263672,68.14926147460938,85.90435791015625,114.47000122070312,397.8179931640625,
2014-11-15,,,,,376.13299560546875,
2014-11-16,,,,,387.8819885253906,
2014-11-17,167.46981811523438,68.1412124633789,85.68866729736328,114.05000305175781,387.4079895019531,
2014-11-18,168.436767578125,68.13321685791016,85.92589569091797,115.05000305175781,375.197998046875,
2014-11-19,168.16635131835938,68.12510681152344,85.37956237792969,113.68000030517578,380.55499267578125,
2014-11-20,168.46136474609375,68.1412124633789,85.82524871826172,114.86000061035156,357.8399963378906,
2014-11-21,169.36277770996094,68.15729522705078,86.3429183959961,115.38999938964844,350.8479919433594,
2014-11-22,,,,,352.9200134277344,
2014-11-23,,,,,367.572998046875,
2014-11-24,169.83804321289062,68.16537475585938,86.41480255126953,115.11000061035156,376.9010009765625,
2014-11-25,169.71511840820312,68.17342376708984,87.1336898803711,115.37999725341797,375.3479919433594,
2014-11-26,170.14938354492188,68.18146514892578,87.3709716796875,115.16000366210938,368.3699951171875,
2014-11-27,,,,,369.6700134277344,
2014-11-28,169.788818359375,68.20560455322266,88.06114959716797,112.11000061035156,376.4469909667969,
2014-11-29,,,,,375.4909973144531,
2014-11-30,,,,,378.0469970703125,
2014-12-01,168.6088104248047,68.20480346679688,87.54735565185547,116.58000183105469,379.2449951171875,
2014-12-02,169.69866943359375,68.16453552246094,86.69709777832031,115.13999938964844,381.31500244140625,
2014-12-03,170.35423278808594,68.13235473632812,87.0357666015625,116.33000183105469,375.010009765625,
2014-12-04,170.16578674316406,68.17257690429688,87.76353454589844,115.87999725341797,369.60400390625,
2014-12-05,170.4443817138672,68.04377746582031,87.25192260742188,114.43000030517578,376.85400390625,
2014-12-06,,,,,374.7850036621094,
2014-12-07,,,,,375.0950012207031,
2014-12-08,169.30535888671875,68.03578186035156,88.3183822631836,115.77999877929688,361.90899658203125,
2014-12-09,169.19061279296875,68.05989837646484,88.77230834960938,118.19000244140625,352.218994140625,
2014-12-10,166.4783172607422,68.11622619628906,89.4207992553711,117.95999908447266,346.364990234375,
2014-12-11,167.32235717773438,68.08406829833984,89.7883071899414,117.69000244140625,350.5060119628906,
2014-12-12,164.61817932128906,68.14842987060547,91.00605010986328,117.41000366210938,352.5419921875,
2014-12-13,,,,,347.3760070800781,
2014-12-14,,,,,351.6319885253906,
2014-12-15,163.48736572265625,68.10015869140625,90.81866455078125,114.38999938964844,345.3450012207031,
2014-12-16,162.17617797851562,68.1403579711914,91.94275665283203,114.94999694824219,327.06201171875,
2014-12-17,165.3556671142578,68.07598876953125,91.11412048339844,114.2699966430664,319.7760009765625,
2014-12-18,169.44464111328125,68.03578186035156,89.49285125732422,115.1500015258789,311.39599609375,
2014-12-19,170.16567993164062,67.98745727539062,90.69619750976562,114.7699966430664,317.8429870605469,
2014-12-20,,,,,329.95599365234375,
2014-12-21,,,,,320.8429870605469,
2014-12-22,170.9484100341797,68.00354766845703,90.81866455078125,112.55000305175781,331.885986328125,
2014-12-23,171.1791229248047,67.93110656738281,89.01736450195312,112.73999786376953,334.5719909667969,
2014-12-24,171.1956329345703,67.96568298339844,89.50181579589844,112.7699966430664,322.53399658203125,
2014-12-25,,,,,319.00799560546875,
2014-12-26,171.7476348876953,67.9415512084961,89.83399963378906,114.83000183105469,327.92401123046875,
2014-12-27,,,,,315.8630065917969,
2014-12-28,,,,,317.239013671875,
2014-12-29,171.97836303710938,68.00598907470703,90.50543975830078,113.66999816894531,312.6700134277344,
2014-12-30,171.0554962158203,68.03015899658203,90.75102233886719,115.19999694824219,310.73699951171875,
2014-12-31,169.35816955566406,68.00598907470703,90.92431640625,113.58000183105469,320.1929931640625,
2015-01-01,,,,,314.2489929199219,
2015-01-02,169.2675323486328,68.07846069335938,91.93521881103516,114.08000183105469,315.0320129394531,
2015-01-03,,,,,281.0820007324219,
2015-01-04,,,,,264.19500732421875,
2015-01-05,166.2105712890625,68.07846069335938,93.37939453125,115.80000305175781,274.4739990234375,
2015-01-06,164.64511108398438,68.11067962646484,95.06183624267578,117.12000274658203,286.1889953613281,
2015-01-07,166.69668579101562,68.14287567138672,94.87413024902344,116.43000030517578,294.3370056152344,
2015-01-08,169.65481567382812,68.1348876953125,93.61767578125,115.94000244140625,283.3489990234375,
2015-01-09,168.2952423095703,68.19121551513672,94.64308166503906,117.26000213623047,290.4079895019531,
2015-01-10,,,,,274.7959899902344,
2015-01-11,,,,,265.6600036621094,
2015-01-12,166.9769287109375,68.23146057128906,95.18460845947266,118.55999755859375,267.7959899902344,
2015-01-13,166.5072479248047,68.27173614501953,95.18460845947266,118.16000366210938,225.86099243164062,
2015-01-14,165.50198364257812,68.31200408935547,95.90668487548828,117.97000122070312,178.10299682617188,
2015-01-15,163.98585510253906,68.41667175292969,97.41583251953125,120.94000244140625,209.843994140625,
2015-01-16,166.13650512695312,68.35223388671875,96.1738510131836,122.5199966430664,208.0970001220703,
2015-01-17,,,,,199.25999450683594,
2015-01-18,,,,,210.33900451660156,
2015-01-19,,,,,214.86099243164062,
2015-01-20,166.49073791503906,68.32007598876953,97.45195770263672,124.19999694824219,211.31500244140625,
2015-01-21,167.33120727539062,68.32007598876953,96.32549285888672,124.2300033569336,226.89700317382812,
2015-01-22,169.81959533691406,68.29586791992188,95.97888946533203,125.2300033569336,233.406005859375,
2015-01-23,168.88848876953125,68.32808685302734,97.3146743774414,124.2300033569336,232.87899780273438,
2015-01-24,,,,,247.8470001220703,
2015-01-25,,,,,253.71800231933594,
2015-01-26,169.2839813232422,68.2878189086914,97.01863861083984,122.98999786376953,273.4729919433594,
2015-01-27,167.05105590820312,68.32808685302734,97.17033386230469,124.4000015258789,263.4750061035156,
2015-01-28,164.9087371826172,68.37643432617188,98.75888061523438,123.41999816894531,233.9149932861328,
2015-01-29,166.43307495117188,68.35223388671875,98.1089859008789,120.76000213623047,233.51300048828125,
2015-01-30,164.3401641845703,68.43282318115234,99.84922790527344,123.44999694824219,226.4250030517578,
2015-01-31,,,,,217.46400451660156,
2015-02-01,,,,,226.9720001220703,
2015-02-02,166.37539672851562,68.41102600097656,99.4722671508789,122.41999816894531,238.22900390625,
2015-02-03,168.7813720703125,68.35462188720703,97.36677551269531,121.05000305175781,227.26800537109375,
2015-02-04,168.13868713378906,68.36268615722656,97.53321075439453,121.58000183105469,226.85299682617188,
2015-02-05,169.83604431152344,68.33853912353516,96.46234130859375,121.79000091552734,217.11099243164062,
2015-02-06,169.36639404296875,68.17742156982422,94.7547836303711,118.63999938964844,222.26600646972656,
2015-02-07,,,,,227.75399780273438,
2015-02-08,,,,,223.41200256347656,
2015-02-09,168.60833740234375,68.16934204101562,94.60283660888672,119.16999816894531,220.11000061035156,
2015-02-10,170.404541015625,68.15325927734375,93.85038757324219,118.47000122070312,219.83900451660156,
2015-02-11,170.5034942626953,68.16132354736328,94.02403259277344,117.06999969482422,219.18499755859375,
2015-02-12,172.14320373535156,68.1855239868164,93.71292114257812,117.33999633789062,221.76400756835938,
2015-02-13,172.8517608642578,68.1855239868164,92.75060272216797,117.9800033569336,235.427001953125,
2015-02-14,,,,,257.3210144042969,
2015-02-15,,,,,234.8249969482422,
2015-02-16,,,,,233.84300231933594,
2015-02-17,173.12367248535156,68.15325927734375,91.35418701171875,116.01000213623047,243.61000061035156,
2015-02-18,173.1402130126953,68.23384094238281,91.89680480957031,116.33999633789062,236.3260040283203,
2015-02-19,173.0166015625,68.19356536865234,91.28902435302734,115.94000244140625,240.2830047607422,
2015-02-20,174.05482482910156,68.1855239868164,91.55673217773438,115.27999877929688,243.7790069580078,
2015-02-21,,,,,244.53399658203125,
2015-02-22,,,,,235.9770050048828,
2015-02-23,174.03004455566406,68.21769714355469,92.60585021972656,115.43000030517578,238.89199829101562,
2015-02-24,174.52444458007812,68.27405548095703,93.82140350341797,115.26000213623047,238.73500061035156,
2015-02-25,174.3761444091797,68.27405548095703,94.2265625,115.69999694824219,237.47000122070312,
2015-02-26,174.17013549804688,68.20967864990234,92.9386978149414,116.06999969482422,236.42599487304688,
2015-02-27,173.5768585205078,68.23384094238281,93.72013854980469,116.16000366210938,253.8280029296875,
2015-02-28,,,,,254.26300048828125,
2015-03-01,,,,,260.2019958496094,
2015-03-02,174.67279052734375,68.17823028564453,91.97442626953125,115.68000030517578,275.6700134277344,
2015-03-03,173.9558563232422,68.162109375,91.64097595214844,115.47000122070312,281.7019958496094,
2015-03-04,173.22254943847656,68.17823028564453,91.66996765136719,115.11000061035156,273.0920104980469,
2015-03-05,173.41207885742188,68.20237731933594,91.553955078125,115.0,276.1780090332031,
2015-03-06,170.97317504882812,68.12984466552734,89.53138732910156,111.86000061035156,272.7229919433594,
2015-03-07,,,,,276.260986328125,
2015-03-08,,,,,274.35400390625,
2015-03-09,171.6817626953125,68.162109375,90.35784149169922,111.97000122070312,289.60699462890625,
2015-03-10,168.89674377441406,68.17823028564453,91.54671478271484,111.41999816894531,291.760009765625,
2015-03-11,168.50123596191406,68.17823028564453,92.21369171142578,110.75,296.3789978027344,
2015-03-12,170.64352416992188,68.19429779052734,92.14842987060547,110.72000122070312,294.35400390625,
2015-03-13,169.59703063964844,68.20237731933594,91.86573028564453,110.87999725341797,285.3370056152344,
2015-03-14,,,,,281.885009765625,
2015-03-15,,,,,286.39300537109375,
2015-03-16,171.86300659179688,68.21046447753906,92.75016021728516,110.80999755859375,290.5929870605469,
2015-03-17,171.3521728515625,68.19429779052734,93.51860046386719,110.20999908447266,285.5050048828125,
2015-03-18,173.41207885742188,68.35549926757812,95.32373046875,112.37000274658203,256.29901123046875,
2015-03-19,172.62107849121094,68.26683044433594,94.8380355834961,112.29000091552734,260.9280090332031,
2015-03-20,174.14480590820312,68.3152084350586,95.33818054199219,113.56999969482422,261.7489929199219,
2015-03-21,,,,,260.0249938964844,
2015-03-22,,,,,267.9599914550781,
2015-03-23,173.80543518066406,68.33936309814453,95.22216033935547,114.29000091552734,266.739990234375,
2015-03-24,172.82879638671875,68.36356353759766,96.14292907714844,114.56999969482422,245.59500122070312,
2015-03-25,170.2961883544922,68.347412109375,95.33094024658203,114.7300033569336,246.19700622558594,
2015-03-26,169.89068603515625,68.3152084350586,93.84483337402344,115.4800033569336,248.53199768066406,
2015-03-27,170.27969360351562,68.35549926757812,95.0119400024414,115.05999755859375,247.0290069580078,
2015-03-28,,,,,252.79800415039062,
2015-03-29,,,,,242.71299743652344,
2015-03-30,172.35711669921875,68.347412109375,94.540771484375,113.75,247.5260009765625,
2015-03-31,170.85072326660156,68.40383911132812,94.74376678466797,113.66000366210938,244.2239990234375,
2015-04-01,170.2465362548828,68.43367767333984,95.98822784423828,115.5999984741211,247.27200317382812,
2015-04-02,170.85903930664062,68.42561340332031,94.97111511230469,115.27999877929688,253.0050048828125,
2015-04-03,,,,,254.32200622558594,
2015-04-04,,,,,253.69700622558594,
2015-04-05,,,,,260.5979919433594,
2015-04-06,172.0094451904297,68.4820327758789,94.44083404541016,116.69000244140625,255.49200439453125,
2015-04-07,171.55422973632812,68.43367767333984,95.23262786865234,116.11000061035156,253.17999267578125,
2015-04-08,172.13357543945312,68.43367767333984,95.26171112060547,115.47000122070312,245.02200317382812,
2015-04-09,172.89500427246094,68.40948486328125,94.02674865722656,114.66999816894531,243.67599487304688,
2015-04-10,173.83853149414062,68.39338684082031,94.16474914550781,115.97000122070312,236.07200622558594,
2015-04-11,,,,,236.552001953125,
2015-04-12,,,,,236.1529998779297,
2015-04-13,173.05224609375,68.43367767333984,94.29550170898438,115.13999938964844,224.58700561523438,
2015-04-14,173.38336181640625,68.46592712402344,94.9638671875,114.44000244140625,219.15899658203125,
2015-04-15,174.1612548828125,68.46592712402344,94.88394165039062,115.43000030517578,223.83299255371094,
2015-04-16,174.1116180419922,68.49817657470703,94.41170501708984,115.02999877929688,228.572998046875,
2015-04-17,172.10873413085938,68.46592712402344,95.49414825439453,115.5999984741211,222.8820037841797,
2015-04-18,,,,,223.3560028076172,
2015-04-19,,,,,222.60000610351562,
2015-04-20,173.6813201904297,68.4578857421875,94.65149688720703,114.72000122070312,224.62600708007812,
2015-04-21,173.4744110107422,68.46592712402344,94.22283172607422,115.37999725341797,235.2689971923828,
2015-04-22,174.32687377929688,68.40948486328125,92.78449249267578,113.83000183105469,234.17599487304688,
2015-04-23,174.76548767089844,68.44174194335938,93.18402099609375,114.66000366210938,236.46200561523438,
2015-04-24,175.17103576660156,68.46592712402344,93.76517486572266,113.05000305175781,231.26800537109375,
2015-04-25,,,,,226.38999938964844,
2015-04-26,,,,,219.42999267578125,
2015-04-27,174.4427490234375,68.4578857421875,93.76517486572266,115.33000183105469,229.28599548339844,
2015-04-28,174.99720764160156,68.42561340332031,92.47208404541016,116.33000183105469,225.85499572753906,
2015-04-29,174.27723693847656,68.43367767333984,91.3387680053711,115.51000213623047,225.80799865722656,
2015-04-30,172.53082275390625,68.42561340332031,91.49861145019531,113.47000122070312,236.14500427246094,
2015-05-01,174.4013671875,68.39740753173828,90.2669448852539,113.08000183105469,232.07899475097656,
2015-05-02,,,,,234.92999267578125,
2015-05-03,,,,,240.35800170898438,
2015-05-04,174.89791870117188,68.39740753173828,89.41525268554688,114.0999984741211,239.01800537109375,
2015-05-05,172.89500427246094,68.38121032714844,89.29143524169922,114.41999816894531,236.12100219726562,
2015-05-06,172.18324279785156,68.3570327758789,87.76275634765625,114.36000061035156,229.78199768066406,
2015-05-07,172.8701629638672,68.33287048339844,88.94200897216797,113.41999816894531,237.33399963378906,
2015-05-08,175.14622497558594,68.42963409423828,89.18223571777344,113.97000122070312,243.86300659179688,
2015-05-09,,,,,241.83200073242188,
2015-05-10,,,,,240.29600524902344,
2015-05-11,174.31028747558594,68.36514282226562,87.01293182373047,113.52999877929688,242.1580047607422,
2015-05-12,173.7889404296875,68.3731918334961,87.23863220214844,114.5,241.11199951171875,
2015-05-13,173.82200622558594,68.40542602539062,86.53977966308594,116.55000305175781,236.3769989013672,
2015-05-14,175.63449096679688,68.46996307373047,86.77271270751953,117.18000030517578,236.9290008544922,
2015-05-15,175.824951171875,68.46996307373047,88.51250457763672,117.52999877929688,237.60499572753906,
2015-05-16,,,,,236.1529998779297,
2015-05-17,,,,,236.802001953125,
2015-05-18,176.37115478515625,68.42963409423828,87.02745819091797,117.5199966430664,233.1280059814453,
2015-05-19,176.31320190429688,68.38928985595703,86.255859375,115.88999938964844,231.94700622558594,
2015-05-20,176.18907165527344,68.4135513305664,86.40142822265625,116.08000183105469,234.01800537109375,
2015-05-21,176.70217895507812,68.43773651123047,87.6098403930664,115.69000244140625,235.343994140625,
2015-05-22,176.2800750732422,68.38928985595703,87.64628601074219,115.5999984741211,240.34800720214844,
2015-05-23,,,,,238.8719940185547,
2015-05-24,,,,,240.9530029296875,
2015-05-25,,,,,237.11000061035156,
2015-05-26,174.38482666015625,68.39740753173828,89.14584350585938,113.91000366210938,237.11599731445312,
2015-05-27,176.0400390625,68.40542602539062,89.34967041015625,113.88999938964844,237.2830047607422,
2015-05-28,175.84149169921875,68.43773651123047,89.13130950927734,114.0199966430664,237.4080047607422,
2015-05-29,174.7489471435547,68.453857421875,89.32783508300781,114.0999984741211,237.0959930419922,
2015-05-30,,,,,233.34500122070312,
2015-05-31,,,,,230.19000244140625,
2015-06-01,175.10488891601562,68.4110336303711,88.36778259277344,114.0,222.92599487304688,
2015-06-02,174.9310302734375,68.40300750732422,87.1348876953125,114.45999908447266,225.80299377441406,
2015-06-03,175.39454650878906,68.37882995605469,85.73417663574219,113.63999938964844,225.87399291992188,
2015-06-04,173.9130401611328,68.3868408203125,86.85035705566406,112.83999633789062,224.32400512695312,
2015-06-05,173.6150360107422,68.32235717773438,85.79256439208984,112.23999786376953,224.95199584960938,
2015-06-06,,,,,225.61900329589844,
2015-06-07,,,,,222.88099670410156,
2015-06-08,172.54745483398438,68.3626937866211,85.69772338867188,112.56999969482422,228.48899841308594,
2015-06-09,172.5225830078125,68.33041381835938,85.01924133300781,112.81999969482422,229.04800415039062,
2015-06-10,174.59164428710938,68.31423950195312,84.27513885498047,113.77999877929688,228.80299377441406,
2015-06-11,175.15451049804688,68.33041381835938,86.04785919189453,113.26000213623047,229.7050018310547,
2015-06-12,173.8136749267578,68.31423950195312,86.04785919189453,113.2300033569336,229.98199462890625,
2015-06-13,,,,,232.40199279785156,
2015-06-14,,,,,233.54299926757812,
2015-06-15,173.06884765625,68.34654998779297,86.1865005493164,113.7300033569336,236.822998046875,
2015-06-16,174.01234436035156,68.3707504272461,86.86495971679688,113.31999969482422,250.89500427246094,
2015-06-17,174.2937774658203,68.41911315917969,86.1937484741211,113.8499984741211,249.28399658203125,
2015-06-18,176.10629272460938,68.43527221679688,85.7706298828125,115.31999969482422,249.0070037841797,
2015-06-19,175.32452392578125,68.45143127441406,86.87224578857422,115.12000274658203,244.6060028076172,
2015-06-20,,,,,245.21200561523438,
2015-06-21,,,,,243.94400024414062,
2015-06-22,176.22274780273438,68.40300750732422,85.09949493408203,113.63999938964844,246.99000549316406,
2015-06-23,176.3474578857422,68.3868408203125,84.5888671875,112.88999938964844,244.29600524902344,
2015-06-24,175.0666961669922,68.41911315917969,85.31835174560547,112.58999633789062,240.51499938964844,
2015-06-25,174.53443908691406,68.40300750732422,85.01924133300781,112.44000244140625,242.7989959716797,
2015-06-26,174.5010986328125,68.3626937866211,84.06358337402344,112.55999755859375,243.593994140625,
2015-06-27,,,,,250.99000549316406,
2015-06-28,,,,,249.01100158691406,
2015-06-29,170.8418426513672,68.4756088256836,86.2885971069336,113.06999969482422,257.0639953613281,
2015-06-30,171.19937133789062,68.4756088256836,85.6904296875,112.37000274658203,263.0719909667969,
2015-07-01,172.57167053222656,68.41751861572266,84.53375244140625,111.9800033569336,258.6210021972656,
2015-07-02,172.41368103027344,68.52240753173828,84.81160736083984,111.76000213623047,255.41200256347656,
2015-07-03,,,,,256.33599853515625,
2015-07-04,,,,,260.885986328125,
2015-07-05,,,,,271.9129943847656,
2015-07-06,171.92295837402344,68.53858947753906,86.38348388671875,112.05999755859375,269.0299987792969,
2015-07-07,173.0041961669922,68.53057861328125,87.1950912475586,110.76000213623047,266.2070007324219,
2015-07-08,170.10157775878906,68.6031723022461,87.94815826416016,111.08999633789062,270.7850036621094,
2015-07-09,170.40936279296875,68.55474090576172,86.21533966064453,111.36000061035156,269.2279968261719,
2015-07-10,172.55502319335938,68.49018096923828,84.84815979003906,111.48999786376953,284.8940124511719,
2015-07-11,,,,,293.114990234375,
2015-07-12,,,,,310.86700439453125,
2015-07-13,174.45953369140625,68.45787048339844,84.5849380493164,110.98999786376953,292.0539855957031,
2015-07-14,175.2164306640625,68.49018096923828,84.86279296875,110.73999786376953,287.4639892578125,
2015-07-15,175.15823364257812,68.51439666748047,85.76207733154297,110.16000366210938,285.8290100097656,
2015-07-16,176.56370544433594,68.48207092285156,86.35428619384766,109.76000213623047,278.0889892578125,
2015-07-17,176.71339416503906,68.4659194946289,86.80026245117188,108.6500015258789,279.47198486328125,
2015-07-18,,,,,274.9010009765625,
2015-07-19,,,,,273.614013671875,
2015-07-20,176.8048858642578,68.42561340332031,86.43467712402344,105.69999694824219,278.9809875488281,
2015-07-21,176.10635375976562,68.43364715576172,86.902587890625,105.37000274658203,275.8330078125,
2015-07-22,175.790283203125,68.42561340332031,87.44368743896484,104.80000305175781,277.22198486328125,
2015-07-23,174.800537109375,68.43364715576172,88.53304290771484,104.33000183105469,276.04901123046875,
2015-07-24,172.98751831054688,68.44979095458984,88.75236511230469,105.3499984741211,288.27801513671875,
2015-07-25,,,,,288.6969909667969,
2015-07-26,,,,,292.6860046386719,
2015-07-27,171.98121643066406,68.498291015625,89.2276382446289,104.86000061035156,293.6239929199219,
2015-07-28,174.09361267089844,68.48207092285156,88.57695007324219,105.0199966430664,294.427001953125,
2015-07-29,175.2912139892578,68.4659194946289,88.24791717529297,105.16999816894531,289.5899963378906,
2015-07-30,175.33285522460938,68.43364715576172,88.92790222167969,104.2699966430664,287.72198486328125,
2015-07-31,175.0666961669922,68.5063247680664,89.58589935302734,104.93000030517578,284.6499938964844,
2015-08-01,,,,,281.60101318359375,
2015-08-02,,,,,282.614013671875,
2015-08-03,174.47621154785156,68.52893829345703,90.5289306640625,104.0999984741211,281.22698974609375,
2015-08-04,174.13522338867188,68.42391204833984,89.81087493896484,104.30999755859375,285.2179870605469,
2015-08-05,174.7090606689453,68.43199157714844,89.13676452636719,103.93000030517578,281.8819885253906,
2015-08-06,173.27862548828125,68.44816589355469,89.92809295654297,104.38999938964844,278.5769958496094,
2015-08-07,172.94593811035156,68.41590118408203,91.10775756835938,104.6500015258789,279.5849914550781,
2015-08-08,,,,,260.99700927734375,
2015-08-09,,,,,265.0830078125,
2015-08-10,175.1249237060547,68.41590118408203,89.97940063476562,105.72000122070312,264.4700012207031,
2015-08-11,173.5447235107422,68.50466918945312,91.408203125,106.26000213623047,270.385986328125,
2015-08-12,173.75267028808594,68.50466918945312,90.90995025634766,107.75,266.3760070800781,
2015-08-13,173.53639221191406,68.44816589355469,90.61686706542969,106.86000061035156,264.0799865722656,
2015-08-14,174.16848754882812,68.41590118408203,90.82938385009766,106.8499984741211,265.67999267578125,
2015-08-15,,,,,261.5509948730469,
2015-08-16,,,,,258.5069885253906,
2015-08-17,175.1415252685547,68.4562759399414,91.2397232055664,107.12999725341797,257.97601318359375,
2015-08-18,174.6342010498047,68.44816589355469,90.52166748046875,107.11000061035156,211.07899475097656,
2015-08-19,173.253662109375,68.51275634765625,91.4155502319336,108.55000305175781,226.6840057373047,
2015-08-20,169.6359100341797,68.488525390625,92.3387680053711,110.44000244140625,235.35000610351562,
2015-08-21,164.5294189453125,68.56124877929688,92.61724853515625,111.12999725341797,232.56900024414062,
2015-08-22,,,,,230.38999938964844,
2015-08-23,,,,,228.16900634765625,
2015-08-24,157.6015625,68.59354400634766,92.58792114257812,110.52999877929688,210.4949951171875,
2015-08-25,155.74700927734375,68.56124877929688,91.10043334960938,109.16000366210938,221.60899353027344,
2015-08-26,161.72671508789062,68.52088928222656,89.3419189453125,107.66999816894531,225.83099365234375,
2015-08-27,165.72705078125,68.52893829345703,89.39321899414062,107.7300033569336,224.7689971923828,
2015-08-28,165.7353515625,68.49662017822266,89.6570053100586,108.69999694824219,231.39599609375,
2015-08-29,,,,,229.77999877929688,
2015-08-30,,,,,228.76100158691406,
2015-08-31,164.39639282226562,68.4723892211914,88.96822357177734,108.81999969482422,230.05599975585938,
2015-09-01,159.4895477294922,68.4965591430664,89.6092758178711,109.19999694824219,228.12100219726562,
2015-09-02,162.5167999267578,68.51280975341797,88.83824157714844,108.62000274658203,229.28399658203125,
2015-09-03,162.63316345214844,68.51280975341797,89.27149200439453,107.83999633789062,227.18299865722656,
2015-09-04,160.17149353027344,68.52088928222656,90.08659362792969,107.48999786376953,230.29800415039062,
2015-09-05,,,,,235.0189971923828,
2015-09-06,,,,,239.83999633789062,
2015-09-07,,,,,239.8470001220703,
2015-09-08,164.19676208496094,68.4965591430664,88.7574234008789,107.5199966430664,243.60699462890625,
2015-09-09,162.0011749267578,68.48045349121094,89.18342590332031,106.12999725341797,238.16799926757812,
2015-09-10,162.88275146484375,68.50470733642578,88.58124542236328,106.37999725341797,238.4770050048828,
2015-09-11,163.6229248046875,68.5289535522461,89.13932037353516,106.16000366210938,240.10699462890625,
2015-09-12,,,,,235.22900390625,
2015-09-13,,,,,230.51199340820312,
2015-09-14,163.01576232910156,68.51280975341797,89.27885437011719,106.22000122070312,230.6439971923828,
2015-09-15,165.05340576171875,68.41586303710938,87.56785583496094,105.9000015258789,230.3040008544922,
2015-09-16,166.48382568359375,68.40776062011719,87.2374267578125,107.30999755859375,229.09100341796875,
2015-09-17,166.109619140625,68.56130981445312,88.30218505859375,108.41000366210938,229.80999755859375,
2015-09-18,163.39512634277344,68.5936050415039,89.66069030761719,109.20999908447266,232.97500610351562,
2015-09-19,,,,,231.4929962158203,
2015-09-20,,,,,231.21200561523438,
2015-09-21,164.23947143554688,68.55319213867188,88.1993637084961,108.52999877929688,227.0850067138672,
2015-09-22,162.10769653320312,68.5936050415039,89.42567443847656,107.79000091552734,230.6179962158203,
2015-09-23,161.84854125976562,68.56935119628906,89.41838073730469,108.22000122070312,230.2830047607422,
2015-09-24,161.26332092285156,68.60978698730469,90.02781677246094,110.48999786376953,234.5290069580078,
2015-09-25,161.22152709960938,68.57743072509766,89.24945068359375,109.80999755859375,235.1439971923828,
2015-09-26,,,,,234.33999633789062,
2015-09-27,,,,,232.7570037841797,
2015-09-28,157.1753387451172,68.62590026855469,90.77687072753906,108.41999816894531,239.14199829101562,
2015-09-29,157.26727294921875,68.65823364257812,91.03385162353516,107.9800033569336,236.68699645996094,
2015-09-30,160.20162963867188,68.6744384765625,90.71813201904297,106.86000061035156,236.05999755859375,
2015-10-01,160.61962890625,68.67443084716797,91.10514068603516,106.7300033569336,237.5489959716797,
2015-10-02,163.0189208984375,68.77140808105469,91.6570816040039,108.98999786376953,237.29299926757812,
2015-10-03,,,,,238.72999572753906,
2015-10-04,,,,,238.25900268554688,
2015-10-05,165.9198455810547,68.72286224365234,90.41348266601562,108.7699966430664,240.38299560546875,
2015-10-06,165.35133361816406,68.71484375,90.80348205566406,109.86000061035156,246.06300354003906,
2015-10-07,166.70567321777344,68.69863891601562,90.50175476074219,109.69999694824219,242.968994140625,
2015-10-08,168.21043395996094,68.68247985839844,89.74384307861328,109.13999938964844,242.3040008544922,
2015-10-09,168.3107452392578,68.68247985839844,89.97933197021484,110.87000274658203,243.93099975585938,
2015-10-10,,,,,244.9409942626953,
2015-10-11,,,,,247.0500030517578,
2015-10-12,168.46961975097656,68.66632080078125,90.66361999511719,111.30999755859375,245.30799865722656,
2015-10-13,167.40794372558594,68.69056701660156,90.81819915771484,111.86000061035156,249.50799560546875,
2015-10-14,166.60533142089844,68.7875747680664,91.6128921508789,113.80999755859375,251.98899841308594,
2015-10-15,169.16351318359375,68.74717712402344,91.16400146484375,113.29000091552734,254.32000732421875,
2015-10-16,169.93258666992188,68.71484375,91.1935043334961,112.48999786376953,262.8689880371094,
2015-10-17,,,,,270.6400146484375,
2015-10-18,,,,,261.64300537109375,
2015-10-19,170.0161895751953,68.73908233642578,90.94324493408203,112.0199966430664,263.43701171875,
2015-10-20,169.79884338378906,68.69863891601562,90.384033203125,112.7300033569336,269.4630126953125,
2015-10-21,168.7454833984375,68.72286224365234,91.2817611694336,111.7300033569336,266.2720031738281,
2015-10-22,171.59620666503906,68.74717712402344,91.43629455566406,111.69000244140625,274.02301025390625,
2015-10-23,173.47715759277344,68.69056701660156,90.65628814697266,111.5,276.4960021972656,
2015-10-24,,,,,281.65399169921875,
2015-10-25,,,,,283.67999267578125,
2015-10-26,173.05084228515625,68.69056701660156,91.2596664428711,111.43000030517578,285.29998779296875,
2015-10-27,172.7164306640625,68.71484375,91.48779296875,111.68000030517578,293.7879943847656,
2015-10-28,174.68101501464844,68.6258773803711,91.1198959350586,110.77999877929688,304.6180114746094,
2015-10-29,174.5807647705078,68.57733917236328,89.6702651977539,109.72000122070312,313.8550109863281,
2015-10-30,173.82827758789062,68.57733917236328,90.34723663330078,109.30000305175781,328.0150146484375,
2015-10-31,,,,,314.1659851074219,
2015-11-01,,,,,325.4309997558594,
2015-11-02,175.88482666015625,68.53775787353516,89.93207550048828,108.58999633789062,361.1889953613281,
2015-11-03,176.39486694335938,68.52967834472656,89.19461059570312,106.9800033569336,403.4169921875,
2015-11-04,175.85980224609375,68.4568862915039,89.29784393310547,105.97000122070312,411.56298828125,
2015-11-05,175.68418884277344,68.4568862915039,89.0618896484375,105.63999938964844,386.35400390625,
2015-11-06,175.59226989746094,68.39215850830078,87.75660705566406,104.0999984741211,374.4700012207031,
2015-11-07,,,,,386.48199462890625,
2015-11-08,,,,,373.3680114746094,
2015-11-09,173.95376586914062,68.37596893310547,87.26251220703125,104.4000015258789,380.2569885253906,
2015-11-10,174.3550262451172,68.40831756591797,87.52056884765625,104.18000030517578,336.8190002441406,
2015-11-11,173.6695556640625,68.39215850830078,87.33624267578125,103.83000183105469,311.0840148925781,
2015-11-12,171.24508666992188,68.41646575927734,87.75660705566406,103.8499984741211,338.1520080566406,
2015-11-13,169.3223114013672,68.47303771972656,88.25801849365234,103.55999755859375,336.75299072265625,
2015-11-14,,,,,332.906005859375,
2015-11-15,,,,,320.1659851074219,
2015-11-16,171.8971710205078,68.47303771972656,88.1769027709961,103.70999908447266,330.7510070800781,
2015-11-17,171.77175903320312,68.44880676269531,88.32439422607422,102.33999633789062,335.093994140625,
2015-11-18,174.49716186523438,68.42449951171875,88.50878143310547,102.43000030517578,334.5899963378906,
2015-11-19,174.34664916992188,68.40831756591797,89.09874725341797,103.55999755859375,326.14898681640625,
2015-11-20,174.98202514648438,68.40831756591797,88.82584381103516,103.08999633789062,322.0220031738281,
2015-11-21,,,,,326.927001953125,
2015-11-22,,,,,324.5360107421875,
2015-11-23,174.78135681152344,68.40026092529297,89.09874725341797,102.26000213623047,323.0459899902344,
2015-11-24,175.01544189453125,68.40026092529297,89.09136199951172,102.94000244140625,320.0459899902344,
2015-11-25,174.99038696289062,68.40831756591797,89.29784393310547,102.45999908447266,328.20599365234375,
2015-11-26,,,,,352.6839904785156,
2015-11-27,175.19094848632812,68.42449951171875,89.20934295654297,101.25,358.0419921875,
2015-11-28,,,,,357.3810119628906,
2015-11-29,,,,,371.29400634765625,
2015-11-30,174.46368408203125,68.40026092529297,89.56336975097656,101.91999816894531,377.3210144042969,
2015-12-01,176.1273193359375,68.44149017333984,90.77310943603516,102.27999877929688,362.4880065917969,
2015-12-02,174.32997131347656,68.38491821289062,90.80266571044922,100.69000244140625,359.18701171875,
2015-12-03,171.88880920410156,68.38491821289062,88.33434295654297,101.76000213623047,361.0459899902344,
2015-12-04,175.24119567871094,68.40106201171875,89.1103286743164,104.0199966430664,363.1830139160156,
2015-12-05,,,,,388.9490051269531,
2015-12-06,,,,,388.7829895019531,
2015-12-07,174.1794891357422,68.39298248291016,89.97493743896484,102.66999816894531,395.5360107421875,
2015-12-08,173.00906372070312,68.38491821289062,90.01927947998047,102.83999633789062,415.56298828125,
2015-12-09,171.66310119628906,68.40912628173828,89.92322540283203,102.63999938964844,417.56298828125,
2015-12-10,172.10617065429688,68.36871337890625,90.04145812988281,102.55000305175781,415.47900390625,
2015-12-11,168.77059936523438,68.44963073730469,91.46038818359375,103.11000061035156,451.93798828125,
2015-12-12,,,,,434.99700927734375,
2015-12-13,,,,,433.7550048828125,
2015-12-14,169.623291015625,68.36871337890625,90.27796173095703,101.79000091552734,444.1820068359375,
2015-12-15,171.40399169921875,68.36063385009766,89.74585723876953,101.5199966430664,465.3210144042969,
2015-12-16,173.91195678710938,68.30394744873047,89.55376434326172,102.75,454.9339904785156,
2015-12-17,171.26187133789062,68.30394744873047,90.56615447998047,100.5,456.0780029296875,
2015-12-18,168.21078491210938,68.39298248291016,91.0687026977539,102.04000091552734,463.6159973144531,
2015-12-19,,,,,462.3219909667969,
2015-12-20,,,,,442.68499755859375,
2015-12-21,169.59840393066406,68.38491821289062,91.04651641845703,103.1500015258789,438.6390075683594,
2015-12-22,171.13739013671875,68.36871337890625,90.3887710571289,102.61000061035156,436.5719909667969,
2015-12-23,173.256591796875,68.34442138671875,89.70890808105469,102.30999755859375,442.4010009765625,
2015-12-24,172.9706573486328,68.37113189697266,90.22286987304688,103.05000305175781,454.9849853515625,
2015-12-25,,,,,455.65301513671875,
2015-12-26,,,,,417.27398681640625,
2015-12-27,,,,,422.822998046875,
2015-12-28,172.575439453125,68.33069610595703,90.48944854736328,102.2699966430664,422.27899169921875,
2015-12-29,174.4171600341797,68.31444549560547,88.98612976074219,102.19999694824219,432.9830017089844,
2015-12-30,173.18092346191406,68.33069610595703,88.89725494384766,101.41999816894531,426.6199951171875,
2015-12-31,171.44854736328125,68.29825592041016,89.29716491699219,101.45999908447266,430.5669860839844,
2016-01-01,,,,,434.3340148925781,
2016-01-02,,,,,433.43798828125,
2016-01-03,,,,,430.010986328125,
2016-01-04,169.0517578125,68.38733673095703,89.94142150878906,102.88999938964844,433.09100341796875,
2016-01-05,169.33767700195312,68.34683227539062,89.57858276367188,103.18000030517578,431.9599914550781,
2016-01-06,167.20167541503906,68.38733673095703,90.78569030761719,104.66999816894531,429.1050109863281,
2016-01-07,163.19020080566406,68.41162872314453,90.94861602783203,106.1500015258789,458.0480041503906,
2016-01-08,161.39894104003906,68.46017456054688,91.35592651367188,105.68000030517578,453.2300109863281,
2016-01-09,,,,,447.6109924316406,
2016-01-10,,,,,447.9909973144531,
2016-01-11,161.55873107910156,68.48452758789062,90.35619354248047,104.73999786376953,448.4280090332031,
2016-01-12,162.8622283935547,68.49256896972656,91.65953063964844,104.20999908447266,435.69000244140625,
2016-01-13,158.80035400390625,68.53306579589844,92.56303405761719,104.72000122070312,432.3710021972656,
2016-01-14,161.40728759765625,68.54924774169922,91.69654846191406,103.0199966430664,430.3059997558594,
2016-01-15,157.9425506591797,68.60594177246094,93.1258773803711,104.08000183105469,364.33099365234375,
2016-01-16,,,,,387.5360107421875,
2016-01-17,,,,,382.29901123046875,
2016-01-18,,,,,387.1679992675781,
2016-01-19,158.15281677246094,68.59783935546875,92.8370132446289,103.9800033569336,380.14898681640625,
2016-01-20,156.1260528564453,68.64640808105469,93.81458282470703,105.37000274658203,420.2300109863281,
2016-01-21,157.0006561279297,68.63829040527344,93.1777114868164,105.48999786376953,410.2619934082031,
2016-01-22,160.2216339111328,68.61402893066406,92.82221984863281,105.0,382.49200439453125,
2016-01-23,,,,,387.4909973144531,
2016-01-24,,,,,402.97100830078125,
2016-01-25,157.799560546875,68.61402893066406,93.32579803466797,106.08000183105469,391.72601318359375,
2016-01-26,159.9525146484375,68.64640808105469,93.37023162841797,107.29000091552734,392.15301513671875,
2016-01-27,158.21163940429688,68.66261291503906,93.34805297851562,107.69000244140625,394.97198486328125,
2016-01-28,159.03575134277344,68.66261291503906,93.48136138916016,106.54000091552734,380.28900146484375,
2016-01-29,162.91270446777344,68.74359130859375,94.27377319335938,106.94999694824219,379.4739990234375,
2016-01-30,,,,,378.2550048828125,
2016-01-31,,,,,368.7669982910156,
2016-02-01,162.85372924804688,68.7071304321289,93.98509216308594,108.05000305175781,373.0559997558594,
2016-02-02,159.9188232421875,68.79618835449219,95.72872924804688,108.08999633789062,374.447998046875,
2016-02-03,160.87753295898438,68.81243896484375,94.93480682373047,109.25,369.9490051269531,
2016-02-04,161.12979125976562,68.82867431640625,95.3948745727539,110.56999969482422,389.593994140625,
2016-02-05,158.06027221679688,68.81243896484375,95.50617218017578,112.31999969482422,386.54901123046875,
2016-02-06,,,,,376.5220031738281,
2016-02-07,,,,,376.6199951171875,
2016-02-08,155.9326934814453,68.89344024658203,97.56137084960938,113.83000183105469,373.4469909667969,
2016-02-09,155.94105529785156,68.86912536621094,97.66532897949219,113.58000183105469,376.02899169921875,
2016-02-10,155.80648803710938,68.86912536621094,98.52595520019531,114.45999908447266,381.64898681640625,
2016-02-11,153.7797088623047,68.93390655517578,99.21601867675781,119.05999755859375,379.65399169921875,
2016-02-12,156.95016479492188,68.8529281616211,97.56884765625,118.36000061035156,384.26300048828125,
2016-02-13,,,,,391.8599853515625,
2016-02-14,,,,,407.2300109863281,
2016-02-15,,,,,400.18499755859375,
2016-02-16,159.59925842285156,68.81243896484375,96.53748321533203,114.7699966430664,407.4880065917969,
2016-02-17,162.20626831054688,68.82867431640625,95.94390869140625,115.4800033569336,416.3219909667969,
2016-02-18,161.5419158935547,68.88532257080078,97.12362670898438,118.29000091552734,422.37298583984375,
2016-02-19,161.4662322998047,68.82048034667969,97.20526885986328,117.58000183105469,420.7850036621094,
2016-02-20,,,,,437.16400146484375,
2016-02-21,,,,,438.7980041503906,
2016-02-22,163.80410766601562,68.82867431640625,97.15333557128906,115.48999786376953,437.74798583984375,
2016-02-23,161.73538208007812,68.83672332763672,97.5465087890625,117.22000122070312,420.7359924316406,
2016-02-24,162.47535705566406,68.8529281616211,97.35369110107422,117.61000061035156,424.9549865722656,
2016-02-25,164.4432373046875,68.86912536621094,97.7024154663086,117.91999816894531,424.54400634765625,
2016-02-26,164.0647735595703,68.780029296875,96.76004791259766,117.11000061035156,432.1520080566406,
2016-02-27,,,,,432.5190124511719,
2016-02-28,,,,,433.5039978027344,
2016-02-29,162.77809143066406,68.82048034667969,97.18299102783203,118.63999938964844,437.6969909667969,
2016-03-01,166.6045684814453,68.72895050048828,95.47175598144531,117.7699966430664,435.12298583984375,
2016-03-02,167.3529815673828,68.7208480834961,95.86576080322266,118.68000030517578,423.989013671875,
2016-03-03,168.00892639160156,68.74515533447266,96.21511840820312,120.7300033569336,421.6510009765625,
2016-03-04,168.55557250976562,68.696533203125,95.59815216064453,120.54000091552734,410.9389953613281,
2016-03-05,,,,,400.57000732421875,
2016-03-06,,,,,407.7070007324219,
2016-03-07,168.69017028808594,68.64789581298828,95.56838989257812,121.13999938964844,414.3210144042969,
2016-03-08,166.84837341308594,68.696533203125,96.62397766113281,120.58000183105469,413.97198486328125,
2016-03-09,167.67257690429688,68.67222595214844,96.03673553466797,119.58000183105469,414.8599853515625,
2016-03-10,167.80714416503906,68.66410064697266,95.64269256591797,121.5,417.1310119628906,
2016-03-11,170.51507568359375,68.59925842285156,94.67636108398438,119.41000366210938,421.69000244140625,
2016-03-12,,,,,411.6239929199219,
2016-03-13,,,,,414.06500244140625,
2016-03-14,170.29635620117188,68.59925842285156,94.97370147705078,117.87000274658203,416.43798828125,
2016-03-15,170.01885986328125,68.62358093261719,95.0628662109375,117.95999908447266,416.8299865722656,
2016-03-16,171.0028076171875,68.76134490966797,95.34540557861328,120.58999633789062,417.010986328125,
2016-03-17,172.08770751953125,68.75326538085938,95.73934173583984,120.12999725341797,420.6210021972656,
2016-03-18,172.76388549804688,68.76947784423828,95.94004821777344,119.80000305175781,409.5480041503906,
2016-03-19,,,,,410.4440002441406,
2016-03-20,,,,,413.7550048828125,
2016-03-21,173.00906372070312,68.76134490966797,95.20410919189453,118.95999908447266,413.3070068359375,
2016-03-22,172.91604614257812,68.7208480834961,95.18183898925781,119.30999755859375,418.0889892578125,
2016-03-23,171.7748565673828,68.76134490966797,96.2597427368164,116.61000061035156,418.0409851074219,
2016-03-24,171.69882202148438,68.72895050048828,96.29686737060547,116.33000183105469,416.3940124511719,
2016-03-25,,,,,417.177001953125,
2016-03-26,,,,,417.94500732421875,
2016-03-27,,,,,426.7650146484375,
2016-03-28,171.80018615722656,68.74515533447266,96.4232406616211,116.5999984741211,424.2309875488281,
2016-03-29,173.38946533203125,68.87484741210938,97.43424224853516,118.76000213623047,416.5159912109375,
2016-03-30,174.15017700195312,68.88289642333984,96.40835571289062,117.0999984741211,414.8160095214844,
2016-03-31,173.72756958007812,68.91533660888672,97.09233856201172,117.63999938964844,416.72900390625,
2016-04-01,174.9110565185547,68.8756332397461,97.34557342529297,116.93000030517578,417.9599914550781,
2016-04-02,,,,,420.87298583984375,
2016-04-03,,,,,420.90399169921875,
2016-04-04,174.34461975097656,68.92422485351562,97.40518951416016,116.1500015258789,421.4440002441406,
2016-04-05,172.60328674316406,68.9486083984375,98.47037506103516,117.66000366210938,424.0299987792969,
2016-04-06,174.48834228515625,68.92422485351562,97.75526428222656,116.94000244140625,423.4129943847656,
2016-04-07,172.40042114257812,68.96479797363281,98.96202850341797,118.61000061035156,422.7449951171875,
2016-04-08,172.8653106689453,68.96479797363281,98.33627319335938,118.43000030517578,420.3489990234375,
2016-04-09,,,,,419.4110107421875,
2016-04-10,,,,,421.5639953613281,
2016-04-11,172.4595947265625,68.95671081542969,98.20964813232422,120.02999877929688,422.4830017089844,
2016-04-12,174.06573486328125,68.94050598144531,97.53181457519531,120.05000305175781,425.19000244140625,
2016-04-13,175.8238983154297,68.90803527832031,97.87443542480469,118.7699966430664,423.7340087890625,
2016-04-14,175.83238220214844,68.90803527832031,97.40518951416016,117.11000061035156,424.2820129394531,
2016-04-15,175.63795471191406,68.95671081542969,98.23947143554688,117.91999816894531,429.7130126953125,
2016-04-16,,,,,430.5719909667969,
2016-04-17,,,,,427.39898681640625,
2016-04-18,176.87210083007812,68.9486083984375,97.81487274169922,117.73999786376953,428.59100341796875,
2016-04-19,177.4300079345703,68.92422485351562,97.50946807861328,119.58000183105469,435.5090026855469,
2016-04-20,177.5990753173828,68.8756332397461,96.43678283691406,118.97000122070312,441.3890075683594,
2016-04-21,176.6438446044922,68.85942077636719,95.86321258544922,119.41999816894531,449.42498779296875,
2016-04-22,176.6438446044922,68.85942077636719,95.61740112304688,117.88999938964844,445.73699951171875,
2016-04-23,,,,,450.2820129394531,
2016-04-24,,,,,458.55499267578125,
2016-04-25,176.33953857421875,68.84319305419922,95.2225341796875,118.2300033569336,461.4259948730469,
2016-04-26,176.60162353515625,68.82698822021484,94.79052734375,118.69999694824219,466.0889892578125,
2016-04-27,176.96511840820312,68.8756332397461,95.7365951538086,119.04000091552734,444.68701171875,
2016-04-28,175.3590087890625,68.9161605834961,96.13136291503906,121.29000091552734,449.010986328125,
2016-04-29,174.4123077392578,68.94050598144531,96.37721252441406,123.6500015258789,455.09698486328125,
2016-04-30,,,,,448.3179931640625,
2016-05-01,,,,,451.875,
2016-05-02,175.798583984375,68.91533660888672,95.4068603515625,123.23999786376953,444.66900634765625,
2016-05-03,174.26858520507812,68.98835754394531,96.60856628417969,122.95999908447266,450.3039855957031,
2016-05-04,173.29644775390625,68.98020935058594,97.1385498046875,122.20999908447266,446.72198486328125,
2016-05-05,173.26263427734375,69.00455474853516,97.78791809082031,122.06999969482422,447.97601318359375,
2016-05-06,173.8965606689453,68.98835754394531,97.36993408203125,123.18000030517578,459.6029968261719,
2016-05-07,,,,,458.5360107421875,
2016-05-08,,,,,458.5480041503906,
2016-05-09,174.04029846191406,69.02081298828125,97.67593383789062,120.6500015258789,460.4830017089844,
2016-05-10,176.20431518554688,69.03703308105469,97.68338775634766,120.9800033569336,450.8949890136719,
2016-05-11,174.5559539794922,69.0126953125,98.23571014404297,122.12000274658203,452.7279968261719,
2016-05-12,174.60665893554688,68.97212219238281,97.78791809082031,121.16000366210938,454.7659912109375,
2016-05-13,173.08506774902344,68.98020935058594,98.73587036132812,121.70999908447266,455.6700134277344,
2016-05-14,,,,,455.6709899902344,
2016-05-15,,,,,457.5679931640625,
2016-05-16,174.79263305664062,68.94779205322266,97.88493347167969,121.80000305175781,454.1629943847656,
2016-05-17,173.1612091064453,68.9234390258789,98.04914855957031,122.22000122070312,453.7829895019531,
2016-05-18,173.2119140625,68.80172729492188,96.65338897705078,120.0999984741211,454.6189880371094,
2016-05-19,172.6117706298828,68.81796264648438,97.07140350341797,119.87000274658203,438.7149963378906,
2016-05-20,173.70223999023438,68.84231567382812,97.14594268798828,119.70999908447266,442.6759948730469,
2016-05-21,,,,,443.18798828125,
2016-05-22,,,,,439.322998046875,
2016-05-23,173.46551513671875,68.83413696289062,97.3624496459961,119.37000274658203,444.1549987792969,
2016-05-24,175.71400451660156,68.78550720214844,96.92952728271484,117.30000305175781,445.9809875488281,
2016-05-25,176.9059295654297,68.82610321044922,96.56377410888672,116.9800033569336,449.5989990234375,
2016-05-26,176.9566192626953,68.86662292480469,97.0638656616211,116.58000183105469,453.3840026855469,
2016-05-27,177.7174072265625,68.82610321044922,96.92208099365234,115.62000274658203,473.4639892578125,
2016-05-28,,,,,530.0399780273438,
2016-05-29,,,,,526.2329711914062,
2016-05-30,,,,,533.864013671875,
2016-05-31,177.37925720214844,68.85855865478516,97.15348815917969,116.05999755859375,531.385986328125,
2016-06-01,177.7427215576172,68.81063079833984,97.54759979248047,115.94000244140625,536.9199829101562,
2016-06-02,178.28375244140625,68.86746978759766,98.25074005126953,115.66999816894531,537.9719848632812,
2016-06-03,177.7512664794922,68.98114776611328,99.64938354492188,118.87999725341797,569.1939697265625,
2016-06-04,,,,,572.7269897460938,
2016-06-05,,,,,574.9769897460938,
2016-06-06,178.6556854248047,68.96487426757812,98.90889739990234,118.91999816894531,585.5369873046875,
2016-06-07,178.93460083007812,68.98114776611328,99.14823913574219,118.81999969482422,576.5969848632812,
2016-06-08,179.5178985595703,68.99739074707031,99.67929077148438,120.58000183105469,581.64501953125,
2016-06-09,179.27279663085938,69.01361083984375,100.32252502441406,121.25,574.6300048828125,
2016-06-10,177.57369995117188,69.05420684814453,100.80870819091797,121.73999786376953,577.469970703125,
2016-06-11,,,,,606.7269897460938,
2016-06-12,,,,,672.7839965820312,
2016-06-13,176.20431518554688,69.07046508789062,101.25745391845703,122.63999938964844,704.3759765625,
2016-06-14,175.85769653320312,69.0785903930664,101.1826400756836,122.7699966430664,685.5590209960938,
2016-06-15,175.6125946044922,69.15972900390625,101.57160949707031,123.68000030517578,694.468994140625,
2016-06-16,176.1366729736328,69.11919403076172,102.06523895263672,122.37999725341797,766.3079833984375,
2016-06-17,175.48080444335938,69.12728881835938,101.42949676513672,123.94999694824219,748.9089965820312,
2016-06-18,,,,,756.2269897460938,
2016-06-19,,,,,763.781005859375,
2016-06-20,176.61080932617188,69.08672332763672,100.34498596191406,123.20999908447266,737.2260131835938,
2016-06-21,177.1121826171875,69.03797149658203,99.88121795654297,120.83999633789062,666.6519775390625,
2016-06-22,176.82327270507812,69.06232452392578,100.04576110839844,120.9000015258789,596.1160278320312,
2016-06-23,179.1259765625,69.03797149658203,98.9013900756836,120.11000061035156,623.9769897460938,
2016-06-24,172.69363403320312,69.20035552978516,101.55659484863281,126.0,665.2990112304688,
2016-06-25,,,,,665.1229858398438,
2016-06-26,,,,,629.3670043945312,
2016-06-27,169.60076904296875,69.24093627929688,104.0921859741211,126.68000030517578,655.2750244140625,
2016-06-28,172.65968322753906,69.26526641845703,104.30911254882812,125.31999969482422,647.0009765625,
2016-06-29,175.5996551513672,69.24093627929688,103.50879669189453,125.83999633789062,639.8900146484375,
2016-06-30,177.9958038330078,69.27345275878906,103.89021301269531,126.47000122070312,673.3369750976562,
2016-07-01,178.36972045898438,69.29779815673828,105.33269500732422,128.41000366210938,676.2960205078125,
2016-07-02,,,,,703.7020263671875,
2016-07-03,,,,,658.6640014648438,
2016-07-04,,,,,683.6619873046875,
2016-07-05,177.0866241455078,69.33030700683594,106.65154266357422,129.47000122070312,670.6270141601562,
2016-07-06,178.14878845214844,69.29779815673828,106.82386779785156,130.22999572753906,677.3309936523438,
2016-07-07,178.03836059570312,69.26528930664062,106.8163833618164,129.74000549316406,640.56201171875,
2016-07-08,180.6894073486328,69.26528930664062,107.60313415527344,130.52000427246094,666.5230102539062,
2016-07-09,,,,,650.9600219726562,
2016-07-10,,,,,649.3599853515625,
2016-07-11,181.32666015625,69.19218444824219,106.65898895263672,129.2899932861328,647.6589965820312,
2016-07-12,182.6436767578125,69.16783142089844,104.9056167602539,127.1500015258789,664.551025390625,
2016-07-13,182.6182403564453,69.18405151367188,106.14196014404297,128.32000732421875,654.468017578125,
2016-07-14,183.63784790039062,69.14344024658203,104.59834289550781,127.33000183105469,658.0780029296875,
2016-07-15,183.3914794921875,69.1109619140625,103.69915008544922,126.83999633789062,663.2550048828125,
2016-07-16,,,,,660.7670288085938,
2016-07-17,,,,,679.458984375,
2016-07-18,183.88424682617188,69.1515884399414,103.60176086425781,127.04000091552734,673.1060180664062,
2016-07-19,183.69737243652344,69.15966796875,104.18622589111328,127.20999908447266,672.864013671875,
2016-07-20,184.46206665039062,69.127197265625,103.61675262451172,125.38999938964844,665.6849975585938,
2016-07-21,183.76535034179688,69.17594909667969,103.82652282714844,127.30000305175781,665.0120239257812,
2016-07-22,184.5895233154297,69.1515884399414,104.00642395019531,126.3499984741211,650.6190185546875,
2016-07-23,,,,,655.5560302734375,
2016-07-24,,,,,661.2849731445312,
2016-07-25,184.0882110595703,69.1028060913086,103.93144226074219,125.47000122070312,654.0969848632812,
2016-07-26,184.17318725585938,69.1109619140625,104.09635162353516,126.0,651.7839965820312,
2016-07-27,183.97767639160156,69.15966796875,105.39264678955078,128.02999877929688,654.3519897460938,
2016-07-28,184.19012451171875,69.1515884399414,105.19780731201172,127.66000366210938,655.0349731445312,
2016-07-29,184.48753356933594,69.24093627929688,106.07451629638672,128.97999572753906,656.9920043945312,
2016-07-30,,,,,655.0469970703125,
2016-07-31,,,,,624.6810302734375,
2016-08-01,184.3346405029297,69.2173843383789,104.92451477050781,129.22000122070312,606.27197265625,
2016-08-02,183.15350341796875,69.19293975830078,103.84349822998047,130.27000427246094,547.4650268554688,
2016-08-03,183.68882751464844,69.20108032226562,103.90348052978516,129.64999389648438,566.35498046875,
2016-08-04,183.88424682617188,69.2498779296875,104.68421936035156,129.8699951171875,578.2890014648438,
2016-08-05,185.3882598876953,69.15230560302734,103.59577941894531,127.55000305175781,575.0430297851562,
2016-08-06,,,,,587.7780151367188,
2016-08-07,,,,,592.6900024414062,
2016-08-08,185.27777099609375,69.12789154052734,103.7909164428711,127.44000244140625,591.0540161132812,
2016-08-09,185.3882598876953,69.16857147216797,104.81189727783203,127.95999908447266,587.801025390625,
2016-08-10,184.929443359375,69.20108032226562,105.2172622680664,128.55999755859375,592.10302734375,
2016-08-11,185.78759765625,69.13604736328125,104.27883911132812,127.66999816894531,589.1199951171875,
2016-08-12,185.62619018554688,69.18484497070312,105.15718078613281,127.4000015258789,587.5590209960938,
2016-08-13,,,,,585.5880126953125,
2016-08-14,,,,,570.4730224609375,
2016-08-15,186.1614990234375,69.16857147216797,104.16625213623047,127.83999633789062,567.239990234375,
2016-08-16,185.20130920410156,69.14419555664062,103.88856506347656,128.47000122070312,577.4390258789062,
2016-08-17,185.54966735839844,69.14419555664062,104.5115737915039,128.5,573.2160034179688,
2016-08-18,185.9659881591797,69.19293975830078,104.67675018310547,129.11000061035156,574.3179931640625,
2016-08-19,185.69418334960938,69.12789154052734,104.1286849975586,127.97000122070312,575.6300048828125,
2016-08-20,,,,,581.697021484375,
2016-08-21,,,,,581.3079833984375,
2016-08-22,185.6856689453125,69.13604736328125,105.00701904296875,127.77999877929688,586.7529907226562,
2016-08-23,186.0594940185547,69.14419555664062,105.11965942382812,127.76000213623047,583.4149780273438,
2016-08-24,185.10787963867188,69.12789154052734,104.87189483642578,126.33999633789062,580.1820068359375,
2016-08-25,184.98040771484375,69.1035385131836,104.47405242919922,126.2300033569336,577.760986328125,
2016-08-26,184.63201904296875,69.03855895996094,103.86598205566406,126.05000305175781,579.6510009765625,
2016-08-27,,,,,569.947021484375,
2016-08-28,,,,,573.9119873046875,
2016-08-29,185.54119873046875,69.07921600341797,105.25473022460938,126.30000305175781,574.1069946289062,
2016-08-30,185.23532104492188,69.0873031616211,104.84933471679688,125.02999877929688,577.5029907226562,
2016-08-31,184.70849609375,69.07921600341797,104.99957275390625,124.77999877929688,575.4719848632812,
2016-09-01,184.717041015625,69.11170959472656,105.11536407470703,125.29000091552734,572.302978515625,
2016-09-02,185.54966735839844,69.11170959472656,104.25801849365234,126.56999969482422,575.5369873046875,
2016-09-03,,,,,598.2119750976562,
2016-09-04,,,,,608.6339721679688,
2016-09-05,,,,,606.5900268554688,
2016-09-06,186.11053466796875,69.16051483154297,105.01756286621094,128.7100067138672,610.4359741210938,
2016-09-07,186.09353637695312,69.16051483154297,104.94239807128906,128.27000427246094,614.5440063476562,
2016-09-08,185.6686553955078,69.11170959472656,103.6262435913086,127.58999633789062,626.3159790039062,
2016-09-09,181.22471618652344,69.08731079101562,101.91914367675781,126.75,622.8610229492188,
2016-09-10,,,,,623.5089721679688,
2016-09-11,,,,,606.718994140625,
2016-09-12,183.8247833251953,69.11170959472656,101.97176361083984,126.58999633789062,608.2429809570312,
2016-09-13,181.18222045898438,69.08731079101562,100.81356811523438,125.75,609.2410278320312,
2016-09-14,181.1142578125,69.1279067993164,100.96394348144531,126.18000030517578,610.6840209960938,
2016-09-15,182.92408752441406,69.18489074707031,100.52775573730469,125.37000274658203,607.155029296875,
2016-09-16,182.2169952392578,69.15235900878906,101.34001159667969,125.05999755859375,606.9730224609375,
2016-09-17,,,,,605.9840087890625,
2016-09-18,,,,,609.8740234375,
2016-09-19,182.2511749267578,69.13606262207031,101.00910186767578,125.31999969482422,609.2269897460938,
2016-09-20,182.2596893310547,69.11984252929688,101.36262512207031,125.44000244140625,608.31201171875,
2016-09-21,184.3092803955078,69.13606262207031,102.18231201171875,127.2699966430664,597.1489868164062,
2016-09-22,185.47071838378906,69.11984252929688,102.99449920654297,127.56999969482422,596.2979736328125,
2016-09-23,184.4544677734375,69.16051483154297,102.89678192138672,127.6500015258789,602.8419799804688,
2016-09-24,,,,,602.625,
2016-09-25,,,,,600.8259887695312,
2016-09-26,182.9600067138672,69.20113372802734,103.55097198486328,127.55000305175781,608.0430297851562,
2016-09-27,184.0958251953125,69.20930480957031,104.3106689453125,126.62000274658203,606.166015625,
2016-09-28,185.0095672607422,69.20113372802734,104.08502197265625,126.22000122070312,604.72802734375,
2016-09-29,183.33572387695312,69.22557830810547,104.34825897216797,126.06999969482422,605.6929931640625,
2016-09-30,184.71923828125,69.16860961914062,103.41566467285156,125.63999938964844,609.7349853515625,
2016-10-01,,,,,613.9829711914062,
2016-10-02,,,,,610.8920288085938,
2016-10-03,184.275146484375,69.15966033935547,103.07443237304688,125.31999969482422,612.1329956054688,
2016-10-04,183.33572387695312,69.10272216796875,101.86894226074219,120.97000122070312,610.2039794921875,
2016-10-05,184.14700317382812,69.06199645996094,101.39431762695312,120.77999877929688,612.510986328125,
2016-10-06,184.275146484375,69.06199645996094,100.82919311523438,119.66000366210938,613.02099609375,
2016-10-07,183.6431427001953,69.0864486694336,100.89701843261719,119.73999786376953,617.1209716796875,
2016-10-08,,,,,619.1079711914062,
2016-10-09,,,,,616.7520141601562,
2016-10-10,184.599609375,69.0538558959961,100.30191802978516,120.16000366210938,618.9940185546875,
2016-10-11,182.2681884765625,69.04576110839844,100.0758285522461,119.55000305175781,641.072021484375,
2016-10-12,182.50735473632812,69.04576110839844,100.17378234863281,119.73999786376953,636.1920166015625,
2016-10-13,181.90957641601562,69.07015991210938,100.55049896240234,120.02999877929688,636.7860107421875,
2016-10-14,182.00350952148438,69.0538558959961,99.14161682128906,119.36000061035156,640.3779907226562,
2016-10-15,,,,,638.64599609375,
2016-10-16,,,,,641.6309814453125,
2016-10-17,181.3715362548828,69.11084747314453,99.77445220947266,119.68000030517578,639.1929931640625,
2016-10-18,182.50735473632812,69.1352767944336,100.09848022460938,120.41999816894531,637.9600219726562,
2016-10-19,182.99412536621094,69.1352767944336,100.18132019042969,121.11000061035156,630.52001953125,
2016-10-20,182.6525421142578,69.10272216796875,100.28678894042969,120.73999786376953,630.8569946289062,
2016-10-21,182.73793029785156,69.1189956665039,100.43745422363281,120.83000183105469,632.8280029296875,
2016-10-22,,,,,657.2940063476562,
2016-10-23,,,,,657.0709838867188,
2016-10-24,183.5150604248047,69.09459686279297,100.00044250488281,120.55999755859375,653.760986328125,
2016-10-25,182.9001922607422,69.09459686279297,100.26415252685547,121.47000122070312,657.5880126953125,
2016-10-26,182.53294372558594,69.07015991210938,99.58606719970703,120.79000091552734,678.3040161132812,
2016-10-27,182.04617309570312,69.0864486694336,98.50116729736328,121.01000213623047,688.31298828125,
2016-10-28,181.50819396972656,69.0864486694336,98.2826919555664,121.58000183105469,689.6510009765625,
2016-10-29,,,,,714.47900390625,
2016-10-30,,,,,701.864013671875,
2016-10-31,181.51675415039062,69.1352767944336,98.88540649414062,121.94000244140625,700.9719848632812,
2016-11-01,180.20156860351562,69.13607788085938,98.89301300048828,122.7300033569336,729.7930297851562,
2016-11-02,179.11703491210938,69.17677307128906,99.3232192993164,123.63999938964844,740.8289794921875,
2016-11-03,178.2971649169922,69.18492889404297,98.56083679199219,124.30000305175781,688.7000122070312,
2016-11-04,178.1007843017578,69.2093734741211,99.44402313232422,124.38999938964844,703.2349853515625,
2016-11-05,,,,,703.4180297851562,
2016-11-06,,,,,711.52197265625,
2016-11-07,182.0290985107422,69.18492889404297,98.59858703613281,122.1500015258789,703.1309814453125,
2016-11-08,182.84896850585938,69.11164093017578,98.198486328125,121.63999938964844,709.8480224609375,
2016-11-09,184.78749084472656,69.0220947265625,94.03174591064453,121.55999755859375,723.2730102539062,
2016-11-10,185.2487030029297,68.99765014648438,92.64278411865234,119.75,715.5339965820312,
2016-11-11,184.8216552734375,68.99765014648438,92.12193298339844,117.0999984741211,716.4110107421875,
2016-11-12,,,,,705.0540161132812,
2016-11-13,,,,,702.031005859375,
2016-11-14,184.96688842773438,68.89180755615234,91.57093048095703,116.11000061035156,705.02099609375,
2016-11-15,186.41015625,68.91618347167969,92.02383422851562,117.12000274658203,711.6190185546875,
2016-11-16,186.0599822998047,68.9080581665039,92.85419464111328,116.7699966430664,744.197998046875,
2016-11-17,187.01641845703125,68.89994049072266,91.48789978027344,116.16999816894531,740.9769897460938,
2016-11-18,186.5980224609375,68.8592300415039,91.2236557006836,115.1500015258789,751.5850219726562,
2016-11-19,,,,,751.6160278320312,
2016-11-20,,,,,731.0260009765625,
2016-11-21,188.007080078125,68.85107421875,91.45014953613281,115.58000183105469,739.2479858398438,
2016-11-22,188.37435913085938,68.83476257324219,91.41999053955078,115.54000091552734,751.3469848632812,
2016-11-23,188.47679138183594,68.79408264160156,91.065185546875,113.25,744.593994140625,
2016-11-24,,,,,740.2890014648438,
2016-11-25,189.1770782470703,68.78597259521484,91.20106506347656,112.61000061035156,741.6489868164062,
2016-11-26,,,,,735.3820190429688,
2016-11-27,,,,,732.0349731445312,
2016-11-28,188.2888946533203,68.82665252685547,91.87284851074219,113.80000305175781,735.81298828125,
2016-11-29,188.65615844726562,68.83476257324219,92.2578353881836,113.2699966430664,735.60400390625,
2016-11-30,188.2035369873047,68.81033325195312,90.76322937011719,111.75,745.6909790039062,
2016-12-01,187.5117645263672,68.77778625488281,89.8049087524414,111.54000091552734,756.7739868164062,
2016-12-02,187.60572814941406,68.85105895996094,90.4629898071289,112.13999938964844,777.9439697265625,
2016-12-03,,,,,771.155029296875,
2016-12-04,,,,,773.8720092773438,
2016-12-05,188.73301696777344,68.85105895996094,90.36459350585938,111.54000091552734,758.7000122070312,
2016-12-06,189.33078002929688,68.83482360839844,90.29654693603516,111.43000030517578,764.2239990234375,
2016-12-07,191.80734252929688,68.85924530029297,91.06806182861328,111.83000183105469,768.1320190429688,
2016-12-08,192.2770538330078,68.85105895996094,89.99400329589844,111.56999969482422,770.8099975585938,
2016-12-09,193.43849182128906,68.84294128417969,88.87455749511719,110.4000015258789,772.7940063476562,
2016-12-10,,,,,774.6500244140625,
2016-12-11,,,,,769.7310180664062,
2016-12-12,193.21644592285156,68.81847381591797,89.04097747802734,110.81999969482422,780.0869750976562,
2016-12-13,194.50604248046875,68.8103256225586,89.358642578125,110.44999694824219,780.5560302734375,
2016-12-14,192.90049743652344,68.67996215820312,88.3602294921875,108.83000183105469,781.4810180664062,
2016-12-15,193.69467163085938,68.64736938476562,88.80647277832031,107.33999633789062,778.0880126953125,
2016-12-16,193.3158721923828,68.67996215820312,88.60227966308594,108.05000305175781,784.906982421875,
2016-12-17,,,,,790.8289794921875,
2016-12-18,,,,,790.530029296875,
2016-12-19,193.73678588867188,68.71253967285156,89.5552978515625,108.58999633789062,792.7139892578125,
2016-12-20,194.484130859375,68.720703125,89.1090316772461,107.79000091552734,800.8759765625,
2016-12-21,193.94293212890625,68.75328826904297,89.5023422241211,107.8499984741211,834.281005859375,
2016-12-22,193.60794067382812,68.77042388916016,89.34232330322266,107.58999633789062,864.5399780273438,
2016-12-23,193.89144897460938,68.77042388916016,89.52436065673828,107.93000030517578,921.9840087890625,
2016-12-24,,,,,898.822021484375,
2016-12-25,,,,,896.1829833984375,
2016-12-26,,,,,907.6099853515625,
2016-12-27,194.37242126464844,68.73785400390625,89.23617553710938,108.55999755859375,933.197998046875,
2016-12-28,192.76611328125,68.76226806640625,89.88835906982422,108.86000061035156,975.9210205078125,
2016-12-29,192.72312927246094,68.83570098876953,90.20684814453125,110.29000091552734,973.4970092773438,
2016-12-30,192.01873779296875,68.8601303100586,90.34337615966797,109.61000061035156,961.2379760742188,
2016-12-31,,,,,963.7429809570312,
2017-01-01,,,,,998.3250122070312,
2017-01-02,,,,,1021.75,
2017-01-03,193.48768615722656,68.80303192138672,90.73014068603516,110.47000122070312,1043.8399658203125,
2017-01-04,194.6387939453125,68.81938934326172,91.07894897460938,110.86000061035156,1154.72998046875,
2017-01-05,194.484130859375,68.86824798583984,92.50471496582031,112.58000183105469,1013.3800048828125,
2017-01-06,195.1799774169922,68.81121063232422,91.65534973144531,111.75,902.2009887695312,
2017-01-07,,,,,908.5850219726562,
2017-01-08,,,,,911.198974609375,
2017-01-09,194.5357208251953,68.86824798583984,92.39093780517578,112.66999816894531,902.8280029296875,
2017-01-10,194.5357208251953,68.84381103515625,92.33026885986328,113.1500015258789,907.6790161132812,
2017-01-11,195.08547973632812,68.87642669677734,92.64118957519531,113.5,777.7570190429688,
2017-01-12,194.59584045410156,68.90091705322266,92.43647003173828,113.91000366210938,804.833984375,
2017-01-13,195.04254150390625,68.86824798583984,91.99658966064453,114.20999908447266,823.9840087890625,
2017-01-14,,,,,818.4119873046875,
2017-01-15,,,,,821.7979736328125,
2017-01-16,,,,,831.5339965820312,
2017-01-17,194.3553009033203,68.91719818115234,92.9596939086914,115.8499984741211,907.93798828125,
2017-01-18,194.78480529785156,68.85198974609375,91.76910400390625,114.87000274658203,886.6179809570312,
2017-01-19,194.06324768066406,68.82756042480469,91.1396713256836,114.7699966430664,899.072998046875,
2017-01-20,194.7761688232422,68.86824798583984,90.9576644897461,115.05000305175781,895.0260009765625,
2017-01-21,,,,,921.7890014648438,
2017-01-22,,,,,924.6729736328125,
2017-01-23,194.26937866210938,68.93354034423828,91.86769104003906,115.79000091552734,921.0120239257812,
2017-01-24,195.5149688720703,68.8927230834961,91.23821258544922,115.2699966430664,892.68701171875,
2017-01-25,197.20724487304688,68.87642669677734,90.09310913085938,114.31999969482422,901.5419921875,
2017-01-26,197.0010986328125,68.88463592529297,90.3964614868164,113.26000213623047,917.5859985351562,
2017-01-27,196.69186401367188,68.91719818115234,90.72252655029297,113.48999786376953,919.75,
2017-01-28,,,,,921.5900268554688,
2017-01-29,,,,,919.4959716796875,
2017-01-30,195.4720001220703,68.91719818115234,90.44951629638672,113.97000122070312,920.3820190429688,
2017-01-31,195.45486450195312,68.93354034423828,91.07894897460938,115.55000305175781,970.4030151367188,
2017-02-01,195.53211975097656,68.90984344482422,90.51581573486328,115.19999694824219,989.0230102539062,
2017-02-02,195.6610107421875,68.9343032836914,90.477783203125,115.83999633789062,1011.7999877929688,
2017-02-03,197.00970458984375,68.90984344482422,90.43982696533203,116.12999725341797,1029.9100341796875,
2017-02-04,,,,,1042.9000244140625,
2017-02-05,,,,,1027.3399658203125,
2017-02-06,196.65748596191406,68.98329162597656,90.98703002929688,117.69999694824219,1038.1500244140625,
2017-02-07,196.66610717773438,68.96697235107422,91.65580749511719,117.45999908447266,1061.3499755859375,
2017-02-08,196.9237823486328,69.03224182128906,92.90225982666016,118.19000244140625,1063.0699462890625,
2017-02-09,198.0920867919922,68.9751205444336,91.83061981201172,117.29000091552734,994.3829956054688,
2017-02-10,198.87379455566406,68.96697235107422,91.77745056152344,117.5999984741211,988.6740112304688,
2017-02-11,,,,,1004.4500122070312,
2017-02-12,,,,,999.1810302734375,
2017-02-13,199.95619201660156,68.95067596435547,91.48863220214844,116.80000305175781,990.6420288085938,
2017-02-14,200.75506591796875,68.90165710449219,90.8274154663086,116.93000030517578,1004.5499877929688,
2017-02-15,201.80313110351562,68.87722778320312,90.4094009399414,117.44999694824219,1007.47998046875,
2017-02-16,201.63125610351562,68.90984344482422,90.90340423583984,118.08000183105469,1027.43994140625,
2017-02-17,201.94912719726562,68.95881652832031,91.44302368164062,117.68000030517578,1046.2099609375,
2017-02-18,,,,,1054.4200439453125,
2017-02-19,,,,,1047.8699951171875,
2017-02-20,,,,,1079.97998046875,
2017-02-21,203.1517791748047,68.96697235107422,91.28340148925781,117.75,1115.300048828125,
2017-02-22,202.97137451171875,68.98329162597656,91.43540954589844,117.91000366210938,1117.43994140625,
2017-02-23,203.10879516601562,69.0158920288086,91.70899200439453,118.94000244140625,1166.719970703125,
2017-02-24,203.36647033691406,69.04853057861328,92.72738647460938,119.69999694824219,1173.6800537109375,
2017-02-25,,,,,1143.8399658203125,
2017-02-26,,,,,1165.199951171875,
2017-02-27,203.6843719482422,68.99142456054688,92.18021392822266,119.12000274658203,1179.969970703125,
2017-02-28,203.134521484375,68.95881652832031,92.52217864990234,119.2300033569336,1179.969970703125,
2017-03-01,205.9779510498047,68.90494537353516,90.97184753417969,119.05999755859375,1222.5,
2017-03-02,204.68084716796875,68.83145141601562,90.64442443847656,117.58000183105469,1251.010009765625,
2017-03-03,204.80967712402344,68.84776306152344,90.88048553466797,117.51000213623047,1274.989990234375,
2017-03-04,,,,,1255.1500244140625,
2017-03-05,,,,,1267.1199951171875,
2017-03-06,204.19979858398438,68.86412811279297,90.44649505615234,116.72000122070312,1272.8299560546875,
2017-03-07,203.58982849121094,68.83960723876953,90.17232513427734,115.77999877929688,1223.5400390625,
2017-03-08,203.2118682861328,68.782470703125,89.68498992919922,115.05999755859375,1150.0,
2017-03-09,203.4696044921875,68.77429962158203,88.96923065185547,114.47000122070312,1188.489990234375,
2017-03-10,204.18264770507812,68.81513977050781,89.28143310546875,114.72000122070312,1116.719970703125,
2017-03-11,,,,,1175.8299560546875,
2017-03-12,,,,,1221.3800048828125,
2017-03-13,204.28562927246094,68.782470703125,88.71794128417969,114.73999786376953,1231.9200439453125,
2017-03-14,203.50392150878906,68.77429962158203,89.14437866210938,114.12000274658203,1240.0,
2017-03-15,205.26492309570312,68.90494537353516,90.23326110839844,116.25,1249.6099853515625,
2017-03-16,204.8612060546875,68.85594940185547,89.77640533447266,116.7300033569336,1187.81005859375,
2017-03-17,204.50148010253906,68.88858795166016,90.3398666381836,116.98999786376953,1100.22998046875,
2017-03-18,,,,,973.8179931640625,
2017-03-19,,,,,1036.739990234375,
2017-03-20,204.2771453857422,68.9294204711914,90.72822570800781,117.51000213623047,1054.22998046875,
2017-03-21,201.65431213378906,68.96208190917969,91.48210906982422,118.54000091552734,1120.5400390625,
2017-03-22,202.1288299560547,68.9784164428711,91.84758758544922,118.83000183105469,1049.1400146484375,
2017-03-23,201.91314697265625,68.9784164428711,91.71813201904297,118.66999816894531,1038.5899658203125,
2017-03-24,201.76646423339844,68.9784164428711,92.04558563232422,118.86000061035156,937.52001953125,
2017-03-25,,,,,972.7789916992188,
2017-03-26,,,,,966.7249755859375,
2017-03-27,201.55943298339844,69.00286865234375,92.46436309814453,119.52999877929688,1045.77001953125,
2017-03-28,203.026123046875,68.97026062011719,91.84758758544922,119.04000091552734,1047.1500244140625,
2017-03-29,203.21592712402344,69.01107025146484,92.39576721191406,119.33000183105469,1039.969970703125,
2017-03-30,203.86300659179688,68.99475860595703,91.64959716796875,118.47000122070312,1026.4300537109375,
2017-03-31,203.38848876953125,69.00286865234375,91.91608428955078,118.72000122070312,1071.7900390625,
2017-04-01,,,,,1080.5,
2017-04-02,,,,,1102.1700439453125,
2017-04-03,203.03475952148438,69.0666275024414,92.84320068359375,119.3499984741211,1143.81005859375,
2017-04-04,203.16415405273438,69.04212188720703,92.33960723876953,119.62000274658203,1133.25,
2017-04-05,202.56021118164062,69.04212188720703,92.62193298339844,119.62000274658203,1124.780029296875,
2017-04-06,203.12965393066406,69.05843353271484,92.4845962524414,119.18000030517578,1182.6800537109375,
2017-04-07,202.92257690429688,68.96858215332031,92.11067962646484,119.45999908447266,1176.9000244140625,
2017-04-08,,,,,1175.949951171875,
2017-04-09,,,,,1187.8699951171875,
2017-04-10,203.04331970214844,69.00125885009766,92.53801727294922,119.45999908447266,1187.1300048828125,
2017-04-11,202.8018035888672,69.0666275024414,93.41553497314453,121.19000244140625,1205.010009765625,
2017-04-12,201.91314697265625,69.11563110351562,93.92681884765625,122.0199966430664,1200.3699951171875,
2017-04-13,200.60171508789062,69.14828491210938,94.21675872802734,122.5999984741211,1169.280029296875,
2017-04-14,,,,,1167.5400390625,
2017-04-15,,,,,1172.52001953125,
2017-04-16,,,,,1182.93994140625,
2017-04-17,202.3790283203125,69.14012908935547,93.92681884765625,122.23999786376953,1193.9100341796875,
2017-04-18,201.7750701904297,69.19734954833984,95.15536499023438,122.81999969482422,1211.6700439453125,
2017-04-19,201.4041290283203,69.1646499633789,94.63642120361328,121.7300033569336,1210.2900390625,
2017-04-20,203.04331970214844,69.15645599365234,94.27022552490234,121.95999908447266,1229.0799560546875,
2017-04-21,202.39630126953125,69.18916320800781,94.27022552490234,122.30999755859375,1222.050048828125,
2017-04-22,,,,,1231.7099609375,
2017-04-23,,,,,1207.2099609375,
2017-04-24,204.62222290039062,69.11563110351562,93.80470275878906,121.4800033569336,1250.1500244140625,
2017-04-25,205.81288146972656,69.05030059814453,92.67532348632812,120.25,1265.489990234375,
2017-04-26,205.6834259033203,69.0748062133789,93.18661499023438,120.83999633789062,1281.0799560546875,
2017-04-27,205.85598754882812,69.09930419921875,93.15611267089844,120.38999938964844,1317.72998046875,
2017-04-28,205.40736389160156,69.1319580078125,93.36210632324219,120.7699966430664,1316.47998046875,
2017-04-29,,,,,1321.7900390625,
2017-04-30,,,,,1347.8900146484375,
2017-05-01,205.9249725341797,69.08453369140625,92.58598327636719,119.66999816894531,1421.5999755859375,
2017-05-02,206.00267028808594,69.10904693603516,93.06005859375,119.6500015258789,1452.8199462890625,
2017-05-03,205.75242614746094,69.0600357055664,93.12120819091797,117.9800033569336,1490.0899658203125,
2017-05-04,205.99403381347656,69.05184173583984,92.66243743896484,116.79000091552734,1537.6700439453125,
2017-05-05,206.8050079345703,69.07637023925781,92.7465591430664,117.01000213623047,1555.449951171875,
2017-05-06,,,,,1578.800048828125,
2017-05-07,,,,,1596.7099609375,
2017-05-08,206.7705078125,69.04369354248047,92.24188995361328,116.75,1723.3499755859375,
2017-05-09,206.58067321777344,69.01099395751953,92.23426055908203,116.05000305175781,1755.3599853515625,
2017-05-10,206.95169067382812,69.02730560302734,92.12718200683594,116.04000091552734,1787.1300048828125,
2017-05-11,206.52894592285156,69.03550720214844,92.12718200683594,116.5,1848.5699462890625,
2017-05-12,206.18382263183594,69.11727142333984,92.82302856445312,116.83000183105469,1724.239990234375,
2017-05-13,,,,,1804.9100341796875,
2017-05-14,,,,,1808.9100341796875,
2017-05-15,207.32269287109375,69.10904693603516,92.57069396972656,117.13999938964844,1738.4300537109375,
2017-05-16,207.13291931152344,69.10904693603516,92.9148178100586,117.6500015258789,1734.449951171875,
2017-05-17,203.4574737548828,69.1826400756836,94.26819610595703,119.79000091552734,1839.0899658203125,
2017-05-18,204.2771453857422,69.14996337890625,94.37527465820312,118.80999755859375,1888.6500244140625,
2017-05-19,205.60581970214844,69.16629028320312,94.59707641601562,119.4000015258789,1987.7099609375,
2017-05-20,,,,,2084.72998046875,
2017-05-21,,,,,2041.199951171875,
2017-05-22,206.64979553222656,69.14173889160156,94.33708190917969,119.9000015258789,2173.39990234375,
2017-05-23,207.10702514648438,69.11727142333984,93.702392578125,119.13999938964844,2320.419921875,
2017-05-24,207.5901336669922,69.15813446044922,94.23003387451172,119.61000061035156,2443.639892578125,
2017-05-25,208.5823211669922,69.15813446044922,94.26061248779297,119.4800033569336,2304.97998046875,
2017-05-26,208.53919982910156,69.14996337890625,94.42118835449219,120.54000091552734,2202.419921875,
2017-05-27,,,,,2038.8699951171875,
2017-05-28,,,,,2155.800048828125,
2017-05-29,,,,,2255.610107421875,
2017-05-30,208.3580322265625,69.17450714111328,94.88764953613281,120.13999938964844,2175.469970703125,
2017-05-31,208.30624389648438,69.1826400756836,95.12466430664062,120.62000274658203,2286.409912109375,
2017-06-01,209.96273803710938,69.16959381103516,95.13460540771484,120.72000122070312,2407.8798828125,
2017-06-02,210.66160583496094,69.21864318847656,96.2611083984375,121.61000061035156,2488.550048828125,
2017-06-03,,,,,2515.35009765625,
2017-06-04,,,,,2511.81005859375,
2017-06-05,210.50628662109375,69.1613540649414,95.66336822509766,121.7300033569336,2686.81005859375,
2017-06-06,209.83335876464844,69.18594360351562,96.18444061279297,123.0999984741211,2863.199951171875,
2017-06-07,210.2215576171875,69.1613540649414,95.72467803955078,122.44999694824219,2732.159912109375,
2017-06-08,210.32510375976562,69.14505004882812,95.47181701660156,121.6500015258789,2805.6201171875,
2017-06-09,210.00592041015625,69.12049865722656,95.32620239257812,120.54000091552734,2823.81005859375,
2017-06-10,,,,,2947.7099609375,
2017-06-11,,,,,2958.110107421875,
2017-06-12,209.96273803710938,69.11231231689453,95.29554748535156,120.36000061035156,2659.6298828125,
2017-06-13,210.98944091796875,69.11231231689453,95.31088256835938,120.4800033569336,2717.02001953125,
2017-06-14,210.72195434570312,69.14505004882812,96.78217315673828,119.81999969482422,2506.3701171875,
2017-06-15,210.31651306152344,69.12049865722656,96.62891387939453,119.31999969482422,2464.580078125,
2017-06-16,210.3624725341797,69.1532211303711,96.82049560546875,119.33999633789062,2518.56005859375,
2017-06-17,,,,,2655.8798828125,
2017-06-18,,,,,2548.2900390625,
2017-06-19,212.11370849609375,69.11231231689453,96.68252563476562,118.43000030517578,2589.60009765625,
2017-06-20,210.6832733154297,69.12049865722656,97.54844665527344,118.18000030517578,2721.7900390625,
2017-06-21,210.63121032714844,69.12864685058594,97.74767303466797,118.5199966430664,2689.10009765625,
2017-06-22,210.53579711914062,69.13683319091797,97.96221160888672,118.91999816894531,2705.409912109375,
2017-06-23,210.78726196289062,69.17776489257812,97.91626739501953,119.43000030517578,2744.909912109375,
2017-06-24,,,,,2608.719970703125,
2017-06-25,,,,,2589.409912109375,
2017-06-26,210.92596435546875,69.17776489257812,98.28409576416016,118.36000061035156,2478.449951171875,
2017-06-27,209.2267303466797,69.13683319091797,97.2342529296875,118.80999755859375,2552.449951171875,
2017-06-28,211.099365234375,69.16959381103516,96.91242980957031,118.9000015258789,2574.7900390625,
2017-06-29,209.2440643310547,69.12864685058594,96.10018157958984,118.31999969482422,2539.320068359375,
2017-06-30,209.63417053222656,69.12864685058594,95.87796783447266,118.0199966430664,2480.840087890625,
2017-07-01,,,,,2434.550048828125,
2017-07-02,,,,,2506.469970703125,
2017-07-03,209.9896240234375,69.07711029052734,95.56922149658203,116.08999633789062,2564.06005859375,
2017-07-04,,,,,2601.639892578125,
2017-07-05,210.47515869140625,69.10163116455078,95.59228515625,116.5199966430664,2601.989990234375,
2017-07-06,208.5504608154297,69.11803436279297,94.80144500732422,116.47000122070312,2608.56005859375,
2017-07-07,209.90292358398438,69.1098403930664,94.23313903808594,115.27999877929688,2518.659912109375,
2017-07-08,,,,,2571.340087890625,
2017-07-09,,,,,2518.43994140625,
2017-07-10,210.12832641601562,69.1426010131836,94.37140655517578,115.47000122070312,2372.56005859375,
2017-07-11,209.9723358154297,69.1671371459961,94.53265380859375,115.62000274658203,2337.7900390625,
2017-07-12,211.55020141601562,69.19990539550781,95.18529510498047,116.02999877929688,2398.840087890625,
2017-07-13,211.90565490722656,69.1671371459961,94.58637237548828,115.81999969482422,2357.89990234375,
2017-07-14,212.89402770996094,69.19990539550781,94.70157623291016,116.7699966430664,2233.340087890625,
2017-07-15,,,,,1998.8599853515625,
2017-07-16,,,,,1929.8199462890625,
2017-07-17,212.8679656982422,69.20808410644531,94.9626693725586,117.29000091552734,2228.409912109375,
2017-07-18,212.980712890625,69.2244873046875,95.79190826416016,118.11000061035156,2318.8798828125,
2017-07-19,214.1337890625,69.2244873046875,95.830322265625,118.08000183105469,2273.429931640625,
2017-07-20,214.22914123535156,69.2244873046875,96.10678100585938,118.23999786376953,2817.60009765625,
2017-07-21,214.03843688964844,69.25721740722656,96.51374816894531,119.26000213623047,2667.760009765625,
2017-07-22,,,,,2810.1201171875,
2017-07-23,,,,,2730.39990234375,
2017-07-24,213.9864044189453,69.2326431274414,96.13745880126953,119.30999755859375,2754.860107421875,
2017-07-25,214.50656127929688,69.19170379638672,94.88584899902344,118.91999816894531,2576.47998046875,
2017-07-26,214.5151824951172,69.24082946777344,95.0394515991211,119.87999725341797,2529.449951171875,
2017-07-27,214.31581115722656,69.2244873046875,94.57106018066406,119.79000091552734,2671.780029296875,
2017-07-28,214.06442260742188,69.26541900634766,95.13160705566406,120.69000244140625,2809.010009765625,
2017-07-29,,,,,2726.449951171875,
2017-07-30,,,,,2757.179931640625,
2017-07-31,213.9430389404297,69.25721740722656,95.24674987792969,120.75,2875.340087890625,
2017-08-01,214.4198760986328,69.28263092041016,95.91546630859375,120.6500015258789,2718.260009765625,
2017-08-02,214.52394104003906,69.2498550415039,95.96932983398438,120.4000015258789,2710.669921875,
2017-08-03,214.10777282714844,69.27442932128906,96.96202850341797,120.58999633789062,2804.72998046875,
2017-08-04,214.49795532226562,69.2498550415039,96.13862609863281,119.6500015258789,2895.889892578125,
2017-08-05,,,,,3252.909912109375,
2017-08-06,,,,,3213.93994140625,
2017-08-07,214.896728515625,69.27442932128906,96.24642181396484,119.51000213623047,3378.93994140625,
2017-08-08,214.3678436279297,69.27442932128906,95.90008544921875,119.86000061035156,3419.93994140625,
2017-08-09,214.35916137695312,69.26620483398438,96.42338562011719,121.30999755859375,3342.469970703125,
2017-08-10,211.33338928222656,69.29084014892578,97.24681091308594,122.20999908447266,3381.280029296875,
2017-08-11,211.64553833007812,69.38098907470703,97.29297637939453,122.79000091552734,3650.6201171875,
2017-08-12,,,,,3884.7099609375,
2017-08-13,,,,,4073.260009765625,
2017-08-14,213.74366760253906,69.32363891601562,96.79276275634766,121.91999816894531,4325.1298828125,
2017-08-15,213.7176055908203,69.29084014892578,96.38490295410156,120.9800033569336,4181.93017578125,
2017-08-16,214.0903778076172,69.33182525634766,96.73887634277344,121.87000274658203,4376.6298828125,
2017-08-17,210.7525634765625,69.34818267822266,97.4623031616211,122.48999786376953,4331.68994140625,
2017-08-18,210.42315673828125,69.34004211425781,97.43917846679688,122.30000305175781,4160.6201171875,
2017-08-19,,,,,4193.7001953125,
2017-08-20,,,,,4087.659912109375,
2017-08-21,210.58786010742188,69.35638427734375,97.67772674560547,122.76000213623047,4001.739990234375,
2017-08-22,212.78994750976562,69.34818267822266,97.30068969726562,122.20999908447266,4100.52001953125,
2017-08-23,212.0270233154297,69.41376495361328,97.96245574951172,122.66999816894531,4151.52001953125,
2017-08-24,211.53285217285156,69.34818267822266,97.60074615478516,122.29000091552734,4334.68017578125,
2017-08-25,212.0270233154297,69.37276458740234,97.97787475585938,122.73999786376953,4371.60009765625,
2017-08-26,,,,,4352.39990234375,
2017-08-27,,,,,4382.8798828125,
2017-08-28,212.03570556640625,69.34818267822266,97.91629028320312,124.69000244140625,4382.66015625,
2017-08-29,212.2784423828125,69.38098907470703,98.23179626464844,124.41999816894531,4579.02001953125,
2017-08-30,213.28414916992188,69.39734649658203,98.2010269165039,124.36000061035156,4565.2998046875,
2017-08-31,214.56723022460938,69.39734649658203,98.49346160888672,125.81999969482422,4703.39013671875,
2017-09-01,214.87069702148438,69.3825912475586,97.74002838134766,126.05999755859375,4892.009765625,
2017-09-02,,,,,4578.77001953125,
2017-09-03,,,,,4582.9599609375,
2017-09-04,,,,,4236.31005859375,
2017-09-05,213.3274688720703,69.44821166992188,99.2900161743164,127.45999908447266,4376.52978515625,
2017-09-06,214.0557403564453,69.44001770019531,98.68085479736328,126.80999755859375,4597.1201171875,
2017-09-07,214.0297088623047,69.48101806640625,99.69098663330078,128.1300048828125,4599.8798828125,
2017-09-08,213.77830505371094,69.46463775634766,99.47505187988281,127.97000122070312,4228.75,
2017-09-09,,,,,4226.06005859375,
2017-09-10,,,,,4122.93994140625,
2017-09-11,216.0584716796875,69.39900970458984,98.28753662109375,126.19000244140625,4161.27001953125,
2017-09-12,216.78671264648438,69.3661880493164,97.77090454101562,126.55999755859375,4130.81005859375,
2017-09-13,216.89076232910156,69.34976196289062,97.38532257080078,125.61000061035156,3882.590087890625,
2017-09-14,216.82139587402344,69.35800170898438,97.7863540649414,126.16000366210938,3154.949951171875,
2017-09-15,217.11326599121094,69.34976196289062,97.82488250732422,125.52999877929688,3637.52001953125,
2017-09-16,,,,,3625.0400390625,
2017-09-17,,,,,3582.8798828125,
2017-09-18,217.5750274658203,69.30876159667969,97.26197052001953,124.36000061035156,4065.199951171875,
2017-09-19,217.79286193847656,69.31697845458984,97.02290344238281,124.62000274658203,3924.969970703125,
2017-09-20,217.87130737304688,69.25952911376953,97.09236145019531,123.62000274658203,3905.949951171875,
2017-09-21,217.2875213623047,69.24313354492188,97.03834533691406,122.68000030517578,3631.0400390625,
2017-09-22,217.33106994628906,69.25952911376953,97.31592559814453,123.23999786376953,3630.699951171875,
2017-09-23,,,,,3792.39990234375,
2017-09-24,,,,,3682.840087890625,
2017-09-25,216.88673400878906,69.30056762695312,97.92514038085938,124.52999877929688,3926.070068359375,
2017-09-26,217.01748657226562,69.28416442871094,97.74773406982422,123.13999938964844,3892.35009765625,
2017-09-27,217.86256408691406,69.27593994140625,96.27490997314453,121.9800033569336,4200.669921875,
2017-09-28,218.12396240234375,69.28416442871094,95.98960876464844,122.20999908447266,4174.72998046875,
2017-09-29,218.89068603515625,69.2677230834961,96.20549774169922,121.58000183105469,4163.06982421875,
2017-09-30,,,,,4338.7099609375,
2017-10-01,,,,,4403.740234375,
2017-10-02,219.84036254882812,69.3194808959961,96.02934265136719,120.7699966430664,4409.31982421875,
2017-10-03,220.3108367919922,69.2784423828125,96.1220932006836,120.83000183105469,4317.47998046875,
2017-10-04,220.5723114013672,69.4098129272461,96.12979888916016,121.16999816894531,4229.35986328125,
2017-10-05,221.87913513183594,69.261962890625,95.7666244506836,120.5199966430664,4328.41015625,
2017-10-06,221.62649536132812,69.23743438720703,95.49618530273438,121.08999633789062,4370.81005859375,
2017-10-07,,,,,4426.89013671875,
2017-10-08,,,,,4610.47998046875,
2017-10-09,221.2605743408203,69.23743438720703,95.79753875732422,122.08000183105469,4772.02001953125,
2017-10-10,221.84429931640625,69.25376892089844,95.95207977294922,122.4000015258789,4781.990234375,
2017-10-11,222.1927947998047,69.24560546875,96.13751983642578,122.79000091552734,4826.47998046875,
2017-10-12,221.86172485351562,69.23743438720703,96.54704284667969,122.88999938964844,5446.91015625,
2017-10-13,222.13185119628906,69.2784423828125,97.24246215820312,123.81999969482422,5647.2099609375,
2017-10-14,,,,,5831.7900390625,
2017-10-15,,,,,5678.18994140625,
2017-10-16,222.4280242919922,69.21273803710938,97.17291259765625,122.97000122070312,5725.58984375,
2017-10-17,222.58494567871094,69.22096252441406,97.29656219482422,122.12999725341797,5605.509765625,
2017-10-18,222.8027801513672,69.19631958007812,96.65519714355469,121.66999816894531,5590.68994140625,
2017-10-19,222.86366271972656,69.23743438720703,96.82524871826172,122.38999938964844,5708.52001953125,
2017-10-20,224.01377868652344,69.19631958007812,95.79753875732422,121.61000061035156,6011.4501953125,
2017-10-21,,,,,6031.60009765625,
2017-10-22,,,,,6008.419921875,
2017-10-23,223.1424560546875,69.19631958007812,95.96752166748047,121.80000305175781,5930.31982421875,
2017-10-24,223.5345916748047,69.17993927001953,95.37257385253906,121.33000183105469,5526.64013671875,
2017-10-25,222.4280242919922,69.16348266601562,94.91668701171875,121.3499984741211,5750.7998046875,
2017-10-26,222.715576171875,69.16348266601562,94.5998764038086,120.33000183105469,5904.830078125,
2017-10-27,224.53659057617188,69.21273803710938,95.22577667236328,120.9000015258789,5780.89990234375,
2017-10-28,,,,,5753.08984375,
2017-10-29,,,,,6153.85009765625,
2017-10-30,223.70013427734375,69.24560546875,96.13751983642578,121.12999725341797,6130.52978515625,
2017-10-31,224.04867553710938,69.20455169677734,96.16842651367188,120.66999816894531,6468.39990234375,
2017-11-01,224.34486389160156,69.19469451904297,96.59662628173828,121.11000061035156,6767.31005859375,
2017-11-02,224.43202209472656,69.21110534667969,97.02252960205078,121.19000244140625,7078.5,
2017-11-03,225.1813201904297,69.17005157470703,97.28577423095703,120.62000274658203,7207.759765625,
2017-11-04,,,,,7379.9501953125,
2017-11-05,,,,,7407.41015625,
2017-11-06,225.5298309326172,69.21110534667969,97.64972686767578,121.6500015258789,7022.759765625,
2017-11-07,225.37298583984375,69.17823028564453,98.06011962890625,121.20999908447266,7144.3798828125,
2017-11-08,225.7563018798828,69.17005157470703,97.84329223632812,121.62999725341797,7459.68994140625,
2017-11-09,224.93739318847656,69.16179656982422,97.56452941894531,122.12999725341797,7143.580078125,
2017-11-10,224.86764526367188,69.13716888427734,96.09331512451172,121.12999725341797,6618.14013671875,
2017-11-11,,,,,6357.60009765625,
2017-11-12,,,,,5950.06982421875,
2017-11-13,225.07676696777344,69.12893676757812,96.29464721679688,121.30999755859375,6559.490234375,
2017-11-14,224.55398559570312,69.14537048339844,96.94506072998047,121.55999755859375,6635.75,
2017-11-15,223.4300079345703,69.12076568603516,97.99813842773438,121.41000366210938,7315.5400390625,
2017-11-16,225.329345703125,69.12893676757812,97.1463623046875,121.4000015258789,7871.68994140625,
2017-11-17,224.66717529296875,69.08784484863281,97.86652374267578,122.86000061035156,7708.990234375,
2017-11-18,,,,,7790.14990234375,
2017-11-19,,,,,8036.490234375,
2017-11-20,225.0505828857422,69.063232421875,97.82781219482422,121.30999755859375,8200.6396484375,
2017-11-21,226.52305603027344,69.04678344726562,98.13753509521484,121.51000213623047,8071.259765625,
2017-11-22,226.3227081298828,69.10431671142578,98.4549331665039,122.62999725341797,8253.5498046875,
2017-11-23,,,,,8038.77001953125,
2017-11-24,226.84544372558594,69.10431671142578,98.18397521972656,122.31999969482422,8253.6904296875,
2017-11-25,,,,,8790.919921875,
2017-11-26,,,,,9330.5498046875,
2017-11-27,226.73220825195312,69.10431671142578,98.04461669921875,122.83000183105469,9818.349609375,
2017-11-28,229.0323486328125,69.1125259399414,98.17623901367188,122.80999755859375,10058.7998046875,
2017-11-29,228.89291381835938,69.09607696533203,97.20841979980469,122.04000091552734,9888.6103515625,
2017-11-30,230.89678955078125,69.05496978759766,96.88316345214844,121.0999984741211,10233.599609375,
2017-12-01,230.41761779785156,69.07059478759766,98.1905288696289,121.58999633789062,10975.599609375,
2017-12-02,,,,,11074.599609375,
2017-12-03,,,,,11323.2001953125,
2017-12-04,230.13885498046875,69.02950286865234,98.23706817626953,121.18000030517578,11657.2001953125,
2017-12-05,229.3111572265625,69.0212631225586,98.7259292602539,120.31999969482422,11916.7001953125,
2017-12-06,229.3546142578125,69.05416107177734,99.06731414794922,120.06999969482422,14291.5,
2017-12-07,230.07781982421875,69.0623779296875,98.2913818359375,118.48999786376953,17899.69921875,
2017-12-08,231.33250427246094,69.0623779296875,98.29913330078125,118.4800033569336,16569.400390625,
2017-12-09,,,,,15178.2001953125,
2017-12-10,,,,,15455.400390625,
2017-12-11,232.02952575683594,69.02950286865234,98.09738159179688,118.01000213623047,16936.80078125,
2017-12-12,232.4390106201172,69.02950286865234,98.0586166381836,118.1500015258789,17415.400390625,
2017-12-13,232.4128875732422,69.10350036621094,98.79572296142578,119.16999816894531,16408.19921875,
2017-12-14,231.4632568359375,69.07887268066406,99.21472930908203,118.93000030517578,16564.0,
2017-12-15,233.3906707763672,69.04594421386719,99.58716583251953,119.18000030517578,17706.900390625,
2017-12-16,,,,,19497.400390625,
2017-12-17,,,,,19140.80078125,
2017-12-18,234.8706512451172,69.04594421386719,98.67933654785156,119.7300033569336,19114.19921875,
2017-12-19,233.9687042236328,69.0130386352539,97.39907836914062,119.81999969482422,17776.69921875,
2017-12-20,233.84608459472656,69.0212631225586,96.32061767578125,120.13999938964844,16624.599609375,
2017-12-21,234.32763671875,69.016357421875,96.88201141357422,120.30999755859375,15802.900390625,
2017-12-22,234.26641845703125,68.99166107177734,97.01417541503906,120.94000244140625,13831.7998046875,
2017-12-23,,,,,14699.2001953125,
2017-12-24,,,,,13925.7998046875,
2017-12-25,,,,,14026.599609375,
2017-12-26,233.98619079589844,68.98341369628906,97.30184936523438,121.7699966430664,16099.7998046875,
2017-12-27,234.09999084472656,69.016357421875,98.56929016113281,122.2300033569336,15838.5,
2017-12-28,234.5816650390625,69.02455139160156,98.48373413085938,122.8499984741211,14606.5,
2017-12-29,233.69725036621094,69.04104614257812,98.63921356201172,123.6500015258789,14656.2001953125,
2017-12-30,,,,,12952.2001953125,
2017-12-31,,,,,14156.400390625,
2018-01-01,,,,,13657.2001953125,
2018-01-02,235.3698272705078,69.016357421875,97.57400512695312,125.1500015258789,14982.099609375,
2018-01-03,236.85861206054688,69.016357421875,98.04051208496094,124.81999969482422,15201.0,
2018-01-04,237.8568572998047,68.98341369628906,98.02497100830078,125.45999908447266,15599.2001953125,
2018-01-05,239.4419403076172,68.98341369628906,97.74506378173828,125.33000183105469,17429.5,
2018-01-06,,,,,17527.0,
2018-01-07,,,,,16477.599609375,
2018-01-08,239.8798370361328,68.98341369628906,97.68289184570312,125.30999755859375,15170.099609375,
2018-01-09,240.42282104492188,68.95869445800781,96.3766098022461,124.7300033569336,14595.400390625,
2018-01-10,240.05496215820312,68.98341369628906,96.25992584228516,125.02999877929688,14973.2998046875,
2018-01-11,241.8064727783203,68.95869445800781,96.65646362304688,125.44000244140625,13405.7998046875,
2018-01-12,243.3827667236328,68.95044708251953,96.8198013305664,126.95999908447266,13980.599609375,
2018-01-13,,,,,14360.2001953125,
2018-01-14,,,,,13772.0,
2018-01-15,,,,,13819.7998046875,
2018-01-16,242.55084228515625,68.94224548339844,97.22412872314453,127.16999816894531,11490.5,
2018-01-17,244.86268615722656,68.91751098632812,97.09197235107422,126.13999938964844,11188.599609375,
2018-01-18,244.4511260986328,68.90106201171875,96.18995666503906,125.86000061035156,11474.900390625,
2018-01-19,245.5633544921875,68.92572784423828,95.68455505371094,126.41999816894531,11607.400390625,
2018-01-20,,,,,12899.2001953125,
2018-01-21,,,,,11600.099609375,
2018-01-22,247.56002807617188,68.892822265625,95.77789306640625,126.6500015258789,10931.400390625,
2018-01-23,248.08543395996094,68.93399047851562,96.18995666503906,127.27999877929688,10868.400390625,
2018-01-24,247.98910522460938,68.91751098632812,95.66902160644531,128.8300018310547,11359.400390625,
2018-01-25,248.0941619873047,68.90106201171875,96.4543228149414,127.97000122070312,11259.400390625,
2018-01-26,250.9665069580078,68.85984802246094,96.09669494628906,128.07000732421875,11171.400390625,
2018-01-27,,,,,11440.7001953125,
2018-01-28,,,,,11786.2998046875,
2018-01-29,249.3026580810547,68.83521270751953,95.4280014038086,127.3499984741211,11296.400390625,
2018-01-30,246.74549865722656,68.84343719482422,94.86817169189453,126.80000305175781,10106.2998046875,
2018-01-31,246.86814880371094,68.84343719482422,95.4280014038086,127.6500015258789,10221.099609375,
2018-02-01,246.58782958984375,68.8154067993164,94.04499816894531,128.07000732421875,9170.5400390625,
2018-02-02,241.21978759765625,68.8236312866211,93.17233276367188,126.38999938964844,8830.75,
2018-02-03,,,,,9174.91015625,
2018-02-04,,,,,8277.009765625,
2018-02-05,231.13124084472656,68.94725036621094,94.05274963378906,126.70999908447266,6955.27001953125,
2018-02-06,235.6851348876953,68.89783477783203,93.4684066772461,125.37999725341797,7754.0,
2018-02-07,234.4065399169922,68.848388671875,92.58018493652344,124.79000091552734,7621.2998046875,
2018-02-08,225.61422729492188,68.85660552978516,92.47886657714844,124.9800033569336,8265.58984375,
2018-02-09,229.0032958984375,68.91433715820312,91.89447784423828,124.7699966430664,8736.98046875,
2018-02-10,,,,,8621.900390625,
2018-02-11,,,,,8129.97021484375,
2018-02-12,232.3660888671875,68.88134002685547,92.29963684082031,125.37000274658203,8926.5703125,
2018-02-13,232.94406127929688,68.88134002685547,92.71260833740234,126.08000183105469,8598.3095703125,
2018-02-14,236.087890625,68.78241729736328,91.6841049194336,128.22999572753906,9494.6298828125,
2018-02-15,239.10040283203125,68.7577133178711,91.9957504272461,128.3800048828125,10166.400390625,
2018-02-16,239.17050170898438,68.77421569824219,92.49443054199219,127.95999908447266,10233.900390625,
2018-02-17,,,,,11112.7001953125,
2018-02-18,,,,,10551.7998046875,
2018-02-19,,,,,11225.2998046875,
2018-02-20,237.67295837402344,68.76596069335938,92.08927917480469,126.23999786376953,11403.7001953125,
2018-02-21,236.4907684326172,68.77421569824219,90.95947265625,125.66000366210938,10690.400390625,
2018-02-22,236.79725646972656,68.78241729736328,91.23217010498047,126.30000305175781,10005.0,
2018-02-23,240.5717010498047,68.79891967773438,92.04253387451172,126.13999938964844,10301.099609375,
2018-02-24,,,,,9813.0703125,
2018-02-25,,,,,9664.73046875,
2018-02-26,243.36520385742188,68.80716705322266,92.07362365722656,126.44999694824219,10366.7001953125,
2018-02-27,240.3264617919922,68.7577133178711,91.94123840332031,125.12999725341797,10725.599609375,
2018-02-28,237.8919219970703,68.77421569824219,92.52556610107422,125.0,10397.900390625,
2018-03-01,234.4328155517578,68.8698959350586,93.15723419189453,124.72000122070312,10951.0,
2018-03-02,235.64134216308594,68.8369140625,92.39991760253906,125.38999938964844,11086.400390625,
2018-03-03,,,,,11489.7001953125,
2018-03-04,,,,,11512.599609375,
2018-03-05,238.36480712890625,68.8369140625,92.15005493164062,125.18000030517578,11573.2998046875,
2018-03-06,238.96905517578125,68.82038879394531,92.23594665527344,126.52999877929688,10779.900390625,
2018-03-07,238.88150024414062,68.82038879394531,92.13443756103516,125.72000122070312,9965.5703125,
2018-03-08,240.0375213623047,68.8369140625,92.66535949707031,125.41999816894531,9395.009765625,
2018-03-09,244.21466064453125,68.80389404296875,92.05638122558594,125.54000091552734,9337.5498046875,
2018-03-10,,,,,8866.0,
2018-03-11,,,,,9578.6298828125,
2018-03-12,243.90818786621094,68.8369140625,92.5873031616211,125.54000091552734,9205.1201171875,
2018-03-13,242.3318634033203,68.85337829589844,93.05571746826172,125.77999877929688,9194.849609375,
2018-03-14,241.08837890625,68.84518432617188,93.87551879882812,125.69999694824219,8269.8095703125,
2018-03-15,240.8256072998047,68.85337829589844,93.87551879882812,124.9000015258789,8300.8603515625,
2018-03-16,241.0867462158203,68.82038879394531,93.5397720336914,124.5999984741211,8338.349609375,
2018-03-17,,,,,7916.8798828125,
2018-03-18,,,,,8223.6796875,
2018-03-19,237.82481384277344,68.82038879394531,93.24308013916016,124.87000274658203,8630.650390625,
2018-03-20,238.22926330566406,68.79562377929688,92.86834716796875,124.30999755859375,8913.4697265625,
2018-03-21,237.77203369140625,68.84518432617188,92.96984100341797,126.4800033569336,8929.2802734375,
2018-03-22,231.82843017578125,68.87816619873047,93.89104461669922,125.9800033569336,8728.4697265625,
2018-03-23,226.8870391845703,68.89466094970703,93.82080078125,127.61000061035156,8879.6201171875,
2018-03-24,,,,,8668.1201171875,
2018-03-25,,,,,8495.7802734375,
2018-03-26,233.094482421875,68.8616943359375,93.46170806884766,128.27999877929688,8209.400390625,
2018-03-27,229.1291046142578,68.91114807128906,94.4610366821289,127.48999786376953,7833.0400390625,
2018-03-28,228.45211791992188,68.91943359375,94.71088409423828,125.7300033569336,7954.47998046875,
2018-03-29,231.37120056152344,68.94414520263672,95.1715087890625,125.79000091552734,7165.7001953125,
2018-03-30,,,,,6890.52001953125,
2018-03-31,,,,,6973.52978515625,
2018-04-01,,,,,6844.22998046875,
2018-04-02,226.3771209716797,68.9639892578125,95.35929107666016,127.26000213623047,7083.7998046875,
2018-04-03,229.27859497070312,68.93093872070312,94.62382507324219,126.30000305175781,7456.10986328125,
2018-04-04,231.73170471191406,68.88965606689453,94.42825317382812,126.44999694824219,6853.83984375,
2018-04-05,233.56051635742188,68.90614318847656,93.72409057617188,125.80000305175781,6811.47021484375,
2018-04-06,228.3554229736328,68.9639892578125,94.74901580810547,126.38999938964844,6636.31982421875,
2018-04-07,,,,,6911.08984375,
2018-04-08,,,,,7023.52001953125,
2018-04-09,229.4807891845703,68.95571899414062,94.90550231933594,126.81999969482422,6770.72998046875,
2018-04-10,233.1296844482422,68.92268371582031,94.73333740234375,127.12000274658203,6834.759765625,
2018-04-11,231.90753173828125,68.92268371582031,95.06980895996094,128.11000061035156,6968.31982421875,
2018-04-12,233.81544494628906,68.88141632080078,94.3734359741211,126.62000274658203,7889.25,
2018-04-13,233.1296844482422,68.86486053466797,94.59252166748047,127.44999694824219,7895.9599609375,
2018-04-14,,,,,7986.240234375,
2018-04-15,,,,,8329.1103515625,
2018-04-16,235.04638671875,68.85658264160156,94.62382507324219,127.62999725341797,8058.669921875,
2018-04-17,237.5609893798828,68.85658264160156,94.88200378417969,127.75,7902.08984375,
2018-04-18,237.73692321777344,68.79878997802734,94.12311553955078,127.8499984741211,8163.419921875,
2018-04-19,236.41802978515625,68.79878997802734,93.35633087158203,127.5999984741211,8294.3095703125,
2018-04-20,234.413330078125,68.77400207519531,92.6834716796875,126.62999725341797,8845.830078125,
2018-04-21,,,,,8895.580078125,
2018-04-22,,,,,8802.4599609375,
2018-04-23,234.3781280517578,68.76570892333984,92.7069320678711,125.62000274658203,8930.8798828125,
2018-04-24,231.2217254638672,68.78221130371094,92.28443145751953,126.2300033569336,9697.5,
2018-04-25,231.79319763183594,68.77400207519531,91.66633605957031,125.41000366210938,8845.740234375,
2018-04-26,234.1495819091797,68.79051971435547,92.30792999267578,124.97000122070312,9281.509765625,
2018-04-27,234.36941528320312,68.80703735351562,93.01995086669922,125.5,8987.0498046875,
2018-04-28,,,,,9348.48046875,
2018-04-29,,,,,9419.080078125,
2018-04-30,232.56695556640625,68.78221130371094,93.18421936035156,124.58999633789062,9240.5498046875,
2018-05-01,232.98023986816406,68.75165557861328,92.8486099243164,123.70999908447266,9119.009765625,
2018-05-02,231.41517639160156,68.77647399902344,92.74666595458984,123.6500015258789,9235.919921875,
2018-05-03,230.9051971435547,68.82611083984375,93.1622314453125,124.27999877929688,9743.8603515625,
2018-05-04,233.89454650878906,68.80127716064453,93.3033676147461,124.54000091552734,9700.759765625,
2018-05-05,,,,,9858.150390625,
2018-05-06,,,,,9654.7998046875,
2018-05-07,234.6859588623047,68.80127716064453,93.1543960571289,124.56999969482422,9373.009765625,
2018-05-08,234.6859588623047,68.80956268310547,93.06817626953125,124.58999633789062,9234.8203125,
2018-05-09,236.95433044433594,68.77647399902344,92.51142883300781,124.33000183105469,9325.1796875,
2018-05-10,239.17001342773438,68.77647399902344,93.2563705444336,125.18000030517578,9043.9404296875,
2018-05-11,239.89974975585938,68.77647399902344,93.49163055419922,125.0,8441.490234375,
2018-05-12,,,,,8504.8896484375,
2018-05-13,,,,,8723.9404296875,
2018-05-14,240.01406860351562,68.77647399902344,92.99760437011719,124.48999786376953,8716.7900390625,
2018-05-15,238.36114501953125,68.73511505126953,91.93901824951172,122.4800033569336,8510.3798828125,
2018-05-16,239.36343383789062,68.73511505126953,91.58609771728516,122.29000091552734,8368.830078125,
2018-05-17,239.16123962402344,68.75165557861328,91.12350463867188,122.36000061035156,8094.31982421875,
2018-05-18,238.56329345703125,68.7847671508789,91.90765380859375,122.41000366210938,8250.9697265625,
2018-05-19,,,,,8247.1796875,
2018-05-20,,,,,8513.25,
2018-05-21,240.3569793701172,68.7847671508789,91.95468139648438,122.4800033569336,8418.990234375,
2018-05-22,239.6887664794922,68.7847671508789,91.81350708007812,122.41000366210938,8041.77978515625,
2018-05-23,240.34814453125,68.84264373779297,92.48004913330078,122.54000091552734,7557.81982421875,
2018-05-24,239.85580444335938,68.88395690917969,93.21713256835938,123.58999633789062,7587.33984375,
2018-05-25,239.28428649902344,68.9418716430664,93.79742431640625,123.20999908447266,7480.14013671875,
2018-05-26,,,,,7355.8798828125,
2018-05-27,,,,,7368.22021484375,
2018-05-28,,,,,7135.990234375,
2018-05-29,236.53224182128906,69.14036560058594,95.85177612304688,123.19000244140625,7472.58984375,
2018-05-30,239.6887664794922,69.05765533447266,95.20878601074219,123.37000274658203,7406.52001953125,
2018-05-31,238.2203826904297,69.02459716796875,95.05199432373047,123.0999984741211,7494.169921875,
2018-06-01,240.55923461914062,68.97160339355469,94.54979705810547,122.48999786376953,7541.4501953125,
2018-06-02,,,,,7643.4501953125,
2018-06-03,,,,,7720.25,
2018-06-04,241.7022247314453,68.9135971069336,93.86600494384766,122.37000274658203,7514.47021484375,
2018-06-05,241.87806701660156,68.95500183105469,94.08607482910156,122.8499984741211,7633.759765625,
2018-06-06,243.90036010742188,68.93013763427734,93.32366180419922,122.91999816894531,7653.97998046875,
2018-06-07,243.8739013671875,68.99642181396484,94.22754669189453,122.86000061035156,7678.240234375,
2018-06-08,244.59495544433594,68.9798355102539,93.94457244873047,123.01000213623047,7624.919921875,
2018-06-09,,,,,7531.97998046875,
2018-06-10,,,,,6786.02001953125,
2018-06-11,244.92018127441406,68.95500183105469,93.77168273925781,123.2300033569336,6906.919921875,
2018-06-12,245.23680114746094,68.92189025878906,93.79527282714844,122.81999969482422,6582.35986328125,
2018-06-13,244.45419311523438,68.88876342773438,93.7480697631836,123.19000244140625,6349.89990234375,
2018-06-14,245.0697021484375,68.9135971069336,94.52621459960938,123.37999725341797,6675.35009765625,
2018-06-15,244.75709533691406,68.94671630859375,94.61262512207031,121.33999633789062,6456.580078125,
2018-06-16,,,,,6550.16015625,
2018-06-17,,,,,6499.27001953125,
2018-06-18,244.25357055664062,68.96331787109375,94.52621459960938,121.11000061035156,6734.81982421875,
2018-06-19,243.31747436523438,68.98812103271484,95.07636260986328,120.80000305175781,6769.93994140625,
2018-06-20,243.7325439453125,68.95500183105469,94.24321746826172,120.26000213623047,6776.5498046875,
2018-06-21,242.20472717285156,68.99642181396484,94.73839569091797,120.05000305175781,6729.740234375,
2018-06-22,242.646240234375,69.00470733642578,94.73053741455078,120.33999633789062,6083.68994140625,
2018-06-23,,,,,6162.47998046875,
2018-06-24,,,,,6173.22998046875,
2018-06-25,239.34310913085938,69.0295639038086,94.94273376464844,119.88999938964844,6249.18017578125,
2018-06-26,239.8730010986328,69.0295639038086,95.07636260986328,119.26000213623047,6093.669921875,
2018-06-27,237.8858642578125,69.0709457397461,95.9723129272461,118.58000183105469,6157.1298828125,
2018-06-28,239.2459716796875,69.0709457397461,95.99594116210938,118.22000122070312,5903.43994140625,
2018-06-29,239.59042358398438,69.05438995361328,95.66581726074219,118.6500015258789,6218.2998046875,
2018-06-30,,,,,6404.0,
2018-07-01,,,,,6385.81982421875,
2018-07-02,240.10267639160156,69.04610443115234,95.59098052978516,117.45999908447266,6614.18017578125,
2018-07-03,239.2548370361328,69.07097625732422,96.1030044555664,118.6500015258789,6529.58984375,
2018-07-04,,,,,6597.5498046875,
2018-07-05,241.2066192626953,69.06267547607422,96.37871551513672,119.05000305175781,6639.14013671875,
2018-07-06,243.24679565429688,69.07928466796875,96.69381713867188,118.86000061035156,6673.5,
2018-07-07,,,,,6856.93017578125,
2018-07-08,,,,,6773.8798828125,
2018-07-09,245.43704223632812,69.03782653808594,96.07151794433594,119.1500015258789,6741.75,
2018-07-10,246.3203125,69.02952575683594,96.0636215209961,118.93000030517578,6329.9501953125,
2018-07-11,244.51861572265625,69.05440521240234,96.43384552001953,117.63999938964844,6394.7099609375,
2018-07-12,246.73533630371094,69.04610443115234,96.42599487304688,118.12999725341797,6228.81005859375,
2018-07-13,246.9297332763672,69.06267547607422,96.6701889038086,117.61000061035156,6238.0498046875,
2018-07-14,,,,,6276.1201171875,
2018-07-15,,,,,6359.64013671875,
2018-07-16,246.7088623046875,69.04610443115234,96.2684326171875,117.55000305175781,6741.75,
2018-07-17,247.7069549560547,69.03782653808594,96.08727264404297,116.27999877929688,7321.0400390625,
2018-07-18,248.2279815673828,69.02952575683594,95.70125579833984,116.30999755859375,7370.77978515625,
2018-07-19,247.29180908203125,69.06267547607422,96.30778503417969,115.80999755859375,7466.85986328125,
2018-07-20,247.0092315673828,69.06267547607422,95.12625122070312,116.55999755859375,7354.1298828125,
2018-07-21,,,,,7419.2900390625,
2018-07-22,,,,,7418.490234375,
2018-07-23,247.4684295654297,69.021240234375,93.95248413085938,116.0,7711.10986328125,
2018-07-24,248.71372985839844,69.02952575683594,94.2754898071289,116.04000091552734,8424.26953125,
2018-07-25,250.8333282470703,69.0046157836914,94.12581634521484,116.68000030517578,8181.39013671875,
2018-07-26,250.24168395996094,69.0046157836914,93.94463348388672,115.7699966430664,7951.580078125,
2018-07-27,248.54592895507812,69.0129623413086,94.10218811035156,115.83000183105469,8165.009765625,
2018-07-28,,,,,8192.150390625,
2018-07-29,,,,,8218.4599609375,
2018-07-30,247.24758911132812,69.0129623413086,93.77921295166016,115.6500015258789,8180.47998046875,
2018-07-31,248.46636962890625,69.0129623413086,94.29121398925781,115.98999786376953,7780.43994140625,
2018-08-01,248.05133056640625,69.01957702636719,93.5230712890625,115.13999938964844,7624.91015625,
2018-08-02,249.4026641845703,69.06108093261719,93.65724182128906,114.5199966430664,7567.14990234375,
2018-08-03,250.4712677001953,69.06947326660156,94.1230697631836,114.91999816894531,7434.39013671875,
2018-08-04,,,,,7032.85009765625,
2018-08-05,,,,,7068.47998046875,
2018-08-06,251.3896942138672,69.08604431152344,94.17835998535156,114.33000183105469,6951.7998046875,
2018-08-07,252.21998596191406,69.06108093261719,93.6888427734375,114.58999633789062,6753.1201171875,
2018-08-08,252.11395263671875,69.06947326660156,93.78363800048828,114.91000366210938,6305.7998046875,
2018-08-09,251.76950073242188,69.11100006103516,94.57305908203125,114.73999786376953,6568.22998046875,
2018-08-10,250.08267211914062,69.17742919921875,95.25995635986328,114.69000244140625,6184.7099609375,
2018-08-11,,,,,6295.72998046875,
2018-08-12,,,,,6322.68994140625,
2018-08-13,249.1464080810547,69.16083526611328,95.06258392333984,112.95999908447266,6297.56982421875,
2018-08-14,250.7362060546875,69.16083526611328,94.849365234375,113.06999969482422,6199.7099609375,
2018-08-15,248.8638153076172,69.19405364990234,95.40204620361328,111.19000244140625,6308.52001953125,
2018-08-16,250.8775634765625,69.17742919921875,95.39415740966797,111.0999984741211,6334.72998046875,
2018-08-17,251.76068115234375,69.2024154663086,95.51256561279297,112.12999725341797,6580.6298828125,
2018-08-18,,,,,6423.759765625,
2018-08-19,,,,,6506.06982421875,
2018-08-20,252.29945373535156,69.24394989013672,96.15204620361328,112.69000244140625,6308.52978515625,
2018-08-21,252.8911590576172,69.22734069824219,95.82836151123047,113.0199966430664,6488.759765625,
2018-08-22,252.74110412597656,69.24394989013672,96.20733642578125,113.2699966430664,6376.7099609375,
2018-08-23,252.4054718017578,69.23558807373047,96.35733795166016,112.19999694824219,6534.8798828125,
2018-08-24,253.92440795898438,69.24394989013672,96.54680633544922,114.16000366210938,6719.9599609375,
2018-08-25,,,,,6763.18994140625,
2018-08-26,,,,,6707.259765625,
2018-08-27,255.9293212890625,69.21898651123047,95.99419403076172,114.58999633789062,6884.64013671875,
2018-08-28,256.0530700683594,69.19405364990234,95.41785430908203,113.68000030517578,7096.27978515625,
2018-08-29,257.43084716796875,69.18574523925781,95.54414367675781,114.19999694824219,7047.16015625,
2018-08-30,256.3885192871094,69.23558807373047,95.74939727783203,113.63999938964844,6978.22998046875,
2018-08-31,256.39739990234375,69.2522964477539,95.52835845947266,113.51000213623047,7037.580078125,
2018-09-01,,,,,7193.25,
2018-09-02,,,,,7272.72021484375,
2018-09-03,,,,,7260.06005859375,
2018-09-04,255.95587158203125,69.23644256591797,94.97602844238281,112.93000030517578,7361.66015625,
2018-09-05,255.2670135498047,69.23644256591797,94.72285461425781,113.31999969482422,6792.830078125,
2018-09-06,254.49859619140625,69.26139068603516,95.07099151611328,113.54000091552734,6529.169921875,
2018-09-07,254.00396728515625,69.1865005493164,94.26390838623047,113.2300033569336,6467.06982421875,
2018-09-08,,,,,6225.97998046875,
2018-09-09,,,,,6300.85986328125,
2018-09-10,254.445556640625,69.19480895996094,94.61207580566406,113.1500015258789,6329.7001953125,
2018-09-11,255.28457641601562,69.15321350097656,93.89202880859375,113.22000122070312,6321.2001953125,
2018-09-12,255.34652709960938,69.15321350097656,94.11356353759766,114.16999816894531,6351.7998046875,
2018-09-13,256.8567199707031,69.1614990234375,94.25598907470703,113.76000213623047,6517.31005859375,
2018-09-14,256.90087890625,69.13655853271484,93.8049545288086,113.0199966430664,6512.7099609375,
2018-09-15,,,,,6543.2001953125,
2018-09-16,,,,,6517.18017578125,
2018-09-17,255.54066467285156,69.11991119384766,93.8049545288086,113.61000061035156,6281.2001953125,
2018-09-18,256.92730712890625,69.11161041259766,92.8237533569336,113.44000244140625,6371.2998046875,
2018-09-19,257.2010803222656,69.09493255615234,92.2698745727539,113.87999725341797,6398.5400390625,
2018-09-20,259.285400390625,69.11991119384766,92.69718170166016,114.2699966430664,6519.669921875,
2018-09-21,259.04852294921875,69.10326385498047,92.65766143798828,113.48999786376953,6734.9501953125,
2018-09-22,,,,,6721.97998046875,
2018-09-23,,,,,6710.6298828125,
2018-09-24,258.1878967285156,69.10326385498047,92.4202651977539,113.47000122070312,6595.41015625,
2018-09-25,257.94842529296875,69.11161041259766,92.3253173828125,113.6500015258789,6446.47021484375,
2018-09-26,257.176513671875,69.11991119384766,92.97413635253906,113.05000305175781,6495.0,
2018-09-27,257.8952331542969,69.11991119384766,93.0374755859375,112.05000305175781,6676.75,
2018-09-28,257.921875,69.15321350097656,92.79214477539062,112.76000213623047,6644.1298828125,
2018-09-29,,,,,6601.9599609375,
2018-09-30,,,,,6625.56005859375,
2018-10-01,258.81793212890625,69.13400268554688,92.11095428466797,112.56999969482422,6589.6201171875,
2018-10-02,258.6670227050781,69.15904998779297,92.67398071289062,113.87000274658203,6556.10009765625,
2018-10-03,258.8089599609375,69.12570190429688,91.0641098022461,113.41999816894531,6502.58984375,
2018-10-04,256.7861633300781,69.1089859008789,90.42180633544922,113.4800033569336,6576.68994140625,
2018-10-05,255.3490447998047,69.1007308959961,89.64459228515625,113.80000305175781,6622.47998046875,
2018-10-06,,,,,6588.31005859375,
2018-10-07,,,,,6602.9501953125,
2018-10-08,255.3490447998047,69.0840072631836,89.34326171875,112.54000091552734,6652.22998046875,
2018-10-09,254.9763946533203,69.1089859008789,90.24732208251953,112.5999984741211,6642.64013671875,
2018-10-10,246.90306091308594,69.12570190429688,90.00145721435547,112.87999725341797,6585.52978515625,
2018-10-11,241.46466064453125,69.15068817138672,91.0958251953125,115.77999877929688,6256.240234375,
2018-10-12,244.81809997558594,69.15068817138672,90.77863311767578,115.2300033569336,6274.580078125,
2018-10-13,,,,,6285.990234375,
2018-10-14,,,,,6290.93017578125,
2018-10-15,243.44300842285156,69.17573547363281,90.73894500732422,116.0,6596.5400390625,
2018-10-16,248.76614379882812,69.15068817138672,90.9451675415039,115.80000305175781,6596.10986328125,
2018-10-17,248.8104705810547,69.15068817138672,90.40592956542969,115.79000091552734,6544.43017578125,
2018-10-18,245.21742248535156,69.19237518310547,90.3741683959961,115.91999816894531,6476.7099609375,
2018-10-19,245.08432006835938,69.15068817138672,90.17594146728516,116.01000213623047,6465.41015625,
2018-10-20,,,,,6489.18994140625,
2018-10-21,,,,,6482.35009765625,
2018-10-22,243.98423767089844,69.13400268554688,90.05699920654297,115.70999908447266,6487.16015625,
2018-10-23,242.7421417236328,69.17573547363281,90.34245300292969,116.38999938964844,6475.740234375,
2018-10-24,235.38743591308594,69.28404998779297,91.02448272705078,116.66000366210938,6495.83984375,
2018-10-25,239.61036682128906,69.25906372070312,90.64380645751953,116.4000015258789,6476.2900390625,
2018-10-26,235.39630126953125,69.30074310302734,91.19102478027344,116.7699966430664,6474.75,
2018-10-27,,,,,6480.3798828125,
2018-10-28,,,,,6486.39013671875,
2018-10-29,234.09214782714844,69.32575988769531,90.98480987548828,116.30999755859375,6332.6298828125,
2018-10-30,237.5609893798828,69.29244995117188,90.53278350830078,115.80000305175781,6334.27001953125,
2018-10-31,240.09835815429688,69.25906372070312,90.07284545898438,115.1500015258789,6317.60986328125,
2018-11-01,242.65335083007812,69.2974624633789,90.15628051757812,116.62999725341797,6377.77978515625,
2018-11-02,241.21621704101562,69.2139663696289,89.0354232788086,116.6500015258789,6388.43994140625,
2018-11-03,,,,,6361.259765625,
2018-11-04,,,,,6376.1298828125,
2018-11-05,242.54696655273438,69.23902893066406,89.38520050048828,116.37000274658203,6419.66015625,
2018-11-06,244.0818634033203,69.22233581542969,89.3295669555664,116.04000091552734,6461.009765625,
2018-11-07,249.30735778808594,69.197265625,89.44881439208984,116.02999877929688,6530.14013671875,
2018-11-08,248.8548126220703,69.1889419555664,89.44084167480469,115.77999877929688,6453.72021484375,
2018-11-09,246.42396545410156,69.22233581542969,90.10861206054688,114.4800033569336,6385.6201171875,
2018-11-10,,,,,6409.22021484375,
2018-11-11,,,,,6411.27001953125,
2018-11-12,241.81947326660156,69.27242279052734,90.69688415527344,113.66000366210938,6371.27001953125,
2018-11-13,241.3670196533203,69.28079223632812,90.64125061035156,113.69999694824219,6359.490234375,
2018-11-14,239.71690368652344,69.33087158203125,90.69688415527344,114.63999938964844,5738.35009765625,
2018-11-15,242.2186737060547,69.36427307128906,90.65713500976562,114.7699966430664,5648.02978515625,
2018-11-16,242.8485870361328,69.41439819335938,91.18180084228516,115.62000274658203,5575.5498046875,
2018-11-17,,,,,5554.330078125,
2018-11-18,,,,,5623.5400390625,
2018-11-19,238.74090576171875,69.47285461425781,91.43618774414062,115.66999816894531,4871.490234375,
2018-11-20,234.32273864746094,69.45613861083984,91.46797943115234,115.66999816894531,4451.8701171875,
2018-11-21,235.12120056152344,69.45613861083984,91.43618774414062,115.86000061035156,4602.169921875,
2018-11-22,,,,,4365.93994140625,
2018-11-23,233.55091857910156,69.43946075439453,91.53160858154297,115.7699966430664,4347.10986328125,
2018-11-24,,,,,3880.760009765625,
2018-11-25,,,,,4009.969970703125,
2018-11-26,237.32142639160156,69.44779205322266,91.32491302490234,115.63999938964844,3779.1298828125,
2018-11-27,238.11990356445312,69.45613861083984,91.42822265625,114.94999694824219,3820.719970703125,
2018-11-28,243.6027069091797,69.4811782836914,90.98307037353516,115.37999725341797,4257.419921875,
2018-11-29,243.07046508789062,69.49789428710938,91.34080505371094,115.73999786376953,4278.8466796875,
2018-11-30,244.55197143554688,69.52294158935547,91.6826400756836,115.54000091552734,4017.2685546875,
2018-12-01,,,,,4214.671875,
2018-12-02,,,,,4139.8779296875,
2018-12-03,247.7901611328125,69.466064453125,92.33363342285156,116.41000366210938,3894.130859375,
2018-12-04,239.76119995117188,69.51625061035156,93.87944793701172,117.12000274658203,3956.893798828125,
2018-12-05,,,,,3753.994873046875,
2018-12-06,239.3974609375,69.58318328857422,94.17422485351562,117.13999938964844,3521.101806640625,
2018-12-07,233.83482360839844,69.65848541259766,94.34954833984375,118.08999633789062,3419.937255859375,
2018-12-08,,,,,3476.11474609375,
2018-12-09,,,,,3614.234375,
2018-12-10,234.27841186523438,69.65848541259766,94.73997497558594,117.68000030517578,3502.656005859375,
2018-12-11,234.33160400390625,69.59156799316406,94.72402954101562,117.54000091552734,3424.588134765625,
2018-12-12,235.5115966796875,69.58318328857422,94.30170440673828,117.79000091552734,3486.9501953125,
2018-12-13,235.4317169189453,69.65008544921875,94.07864379882812,117.52999877929688,3313.67724609375,
2018-12-14,231.08453369140625,69.69193267822266,94.40536499023438,117.05999755859375,3242.48486328125,
2018-12-15,,,,,3236.76171875,
2018-12-16,,,,,3252.839111328125,
2018-12-17,226.55105590820312,69.75890350341797,94.95507049560547,117.87000274658203,3545.86474609375,
2018-12-18,226.30262756347656,69.7999267578125,95.52377319335938,118.1500015258789,3696.05908203125,
2018-12-19,222.91358947753906,69.81669616699219,96.78570556640625,117.43000030517578,3745.95068359375,
2018-12-20,219.2850341796875,69.80831146240234,96.4343032836914,119.23999786376953,4134.44140625,
2018-12-21,214.7919464111328,69.85859680175781,96.4183349609375,118.72000122070312,3896.543701171875,
2018-12-22,,,,,4014.1826171875,
2018-12-23,,,,,3998.980224609375,
2018-12-24,209.11656188964844,69.91720581054688,96.89750671386719,120.0199966430664,4078.59912109375,
2018-12-25,,,,,3815.49072265625,
2018-12-26,219.68209838867188,69.85022735595703,95.85922241210938,119.66000366210938,3857.297607421875,
2018-12-27,221.3687286376953,69.925537109375,95.8752212524414,120.56999969482422,3654.83349609375,
2018-12-28,221.08311462402344,70.0261001586914,96.6818618774414,121.05999755859375,3923.918701171875,
2018-12-29,,,,,3820.40869140625,
2018-12-30,,,,,3865.95263671875,
2018-12-31,223.01956176757812,70.05125427246094,97.0492935180664,121.25,3742.700439453125,
2019-01-01,,,,,3843.52001953125,
2019-01-02,223.25160217285156,70.0595932006836,97.56043243408203,121.33000183105469,3943.409423828125,
2019-01-03,217.9241943359375,70.2020263671875,98.67066192626953,122.43000030517578,3836.7412109375,
2019-01-04,225.22369384765625,70.05125427246094,97.52849578857422,121.44000244140625,3857.717529296875,
2019-01-05,,,,,3845.194580078125,
2019-01-06,,,,,4076.632568359375,
2019-01-07,226.99952697753906,70.00100708007812,97.240966796875,121.86000061035156,4025.248291015625,
2019-01-08,229.1322784423828,69.9591064453125,96.98539733886719,121.52999877929688,4030.847900390625,
2019-01-09,230.20310974121094,69.99256896972656,96.83364868164062,122.30999755859375,4035.29638671875,
2019-01-10,231.01513671875,70.00100708007812,96.2106704711914,121.58999633789062,3678.924560546875,
2019-01-11,231.10438537597656,70.04288482666016,96.58602142333984,121.80000305175781,3687.365478515625,
2019-01-12,,,,,3661.301025390625,
2019-01-13,,,,,3552.953125,
2019-01-14,229.69442749023438,70.04288482666016,96.22663879394531,122.08999633789062,3706.05224609375,
2019-01-15,232.32693481445312,70.06802368164062,95.8752212524414,121.87999725341797,3630.67529296875,
2019-01-16,232.88914489746094,70.05125427246094,95.9710922241211,122.2699966430664,3655.0068359375,
2019-01-17,234.656005859375,70.04288482666016,95.9950180053711,122.11000061035156,3678.56396484375,
2019-01-18,237.7792510986328,69.98422241210938,95.49181365966797,121.0199966430664,3657.83935546875,
2019-01-19,,,,,3728.568359375,
2019-01-20,,,,,3601.013671875,
2019-01-21,,,,,3576.032470703125,
2019-01-22,234.5667266845703,70.04288482666016,96.13880157470703,121.44999694824219,3604.5771484375,
2019-01-23,235.05755615234375,70.0261001586914,96.09883880615234,121.27999877929688,3585.123046875,
2019-01-24,235.18246459960938,70.084716796875,96.72982025146484,121.08999633789062,3600.865478515625,
2019-01-25,237.17247009277344,70.03447723388672,96.26659393310547,122.86000061035156,3599.765869140625,
2019-01-26,,,,,3602.46044921875,
2019-01-27,,,,,3583.9658203125,
2019-01-28,235.36990356445312,70.04288482666016,96.17072296142578,123.29000091552734,3470.450439453125,
2019-01-29,235.05755615234375,70.0763931274414,96.65789794921875,123.9800033569336,3448.116943359375,
2019-01-30,238.77865600585938,70.16854095458984,96.58602142333984,124.69000244140625,3486.181640625,
2019-01-31,240.8757781982422,70.22718811035156,97.41667938232422,124.75,3457.792724609375,
2019-02-01,240.99180603027344,70.14493560791016,96.82830810546875,124.5,3487.9453125,
2019-02-02,,,,,3521.060791015625,
2019-02-03,,,,,3464.013427734375,
2019-02-04,242.68728637695312,70.14493560791016,96.39598846435547,123.95999908447266,3459.154052734375,
2019-02-05,243.70455932617188,70.14493560791016,96.8363265991211,124.27999877929688,3466.357421875,
2019-02-06,243.38327026367188,70.17850494384766,96.88435363769531,123.44000244140625,3413.767822265625,
2019-02-07,241.06324768066406,70.22882080078125,97.5247573852539,123.73999786376953,3399.4716796875,
2019-02-08,241.357666015625,70.25402069091797,97.94100952148438,124.20999908447266,3666.7802734375,
2019-02-09,,,,,3671.20361328125,
2019-02-10,,,,,3690.188232421875,
2019-02-11,241.49151611328125,70.22882080078125,97.5567398071289,123.5999984741211,3648.4306640625,
2019-02-12,244.59689331054688,70.22047424316406,97.30857849121094,123.86000061035156,3653.528564453125,
2019-02-13,245.39105224609375,70.17011260986328,96.94038391113281,123.37000274658203,3632.070556640625,
2019-02-14,244.84678649902344,70.26239776611328,97.49273681640625,124.05999755859375,3616.880859375,
2019-02-15,247.51490783691406,70.22882080078125,97.64481353759766,124.80000305175781,3620.810791015625,
2019-02-16,,,,,3629.78759765625,
2019-02-17,,,,,3673.836181640625,
2019-02-18,,,,,3915.71435546875,
2019-02-19,247.94326782226562,70.27915954589844,97.89297485351562,126.69999694824219,3947.094482421875,
2019-02-20,248.44300842285156,70.27078247070312,97.61280059814453,126.4800033569336,3999.820556640625,
2019-02-21,247.55960083007812,70.24565124511719,96.74027252197266,125.05000305175781,3954.1181640625,
2019-02-22,249.094482421875,70.29600524902344,97.31661224365234,125.5,4005.526611328125,
2019-02-23,,,,,4142.52685546875,
2019-02-24,,,,,3810.427490234375,
2019-02-25,249.43353271484375,70.28759002685547,97.02845001220703,125.37000274658203,3882.6962890625,
2019-02-26,249.2551727294922,70.3211441040039,97.50872802734375,125.58000183105469,3854.35791015625,
2019-02-27,249.14801025390625,70.30439758300781,96.4040756225586,124.69000244140625,3851.04736328125,
2019-02-28,248.6839141845703,70.28759002685547,96.07585144042969,123.98999786376953,3854.785400390625,
2019-03-01,250.23663330078125,70.24049377441406,95.18775177001953,121.87999725341797,3859.583740234375,
2019-03-02,,,,,3864.4150390625,
2019-03-03,,,,,3847.17578125,
2019-03-04,249.32638549804688,70.2573471069336,95.93384552001953,121.55999755859375,3761.55712890625,
2019-03-05,248.98731994628906,70.2657241821289,96.13441467285156,121.72000122070312,3896.375,
2019-03-06,247.47930908203125,70.31615447998047,96.48736572265625,121.61000061035156,3903.942626953125,
2019-03-07,245.4089813232422,70.37505340576172,97.1130599975586,121.51000213623047,3911.484375,
2019-03-08,244.91815185546875,70.40023803710938,97.52218627929688,122.83999633789062,3901.131591796875,
2019-03-09,,,,,3963.313720703125,
2019-03-10,,,,,3951.599853515625,
2019-03-11,248.46981811523438,70.38343811035156,97.23340606689453,122.23999786376953,3905.227294921875,
2019-03-12,249.40667724609375,70.40861511230469,97.9152603149414,122.9800033569336,3909.15625,
2019-03-13,251.05763244628906,70.4170913696289,97.73078155517578,123.83999633789062,3906.71728515625,
2019-03-14,250.89707946777344,70.43389892578125,97.02481842041016,122.41000366210938,3924.369140625,
2019-03-15,252.1365966796875,70.45909881591797,97.66658020019531,122.97000122070312,3960.9111328125,
2019-03-16,,,,,4048.725830078125,
2019-03-17,,,,,4025.22900390625,
2019-03-18,253.05076599121094,70.44229125976562,97.6104507446289,123.04000091552734,4032.50732421875,
2019-03-19,253.1134796142578,70.43389892578125,97.39385223388672,123.37999725341797,4071.190185546875,
2019-03-20,252.3516082763672,70.5347900390625,98.4126205444336,124.18000030517578,4087.476318359375,
2019-03-21,255.20188903808594,70.5347900390625,98.62921905517578,123.68000030517578,4029.326904296875,
2019-03-22,250.2902374267578,70.65250396728516,100.16141510009766,123.97000122070312,4023.96826171875,
2019-03-23,,,,,4035.826416015625,
2019-03-24,,,,,4022.168212890625,
2019-03-25,250.1019744873047,70.72818756103516,100.32183837890625,124.91999816894531,3963.070556640625,
2019-03-26,251.96630859375,70.7197494506836,100.24961853027344,124.30000305175781,3985.080810546875,
2019-03-27,250.64874267578125,70.77862548828125,101.17216491699219,123.6500015258789,4087.066162109375,
2019-03-28,251.59884643554688,70.77019500732422,101.52513885498047,121.9000015258789,4069.107177734375,
2019-03-29,253.18527221679688,70.72818756103516,101.42887115478516,122.01000213623047,4098.37451171875,
2019-03-30,,,,,4106.66015625,
2019-03-31,,,,,4105.404296875,
2019-04-01,256.1877746582031,70.65573120117188,99.98816680908203,121.52999877929688,4158.18310546875,
2019-04-02,256.3133239746094,70.68941497802734,100.17304229736328,121.9800033569336,4879.8779296875,
2019-04-03,256.7166442871094,70.65573120117188,99.30481719970703,121.80000305175781,4973.02197265625,
2019-04-04,257.3978271484375,70.67256164550781,99.58618927001953,122.11000061035156,4922.798828125,
2019-04-05,258.6436767578125,70.66412353515625,99.71485900878906,121.9800033569336,5036.68115234375,
2019-04-06,,,,,5059.8173828125,
2019-04-07,,,,,5198.89697265625,
2019-04-08,258.8409423828125,70.64729309082031,99.3611068725586,122.51000213623047,5289.77099609375,
2019-04-09,257.5143127441406,70.65573120117188,99.67462921142578,123.1500015258789,5204.95849609375,
2019-04-10,258.3927307128906,70.7146987915039,99.91580200195312,123.52999877929688,5324.5517578125,
2019-04-11,258.32098388671875,70.67256164550781,99.32892608642578,121.94999694824219,5064.48779296875,
2019-04-12,260.0686950683594,70.63044738769531,98.62140655517578,121.83000183105469,5089.5390625,
2019-04-13,,,,,5096.58642578125,
2019-04-14,,,,,5167.72216796875,
2019-04-15,259.8984069824219,70.63885498046875,98.87065887451172,121.5999984741211,5067.1083984375,
2019-04-16,260.0686950683594,70.63044738769531,98.2516098022461,120.51000213623047,5235.5595703125,
2019-04-17,259.4324951171875,70.65573120117188,98.2918472290039,120.27999877929688,5251.93798828125,
2019-04-18,259.9432678222656,70.67256164550781,98.80632781982422,120.37000274658203,5298.3857421875,
2019-04-19,,,,,5303.8125,
2019-04-20,,,,,5337.88623046875,
2019-04-21,,,,,5314.53125,
2019-04-22,260.1673278808594,70.68098449707031,98.33202362060547,120.37000274658203,5399.365234375,
2019-04-23,262.5067443847656,70.7146987915039,98.54102325439453,120.12000274658203,5572.3623046875,
2019-04-24,261.9241638183594,70.75685119628906,99.34498596191406,120.47000122070312,5464.86669921875,
2019-04-25,261.7627258300781,70.75685119628906,99.20027160644531,120.56999969482422,5210.515625,
2019-04-26,262.98175048828125,70.83262634277344,99.53795623779297,121.37000274658203,5279.34814453125,
2019-04-27,,,,,5268.291015625,
2019-04-28,,,,,5285.13916015625,
2019-04-29,263.3941345214844,70.80738067626953,98.90282440185547,120.83000183105469,5247.3525390625,
2019-04-30,263.5284423828125,70.85792541503906,99.4093246459961,121.19999694824219,5350.7265625,
2019-05-01,261.547607421875,70.7954330444336,99.81939697265625,120.4000015258789,5402.697265625,
2019-05-02,260.98297119140625,70.76166534423828,99.34407043457031,119.94000244140625,5505.28369140625,
2019-05-03,263.5373840332031,70.78699493408203,99.62605285644531,120.6500015258789,5768.28955078125,
2019-05-04,,,,,5831.16748046875,
2019-05-05,,,,,5795.70849609375,
2019-05-06,262.4528503417969,70.8292236328125,99.8999252319336,120.80999755859375,5746.80712890625,
2019-05-07,258.0700378417969,70.86292266845703,100.6653060913086,121.20999908447266,5829.50146484375,
2019-05-08,257.7115783691406,70.85453796386719,100.23023223876953,120.91000366210938,5982.45751953125,
2019-05-09,256.9317932128906,70.8967514038086,100.64109802246094,121.19999694824219,6174.52880859375,
2019-05-10,258.2225341796875,70.91358184814453,100.50418090820312,121.43000030517578,6378.84912109375,
2019-05-11,,,,,7204.771484375,
2019-05-12,,,,,6972.37158203125,
2019-05-13,251.73321533203125,70.99801635742188,101.29371643066406,122.66999816894531,7814.9150390625,
2019-05-14,254.0099334716797,70.99801635742188,100.9955825805664,122.45999908447266,7994.416015625,
2019-05-15,255.4976806640625,71.04866790771484,101.6159439086914,122.38999938964844,8205.16796875,
2019-05-16,257.8638916015625,71.00646209716797,101.277587890625,121.51000213623047,7884.9091796875,
2019-05-17,256.1968688964844,71.02334594726562,101.5031967163086,120.6500015258789,7343.8955078125,
2019-05-18,,,,,7271.2080078125,
2019-05-19,,,,,8197.689453125,
2019-05-20,254.5028839111328,70.98957824707031,101.29371643066406,120.63999938964844,7978.30908203125,
2019-05-21,256.79730224609375,70.9558334350586,101.13260650634766,120.36000061035156,7963.32763671875,
2019-05-22,256.0085754394531,70.98957824707031,101.712646484375,120.23999786376953,7680.06640625,
2019-05-23,252.88059997558594,71.11616516113281,102.856689453125,121.16999816894531,7881.8466796875,
2019-05-24,253.45423889160156,71.09085083007812,102.94529724121094,121.30000305175781,7987.37158203125,
2019-05-25,,,,,8052.5439453125,
2019-05-26,,,,,8673.2158203125,
2019-05-27,,,,,8805.7783203125,
2019-05-28,251.0968780517578,71.14993286132812,103.6865005493164,120.83000183105469,8719.9619140625,
2019-05-29,249.41183471679688,71.15837097167969,104.00067901611328,120.87000274658203,8659.4873046875,
2019-05-30,250.09298706054688,71.21742248535156,104.89495849609375,121.69000244140625,8319.47265625,
2019-05-31,246.72296142578125,71.36937713623047,106.20816040039062,123.33000183105469,8574.501953125,
2019-06-01,,,,,8564.0166015625,
2019-06-02,,,,,8742.9580078125,
2019-06-03,246.09548950195312,71.5038833618164,106.91856384277344,125.11000061035156,8208.9951171875,
2019-06-04,251.43751525878906,71.45309448242188,105.69959259033203,125.1500015258789,7707.77099609375,
2019-06-05,253.6154022216797,71.48697662353516,105.10216522216797,125.47000122070312,7824.2314453125,
2019-06-06,255.2646484375,71.44465637207031,105.4411849975586,125.87999725341797,7822.0234375,
2019-06-07,257.81903076171875,71.52073669433594,106.35348510742188,126.58999633789062,8043.951171875,
2019-06-08,,,,,7954.1279296875,
2019-06-09,,,,,7688.0771484375,
2019-06-10,259.00225830078125,71.45309448242188,105.35240173339844,125.33000183105469,8000.32958984375,
2019-06-11,258.939453125,71.4277114868164,105.41700744628906,125.18000030517578,7927.71435546875,
2019-06-12,258.4822998046875,71.48697662353516,105.49771881103516,125.83000183105469,8145.857421875,
2019-06-13,259.54888916015625,71.56304931640625,105.86100006103516,126.5999984741211,8230.923828125,
2019-06-14,259.2621765136719,71.53768920898438,106.1274185180664,126.55999755859375,8693.8330078125,
2019-06-15,,,,,8838.375,
2019-06-16,,,,,8994.48828125,
2019-06-17,259.36065673828125,71.5038833618164,106.31307983398438,126.4800033569336,9320.3525390625,
2019-06-18,262.0765380859375,71.51231384277344,106.84590911865234,127.12000274658203,9081.7626953125,
2019-06-19,262.66815185546875,71.66455078125,106.99930572509766,127.88999938964844,9273.521484375,
2019-06-20,265.1776428222656,71.69834899902344,107.28181457519531,131.11000061035156,9527.16015625,
2019-06-21,264.79217529296875,71.66455078125,106.10319519042969,131.97999572753906,10144.556640625,
2019-06-22,,,,,10701.69140625,
2019-06-23,,,,,10855.37109375,
2019-06-24,264.4679870605469,71.70682525634766,106.89437866210938,133.94000244140625,11011.1025390625,
2019-06-25,261.8740234375,71.72373962402344,107.225341796875,134.1999969482422,11790.9169921875,
2019-06-26,261.6128845214844,71.63922119140625,106.53913116455078,132.97000122070312,13016.2314453125,
2019-06-27,262.54052734375,71.69834899902344,107.2899398803711,132.83999633789062,11182.806640625,
2019-06-28,263.8915100097656,71.69834899902344,107.21726989746094,133.1999969482422,12407.33203125,
2019-06-29,,,,,11959.37109375,
2019-06-30,,,,,10817.1552734375,
2019-07-01,266.28729248046875,71.652587890625,106.96652221679688,130.6199951171875,10583.134765625,
2019-07-02,266.9807434082031,71.69496154785156,107.79161834716797,133.41000366210938,10801.677734375,
2019-07-03,269.1153259277344,71.7119369506836,108.5600357055664,133.6300048828125,11961.26953125,
2019-07-04,,,,,11215.4375,
2019-07-05,268.80914306640625,71.56787109375,107.12019348144531,132.13999938964844,10978.4599609375,
2019-07-06,,,,,11208.55078125,
2019-07-07,,,,,11450.8466796875,
2019-07-08,267.33203125,71.53402709960938,107.26583862304688,131.2899932861328,12285.9580078125,
2019-07-09,267.665283203125,71.50858306884766,107.22534942626953,131.75,12573.8125,
2019-07-10,268.9442138671875,71.63568878173828,106.6348648071289,133.8300018310547,12156.5126953125,
2019-07-11,269.5746154785156,71.60176849365234,105.21122741699219,132.6999969482422,11358.662109375,
2019-07-12,270.7814636230469,71.61021423339844,105.33256530761719,133.52999877929688,11815.986328125,
2019-07-13,,,,,11392.37890625,
2019-07-14,,,,,10256.05859375,
2019-07-15,270.8716125488281,71.627197265625,105.9392318725586,133.52999877929688,10895.08984375,
2019-07-16,269.99798583984375,71.60176849365234,105.623779296875,132.39999389648438,9477.6416015625,
2019-07-17,268.1605529785156,71.66954040527344,106.76432800292969,134.5800018310547,9693.802734375,
2019-07-18,269.1423034667969,71.75430297851562,106.77239990234375,136.47999572753906,10666.482421875,
2019-07-19,267.6473083496094,71.67803955078125,106.5216064453125,134.47000122070312,10530.732421875,
2019-07-20,,,,,10767.1396484375,
2019-07-21,,,,,10599.10546875,
2019-07-22,268.30474853515625,71.68648529052734,106.72383880615234,134.4499969482422,10343.1064453125,
2019-07-23,270.2231140136719,71.66954040527344,106.14147186279297,133.69000244140625,9900.767578125,
2019-07-24,271.49310302734375,71.68648529052734,106.6025161743164,134.3699951171875,9811.92578125,
2019-07-25,270.196044921875,71.64415740966797,106.09294891357422,133.4199981689453,9911.841796875,
2019-07-26,272.0064392089844,71.652587890625,106.34369659423828,133.63999938964844,9870.3037109375,
2019-07-27,,,,,9477.677734375,
2019-07-28,,,,,9552.8603515625,
2019-07-29,271.5111083984375,71.652587890625,106.37603759765625,134.52999877929688,9519.1455078125,
2019-07-30,270.8445129394531,71.66111755371094,106.6348648071289,134.97999572753906,9607.423828125,
2019-07-31,267.8813781738281,71.652587890625,107.49225616455078,133.2100067138672,10085.6279296875,
2019-08-01,265.548828125,71.85633087158203,109.62711334228516,136.41000366210938,10399.6689453125,
2019-08-02,263.5493469238281,71.87329864501953,110.64025115966797,135.88999938964844,10518.1748046875,
2019-08-03,,,,,10821.7265625,
2019-08-04,,,,,10970.1845703125,
2019-08-05,255.62362670898438,72.01761627197266,112.55301666259766,137.7899932861328,11805.6533203125,
2019-08-06,259.2081298828125,72.05149841308594,113.45259857177734,138.91000366210938,11478.1689453125,
2019-08-07,259.3612060546875,72.0600357055664,113.49317169189453,141.02000427246094,11941.96875,
2019-08-08,264.4499206542969,72.0345687866211,113.736328125,141.72999572753906,11966.4072265625,
2019-08-09,262.6486511230469,71.9920883178711,113.50940704345703,141.25999450683594,11862.9365234375,
2019-08-10,,,,,11354.0244140625,
2019-08-11,,,,,11523.5791015625,
2019-08-12,259.45135498046875,72.06849670410156,115.8759994506836,142.6300048828125,11382.6162109375,
2019-08-13,263.48626708984375,71.98360443115234,115.4789047241211,141.77999877929688,10895.830078125,
2019-08-14,255.69558715820312,72.07699584960938,118.08058166503906,142.75,10051.7041015625,
2019-08-15,256.37103271484375,72.22974395751953,119.39350128173828,143.6999969482422,10311.5458984375,
2019-08-16,260.1538391113281,72.22125244140625,118.43717193603516,142.77999877929688,10374.3388671875,
2019-08-17,,,,,10231.744140625,
2019-08-18,,,,,10345.810546875,
2019-08-19,263.2880859375,72.14485931396484,116.74325561523438,141.11000061035156,10916.0537109375,
2019-08-20,261.2705383300781,72.19580078125,117.95085906982422,142.2100067138672,10763.232421875,
2019-08-21,263.39617919921875,72.12789154052734,117.16474914550781,141.75999450683594,10138.0498046875,
2019-08-22,263.3150634765625,72.09391784667969,116.38665771484375,141.39999389648438,10131.0556640625,
2019-08-23,256.55120849609375,72.2127685546875,118.29935455322266,144.1699981689453,10407.96484375,
2019-08-24,,,,,10159.9609375,
2019-08-25,,,,,10138.517578125,
2019-08-26,259.38824462890625,72.17886352539062,117.82115936279297,144.19000244140625,10370.8203125,
2019-08-27,258.37060546875,72.20426940917969,119.63670349121094,145.57000732421875,10185.5,
2019-08-28,260.1899108886719,72.22125244140625,119.79065704345703,145.16000366210938,9754.4228515625,
2019-08-29,263.5132141113281,72.1873550415039,119.3368148803711,144.1199951171875,9510.2001953125,
2019-08-30,263.39617919921875,72.2127685546875,119.36923217773438,143.75,9598.173828125,
2019-08-31,,,,,9630.6640625,
2019-09-01,,,,,9757.970703125,
2019-09-02,,,,,10346.7607421875,
2019-09-03,261.8559875488281,72.26888275146484,119.52350616455078,145.75,10623.5400390625,
2019-09-04,264.8282470703125,72.32839965820312,119.70207214355469,146.66000366210938,10594.4931640625,
2019-09-05,268.2327575683594,72.1668701171875,117.53429412841797,143.13999938964844,10575.533203125,
2019-09-06,268.4398193359375,72.17537689208984,118.37057495117188,141.9199981689453,10353.302734375,
2019-09-07,,,,,10517.2548828125,
2019-09-08,,,,,10441.2763671875,
2019-09-09,268.5748596191406,72.09888458251953,116.2677001953125,141.38999938964844,10334.974609375,
2019-09-10,268.511962890625,71.9798583984375,114.22976684570312,140.17999267578125,10115.9755859375,
2019-09-11,270.42132568359375,71.9798583984375,114.02678680419922,141.02999877929688,10178.3720703125,
2019-09-12,271.3579406738281,71.96284484863281,113.27980041503906,141.32000732421875,10410.126953125,
2019-09-13,271.17779541015625,71.84378051757812,110.86029052734375,140.14999389648438,10360.546875,
2019-09-14,,,,,10358.048828125,
2019-09-15,,,,,10347.712890625,
2019-09-16,270.3402099609375,71.90326690673828,112.2730484008789,141.32000732421875,10276.7939453125,
2019-09-17,271.0247802734375,71.9372787475586,112.88191986083984,141.60000610351562,10241.2724609375,
2019-09-18,271.1867980957031,71.89479064941406,113.36100769042969,140.7100067138672,10198.248046875,
2019-09-19,271.1687316894531,71.90326690673828,113.70204162597656,141.27999877929688,10266.4150390625,
2019-09-20,269.8875732421875,71.9798583984375,115.20408630371094,142.9499969482422,10181.6416015625,
2019-09-21,,,,,10019.716796875,
2019-09-22,,,,,10070.392578125,
2019-09-23,269.82427978515625,72.02239990234375,115.1797103881836,143.75,9729.32421875,
2019-09-24,267.70709228515625,72.09888458251953,116.56810760498047,144.50999450683594,8620.56640625,
2019-09-25,269.2904052734375,72.00536346435547,114.86305236816406,141.8300018310547,8486.9931640625,
2019-09-26,268.7294616699219,72.03934478759766,115.60193634033203,141.7899932861328,8118.9677734375,
2019-09-27,267.2817077636719,72.08185577392578,115.88612365722656,141.05999755859375,8251.845703125,
2019-09-28,,,,,8245.9150390625,
2019-09-29,,,,,8104.185546875,
2019-09-30,268.5212707519531,72.11583709716797,116.17030334472656,138.8699951171875,8293.8681640625,
2019-10-01,265.32733154296875,72.19676971435547,116.5199966430664,139.6300048828125,8343.2763671875,
2019-10-02,260.6404113769531,72.27339172363281,116.80465698242188,141.25999450683594,8393.0419921875,
2019-10-03,262.7757873535156,72.42668151855469,117.87012481689453,141.89999389648438,8259.9921875,
2019-10-04,266.3316650390625,72.41816711425781,118.74044799804688,141.89999389648438,8205.939453125,
2019-10-05,,,,,8151.50048828125,
2019-10-06,,,,,7988.15576171875,
2019-10-07,265.1825256347656,72.341552734375,117.75631713867188,140.69000244140625,8245.623046875,
2019-10-08,261.065673828125,72.38407897949219,118.07347106933594,141.9199981689453,8228.783203125,
2019-10-09,263.5448303222656,72.341552734375,117.40652465820312,142.0500030517578,8595.740234375,
2019-10-10,265.32733154296875,72.25637817382812,115.65786743164062,140.80999755859375,8586.4736328125,
2019-10-11,268.0780029296875,72.188232421875,114.22637176513672,140.02999877929688,8321.7568359375,
2019-10-12,,,,,8336.5556640625,
2019-10-13,,,,,8321.005859375,
2019-10-14,267.7793884277344,72.19676971435547,115.05597686767578,140.58999633789062,8374.6865234375,
2019-10-15,270.43048095703125,72.17977142333984,113.66519165039062,139.61000061035156,8205.369140625,
2019-10-16,269.99615478515625,72.21380615234375,113.80338287353516,140.41000366210938,8047.52685546875,
2019-10-17,270.7923889160156,72.21380615234375,113.5268325805664,140.61000061035156,8103.9111328125,
2019-10-18,269.60711669921875,72.2393569946289,113.5268325805664,140.4600067138672,7973.20751953125,
2019-10-19,,,,,7988.560546875,
2019-10-20,,,,,8222.078125,
2019-10-21,271.43487548828125,72.20528411865234,112.6728515625,139.7899932861328,8243.720703125,
2019-10-22,270.548095703125,72.23082733154297,113.33169555664062,140.1999969482422,8078.203125,
2019-10-23,271.3352355957031,72.22228240966797,113.44551849365234,140.52999877929688,7514.671875,
2019-10-24,271.77862548828125,72.22228240966797,113.21778869628906,141.52999877929688,7493.48876953125,
2019-10-25,272.8915710449219,72.17977142333984,112.66472625732422,141.86000061035156,8660.7001953125,
2019-10-26,,,,,9244.97265625,
2019-10-27,,,,,9551.71484375,
2019-10-28,274.4297790527344,72.15416717529297,111.63988494873047,140.63999938964844,9256.1484375,
2019-10-29,274.348388671875,72.17119598388672,111.71310424804688,140.25,9427.6875,
2019-10-30,275.1897277832031,72.21380615234375,113.34793853759766,141.02000427246094,9205.7265625,
2019-10-31,274.4569396972656,72.341552734375,114.87699890136719,142.42999267578125,9199.5849609375,
2019-11-01,276.9994201660156,72.29889678955078,114.5234146118164,142.55999755859375,9261.1044921875,
2019-11-02,,,,,9324.7177734375,
2019-11-03,,,,,9235.3544921875,
2019-11-04,278.11236572265625,72.24769592285156,113.01608276367188,142.14999389648438,9412.6123046875,
2019-11-05,277.8047790527344,72.19654846191406,111.74505615234375,139.85000610351562,9342.52734375,
2019-11-06,277.8680725097656,72.23916625976562,112.42133331298828,140.4499969482422,9360.8798828125,
2019-11-07,278.84527587890625,72.15385437011719,110.38440704345703,138.27000427246094,9267.5615234375,
2019-11-08,279.53289794921875,72.16242980957031,109.9200439453125,137.38999938964844,8804.880859375,
2019-11-09,,,,,8813.58203125,
2019-11-10,,,,,9055.5263671875,
2019-11-11,278.99908447265625,72.17948150634766,109.99336242675781,137.05999755859375,8757.7880859375,
2019-11-12,279.5872802734375,72.18799591064453,110.4985122680664,137.42999267578125,8815.662109375,
2019-11-13,279.677734375,72.22208404541016,111.21549987792969,137.97999572753906,8808.2626953125,
2019-11-14,280.0848083496094,72.2903060913086,112.36429595947266,138.55999755859375,8708.0947265625,
2019-11-15,282.1116638183594,72.2647476196289,112.24209594726562,138.2100067138672,8491.9921875,
2019-11-16,,,,,8550.7607421875,
2019-11-17,,,,,8577.9755859375,
2019-11-18,282.3196716308594,72.29889678955078,112.44572448730469,138.6199951171875,8309.2861328125,
2019-11-19,282.2382507324219,72.2903060913086,113.38273620605469,138.69000244140625,8206.1455078125,
2019-11-20,281.1886901855469,72.324462890625,114.55602264404297,138.75999450683594,8027.26806640625,
2019-11-21,280.7362976074219,72.2903060913086,113.83905029296875,138.0,7642.75,
2019-11-22,281.36053466796875,72.28182983398438,113.98571014404297,137.74000549316406,7296.57763671875,
2019-11-23,,,,,7397.796875,
2019-11-24,,,,,7047.9169921875,
2019-11-25,283.5412292480469,72.2903060913086,114.31967163085938,137.0800018310547,7146.1337890625,
2019-11-26,284.18365478515625,72.324462890625,114.98786163330078,137.74000549316406,7218.37109375,
2019-11-27,285.4503479003906,72.28182983398438,114.65377807617188,137.00999450683594,7531.66357421875,
2019-11-28,,,,,7463.10595703125,
2019-11-29,284.3917236328125,72.3073959350586,114.4093246459961,137.86000061035156,7761.24365234375,
2019-11-30,,,,,7569.6298828125,
2019-12-01,,,,,7424.29248046875,
2019-12-02,281.9759216308594,72.28523254394531,112.88394927978516,137.7899932861328,7321.98828125,
2019-12-03,280.0848083496094,72.38774108886719,115.25083923339844,139.11000061035156,7320.1455078125,
2019-12-04,281.81298828125,72.35355377197266,114.10001373291016,138.9199981689453,7252.03466796875,
2019-12-05,282.3196716308594,72.31938171386719,113.54502868652344,139.0,7448.3076171875,
2019-12-06,284.8984680175781,72.29374694824219,112.91657257080078,137.6199951171875,7546.99658203125,
2019-12-07,,,,,7556.23779296875,
2019-12-08,,,,,7564.34521484375,
2019-12-09,284.00262451171875,72.29374694824219,113.16143035888672,137.5800018310547,7400.8994140625,
2019-12-10,283.68603515625,72.25958251953125,113.16960144042969,137.97000122070312,7278.11962890625,
2019-12-11,284.4913024902344,72.31938171386719,114.05924987792969,138.9199981689453,7217.42724609375,
2019-12-12,286.9433288574219,72.25102996826172,112.1820068359375,138.42999267578125,7243.13427734375,
2019-12-13,287.1152038574219,72.33645629882812,113.47968292236328,139.0500030517578,7269.6845703125,
2019-12-14,,,,,7124.673828125,
2019-12-15,,,,,7152.3017578125,
2019-12-16,289.0877990722656,72.29374694824219,112.45954132080078,139.0399932861328,6932.48046875,
2019-12-17,289.1510314941406,72.31086730957031,112.30445098876953,139.00999450683594,6640.51513671875,
2019-12-18,289.16912841796875,72.31938171386719,111.3822021484375,139.02000427246094,7276.802734375,
2019-12-19,290.35443115234375,72.33393096923828,111.56041717529297,139.3800048828125,7202.84423828125,
2019-12-20,291.6274719238281,72.33393096923828,111.70753479003906,139.52000427246094,7218.81640625,
2019-12-21,,,,,7191.15869140625,
2019-12-22,,,,,7511.5888671875,
2019-12-23,292.072998046875,72.31681823730469,111.54409790039062,139.9499969482422,7355.62841796875,
2019-12-24,292.08209228515625,72.32536315917969,111.86292266845703,141.27000427246094,7322.5322265625,
2019-12-25,,,,,7275.15576171875,
2019-12-26,293.6369934082031,72.35106658935547,112.13263702392578,142.3800048828125,7238.966796875,
2019-12-27,293.56414794921875,72.40241241455078,112.25527954101562,142.3300018310547,7290.08837890625,
2019-12-28,,,,,7317.990234375,
2019-12-29,,,,,7422.65283203125,
2019-12-30,291.9457092285156,72.4281005859375,111.84654998779297,142.6300048828125,7292.9951171875,
2019-12-31,292.65484619140625,72.41948699951172,110.7511215209961,142.89999389648438,7193.59912109375,
2020-01-01,,,,,7200.17431640625,
2020-01-02,295.3918151855469,72.45370483398438,112.0018310546875,143.9499969482422,6985.47021484375,
2020-01-03,293.1551208496094,72.5136489868164,113.72669982910156,145.86000061035156,7344.88427734375,
2020-01-04,,,,,7410.65673828125,
2020-01-05,,,,,7411.3173828125,
2020-01-06,294.2733459472656,72.48798370361328,113.08090209960938,147.38999938964844,7769.21923828125,
2020-01-07,293.44598388671875,72.48798370361328,112.52500915527344,147.97000122070312,8163.6923828125,
2020-01-08,295.010009765625,72.45370483398438,111.7811279296875,146.86000061035156,8079.86279296875,
2020-01-09,297.01025390625,72.46227264404297,112.17350006103516,146.02999877929688,7879.0712890625,
2020-01-10,296.1554870605469,72.47938537597656,113.17081451416016,146.91000366210938,8166.55419921875,
2020-01-11,,,,,8037.53759765625,
2020-01-12,,,,,8192.494140625,
2020-01-13,298.1923828125,72.4708480834961,112.82749938964844,145.82000732421875,8144.1943359375,
2020-01-14,297.7377014160156,72.47938537597656,113.4079360961914,145.69000244140625,8827.7646484375,
2020-01-15,298.4105529785156,72.5136489868164,114.15997314453125,146.5399932861328,8807.0107421875,
2020-01-16,300.8927307128906,72.5136489868164,113.80033111572266,146.30999755859375,8723.7861328125,
2020-01-17,301.8293151855469,72.53929138183594,112.82749938964844,146.5800018310547,8929.0380859375,
2020-01-18,,,,,8942.80859375,
2020-01-19,,,,,8706.2451171875,
2020-01-20,,,,,8657.642578125,
2020-01-21,301.2384033203125,72.55641174316406,114.01280975341797,146.74000549316406,8745.89453125,
2020-01-22,301.27471923828125,72.57351684570312,114.41340637207031,146.7899932861328,8680.8759765625,
2020-01-23,301.6202087402344,72.59918212890625,115.21456146240234,147.1199951171875,8406.515625,
2020-01-24,298.93792724609375,72.62487030029297,116.14636993408203,147.97999572753906,8445.4345703125,
2020-01-25,,,,,8367.84765625,
2020-01-26,,,,,8596.830078125,
2020-01-27,294.1460876464844,72.70189666748047,117.95304107666016,148.99000549316406,8909.8193359375,
2020-01-28,297.2284851074219,72.66764068603516,117.02930450439453,147.66000366210938,9358.58984375,
2020-01-29,296.9830322265625,72.736083984375,118.17378234863281,148.4600067138672,9316.6298828125,
2020-01-30,297.94683837890625,72.74468231201172,118.19010162353516,148.47000122070312,9508.9931640625,
2020-01-31,292.5367126464844,72.83878326416016,119.2690658569336,149.3300018310547,9350.529296875,
2020-02-01,,,,,9392.875,
2020-02-02,,,,,9344.365234375,
2020-02-03,294.7098693847656,72.81737518310547,119.17252349853516,148.36000061035156,9293.521484375,
2020-02-04,299.2015075683594,72.74020385742188,117.5676498413086,146.42999267578125,9180.962890625,
2020-02-05,302.6567687988281,72.68878173828125,116.28206634521484,146.61000061035156,9613.423828125,
2020-02-06,303.6751403808594,72.70597839355469,116.8061294555664,147.39999389648438,9729.8017578125,
2020-02-07,302.0566101074219,72.74878692626953,118.26367950439453,147.7899932861328,9795.943359375,
2020-02-08,,,,,9865.119140625,
2020-02-09,,,,,10116.673828125,
2020-02-10,304.3116455078125,72.78307342529297,118.59112548828125,148.1699981689453,9856.611328125,
2020-02-11,304.8390197753906,72.74878692626953,117.99342346191406,147.66000366210938,10208.236328125,
2020-02-12,306.802978515625,72.71449279785156,117.39568328857422,147.5399932861328,10326.0546875,
2020-02-13,306.47564697265625,72.73167419433594,117.8460922241211,148.3800048828125,10214.3798828125,
2020-02-14,306.96673583984375,72.76596069335938,118.36192321777344,149.0,10312.1162109375,
2020-02-15,,,,,9889.4248046875,
2020-02-16,,,,,9934.43359375,
2020-02-17,,,,,9690.142578125,
2020-02-18,306.1756286621094,72.79165649414062,119.17252349853516,150.91000366210938,10141.99609375,
2020-02-19,307.6394958496094,72.80020904541016,119.16433715820312,151.7899932861328,9633.38671875,
2020-02-20,306.375732421875,72.81737518310547,120.0978012084961,152.41000366210938,9608.4755859375,
2020-02-21,303.2205505371094,72.87736511230469,121.2196044921875,154.6999969482422,9686.44140625,
2020-02-22,,,,,9663.181640625,
2020-02-23,,,,,9924.515625,
2020-02-24,293.1640625,72.99734497070312,123.02925109863281,156.08999633789062,9650.1748046875,
2020-02-25,284.2806091308594,73.07451629638672,123.68424224853516,153.3000030517578,9341.705078125,
2020-02-26,283.2349853515625,73.12592315673828,123.02925109863281,153.97000122070312,8820.5224609375,
2020-02-27,270.5143737792969,73.21162414550781,124.36396026611328,154.0,8784.494140625,
2020-02-28,269.3778076171875,73.47734069824219,127.1725082397461,148.3800048828125,8672.455078125,
2020-02-29,,,,,8599.5087890625,
2020-03-01,,,,,8562.4541015625,
2020-03-02,281.0436706542969,73.4472885131836,126.2369155883789,149.1999969482422,8869.669921875,
2020-03-03,272.9966735839844,73.73909759521484,128.19671630859375,153.88999938964844,8787.7861328125,
2020-03-04,284.47149658203125,73.74771881103516,126.83549499511719,154.16000366210938,8755.24609375,
2020-03-05,275.0152893066406,73.9021987915039,129.99256896972656,157.49000549316406,9078.7626953125,
2020-03-06,270.4689025878906,73.98805236816406,136.75799560546875,157.5500030517578,9122.5458984375,
2020-03-07,,,,,8909.9541015625,
2020-03-08,,,,,8108.1162109375,
2020-03-09,249.3468017578125,74.39141845703125,140.46449279785156,157.80999755859375,7923.64453125,
2020-03-10,262.24920654296875,74.06526947021484,133.2645721435547,154.47999572753906,7909.7294921875,
2020-03-11,249.46505737304688,73.97945404052734,128.36065673828125,153.92999267578125,7911.43017578125,
2020-03-12,225.59686279296875,73.96228790283203,129.15621948242188,147.7899932861328,4970.7880859375,
2020-03-13,244.88232421875,74.05664825439453,126.2369155883789,143.27999877929688,5563.70703125,
2020-03-14,,,,,5200.3662109375,
2020-03-15,,,,,5392.31494140625,
2020-03-16,218.0863494873047,74.17687225341797,134.41262817382812,141.63999938964844,5014.47998046875,
2020-03-17,229.86131286621094,74.00518798828125,125.44956970214844,143.55999755859375,5225.62939453125,
2020-03-18,218.2227325439453,73.91075897216797,118.37271118164062,140.6999969482422,5238.4384765625,
2020-03-19,218.68646240234375,74.03954315185547,121.59539794921875,138.0399932861328,6191.19287109375,
2020-03-20,209.26235961914062,74.23694610595703,130.73892211914062,140.11000061035156,6198.7783203125,
2020-03-21,,,,,6185.06640625,
2020-03-22,,,,,5830.2548828125,
2020-03-23,203.91189575195312,74.32275390625,136.12657165527344,146.3000030517578,6416.31494140625,
2020-03-24,222.38699340820312,74.2197494506836,133.59263610839844,153.39999389648438,6734.8037109375,
2020-03-25,225.7161407470703,74.30558776855469,133.28919982910156,151.3000030517578,6681.06298828125,
2020-03-26,238.8957061767578,74.39141845703125,133.94520568847656,153.24000549316406,6716.4404296875,
2020-03-27,231.780029296875,74.37422943115234,137.52056884765625,152.25,6469.79833984375,
2020-03-28,,,,,6242.19384765625,
2020-03-29,,,,,5922.04296875,
2020-03-30,239.30723571777344,74.40859985351562,136.38897705078125,152.9199981689453,6429.841796875,
2020-03-31,235.7402801513672,74.39141845703125,135.2818145751953,148.0500030517578,6438.64453125,
2020-04-01,225.1307830810547,74.43956756591797,137.1772003173828,149.4499969482422,6606.7763671875,
2020-04-02,230.32579040527344,74.45674133300781,138.0477294921875,151.89999389648438,6793.62451171875,
2020-04-03,226.99661254882812,74.43956756591797,138.3762969970703,152.64999389648438,6733.38720703125,
2020-04-04,,,,,6867.52734375,
2020-04-05,,,,,6791.12939453125,
2020-04-06,242.2430877685547,74.38799285888672,138.01492309570312,156.8800048828125,7271.78125,
2020-04-07,242.4901123046875,74.37081909179688,136.56959533691406,156.0399932861328,7176.41455078125,
2020-04-08,250.63009643554688,74.41375732421875,135.57586669921875,154.64999389648438,7334.0986328125,
2020-04-09,254.4439697265625,74.43956756591797,135.82225036621094,158.69000244140625,7302.08935546875,
2020-04-10,,,,,6865.4931640625,
2020-04-11,,,,,6859.0830078125,
2020-04-12,,,,,6971.091796875,
2020-04-13,252.1209259033203,74.44815826416016,134.5821990966797,161.41000366210938,6845.03759765625,
2020-04-14,259.55670166015625,74.44815826416016,134.54931640625,162.67999267578125,6842.427734375,
2020-04-15,254.04156494140625,74.47393035888672,138.11349487304688,161.85000610351562,6642.10986328125,
2020-04-16,255.2671356201172,74.49110412597656,139.68197631835938,161.7100067138672,7116.80419921875,
2020-04-17,262.163330078125,74.46534729003906,137.80958557128906,158.57000732421875,7096.1845703125,
2020-04-18,,,,,7257.6650390625,
2020-04-19,,,,,7189.4248046875,
2020-04-20,257.54449462890625,74.46534729003906,138.91822814941406,159.6999969482422,6881.95849609375,
2020-04-21,249.72457885742188,74.4825439453125,140.66746520996094,158.61000061035156,6880.3232421875,
2020-04-22,255.2671356201172,74.45674133300781,139.2303466796875,161.72999572753906,7117.20751953125,
2020-04-23,255.2488555908203,74.44815826416016,139.9694366455078,163.33999633789062,7429.724609375,
2020-04-24,258.806640625,74.44815826416016,140.2979278564453,162.63999938964844,7550.90087890625,
2020-04-25,,,,,7569.93603515625,
2020-04-26,,,,,7679.8671875,
2020-04-27,262.538330078125,74.44815826416016,137.68650817871094,161.55999755859375,7795.60107421875,
2020-04-28,261.3309631347656,74.47393035888672,139.27137756347656,160.83999633789062,7807.05859375,
2020-04-29,268.1722412109375,74.46534729003906,138.54867553710938,161.72999572753906,8801.0380859375,
2020-04-30,265.6754150390625,74.59424591064453,136.93087768554688,158.8000030517578,8658.5537109375,
2020-05-01,258.6419982910156,74.4841079711914,138.10345458984375,159.77999877929688,8864.7666015625,
2020-05-02,,,,,8988.5966796875,
2020-05-03,,,,,8897.46875,
2020-05-04,259.35540771484375,74.4841079711914,137.4539031982422,160.33999633789062,8912.654296875,
2020-05-05,261.75164794921875,74.47557830810547,136.57403564453125,161.02000427246094,9003.0703125,
2020-05-06,259.97735595703125,74.5013656616211,134.37030029296875,158.9499969482422,9268.76171875,
2020-05-07,263.1145324707031,74.5529556274414,136.6151123046875,161.38999938964844,9951.5185546875,
2020-05-08,267.46807861328125,74.5357666015625,134.83905029296875,160.4199981689453,9842.666015625,
2020-05-09,,,,,9593.896484375,
2020-05-10,,,,,8756.4306640625,
2020-05-11,267.5229187011719,74.5099868774414,133.7865447998047,159.4199981689453,8601.7958984375,
2020-05-12,262.19073486328125,74.52716827392578,135.1597442626953,160.0399932861328,8804.4775390625,
2020-05-13,257.5537414550781,74.52716827392578,136.1052703857422,161.5800018310547,9269.9873046875,
2020-05-14,260.6358947753906,74.5099868774414,137.43739318847656,163.00999450683594,9733.7216796875,
2020-05-15,261.8340148925781,74.5529556274414,137.08384704589844,163.92999267578125,9328.197265625,
2020-05-16,,,,,9377.013671875,
2020-05-17,,,,,9670.7392578125,
2020-05-18,269.8094177246094,74.4927749633789,134.07421875,162.69000244140625,9726.5751953125,
2020-05-19,267.0381774902344,74.5357666015625,134.57591247558594,164.25999450683594,9729.0380859375,
2020-05-20,271.5745544433594,74.5357666015625,134.97882080078125,164.64999389648438,9522.9814453125,
2020-05-21,269.69976806640625,74.5185546875,135.31593322753906,162.25,9081.76171875,
2020-05-22,270.2118835449219,74.5185546875,136.13002014160156,163.2100067138672,9182.5771484375,
2020-05-23,,,,,9209.287109375,
2020-05-24,,,,,8790.3681640625,
2020-05-25,,,,,8906.9345703125,
2020-05-26,273.5409240722656,74.5185546875,134.30455017089844,160.88999938964844,8835.052734375,
2020-05-27,277.61102294921875,74.5013656616211,134.05784606933594,161.17999267578125,9181.017578125,
2020-05-28,277.098876953125,74.5357666015625,133.56443786621094,161.72000122070312,9525.7509765625,
2020-05-29,278.33355712890625,74.5357666015625,134.5182342529297,162.91000366210938,9439.1240234375,
2020-05-30,,,,,9700.4140625,
2020-05-31,,,,,9461.05859375,
2020-06-01,279.45855712890625,74.52714538574219,133.612548828125,163.66000366210938,10167.2685546875,
2020-06-02,281.7723693847656,74.52714538574219,133.12673950195312,162.60000610351562,9529.8037109375,
2020-06-03,285.5223693847656,74.46691131591797,131.3566436767578,159.60000610351562,9656.7177734375,
2020-06-04,284.77239990234375,74.48406219482422,129.45474243164062,161.27999877929688,9800.63671875,
2020-06-05,292.0709228515625,74.4582748413086,128.53257751464844,158.00999450683594,9665.533203125,
2020-06-06,,,,,9653.6796875,
2020-06-07,,,,,9758.8525390625,
2020-06-08,295.6014099121094,74.44109344482422,129.02659606933594,159.72000122070312,9771.4892578125,
2020-06-09,293.39715576171875,74.46691131591797,130.4921112060547,161.25999450683594,9795.7001953125,
2020-06-10,291.7600402832031,74.50994110107422,132.42703247070312,163.57000732421875,9870.0947265625,
2020-06-11,274.9403076171875,74.47555541992188,134.9300079345703,162.38999938964844,9321.78125,
2020-06-12,278.23297119140625,74.5013427734375,133.62911987304688,162.6199951171875,9480.84375,
2020-06-13,,,,,9475.27734375,
2020-06-14,,,,,9386.7880859375,
2020-06-15,280.8304748535156,74.48406219482422,133.70323181152344,162.3300018310547,9450.7021484375,
2020-06-16,286.2357177734375,74.47555541992188,131.65304565429688,162.25,9538.0244140625,
2020-06-17,285.04681396484375,74.5013427734375,132.19647216796875,162.55999755859375,9480.2548828125,
2020-06-18,285.1565856933594,74.49272155761719,133.59613037109375,162.24000549316406,9411.8408203125,
2020-06-19,283.52685546875,74.50994110107422,133.70323181152344,164.02999877929688,9288.0185546875,
2020-06-20,,,,,9332.3408203125,
2020-06-21,,,,,9303.6298828125,
2020-06-22,285.3458557128906,74.49272155761719,133.71969604492188,165.08999633789062,9648.7177734375,
2020-06-23,286.65948486328125,74.50994110107422,132.80569458007812,166.47999572753906,9629.658203125,
2020-06-24,279.34710693359375,74.5185317993164,134.23008728027344,165.89999389648438,9313.6103515625,
2020-06-25,282.3418884277344,74.5185317993164,134.6171417236328,165.8000030517578,9264.8134765625,
2020-06-26,275.6358642578125,74.5443344116211,136.05796813964844,166.5399932861328,9162.91796875,
2020-06-27,,,,,9045.390625,
2020-06-28,,,,,9143.58203125,
2020-06-29,279.68701171875,74.56159210205078,135.62985229492188,166.6300048828125,9190.8544921875,
2020-06-30,283.2696533203125,74.5530014038086,134.97120666503906,167.3699951171875,9137.9931640625,
2020-07-01,285.2539367675781,74.52803802490234,134.7090606689453,166.6199951171875,9228.3251953125,
2020-07-02,286.82476806640625,74.56246948242188,134.84910583496094,166.97999572753906,9123.41015625,
2020-07-03,,,,,9087.3037109375,
2020-07-04,,,,,9132.48828125,
2020-07-05,,,,,9073.9423828125,
2020-07-06,291.2525329589844,74.53658294677734,134.29684448242188,167.97999572753906,9375.474609375,
2020-07-07,288.24871826171875,74.55384826660156,136.18453979492188,169.0399932861328,9252.27734375,
2020-07-08,290.453369140625,74.55384826660156,135.6404266357422,170.08999633789062,9428.3330078125,
2020-07-09,288.7998046875,74.57105255126953,137.80010986328125,169.6300048828125,9277.9677734375,
2020-07-10,291.7486267089844,74.54524993896484,137.10780334472656,169.19000244140625,9278.8076171875,
2020-07-11,,,,,9240.3466796875,
2020-07-12,,,,,9276.5,
2020-07-13,289.2225036621094,74.54524993896484,137.5611572265625,169.39999389648438,9243.6142578125,
2020-07-14,292.9703369140625,74.55384826660156,137.7589111328125,170.19000244140625,9243.2138671875,
2020-07-15,295.66204833984375,74.56246948242188,137.1160125732422,170.33999633789062,9192.8369140625,
2020-07-16,294.6882629394531,74.56246948242188,137.76718139648438,168.72999572753906,9132.2275390625,
2020-07-17,295.54254150390625,74.5796890258789,137.47872924804688,170.1199951171875,9151.392578125,
2020-07-18,,,,,9159.0400390625,
2020-07-19,,,,,9185.8173828125,
2020-07-20,297.9310302734375,74.56246948242188,137.81671142578125,170.94000244140625,9164.2314453125,
2020-07-21,298.5649719238281,74.5796890258789,137.89906311035156,173.0,9374.8876953125,
2020-07-22,300.26434326171875,74.57105255126953,138.31121826171875,175.6300048828125,9525.36328125,
2020-07-23,296.68170166015625,74.57105255126953,139.92689514160156,177.17999267578125,9581.072265625,
2020-07-24,294.7709655761719,74.5796890258789,139.91873168945312,178.6999969482422,9536.892578125,
2020-07-25,,,,,9677.11328125,
2020-07-26,,,,,9905.1669921875,
2020-07-27,296.9205627441406,74.55384826660156,139.3994140625,182.22999572753906,10990.873046875,
2020-07-28,295.0373840332031,74.57105255126953,140.36380004882812,183.75,10912.8232421875,
2020-07-29,298.6658935546875,74.58830261230469,140.1247100830078,185.1300048828125,11100.4677734375,
2020-07-30,297.6003723144531,74.6141586303711,141.0479736328125,183.75999450683594,11111.2138671875,
2020-07-31,299.95208740234375,74.62276458740234,140.95729064941406,185.42999267578125,11323.466796875,
2020-08-01,,,,,11759.5927734375,
2020-08-02,,,,,11053.6142578125,
2020-08-03,302.0373229980469,74.62274932861328,140.24761962890625,185.63999938964844,11246.3486328125,
2020-08-04,303.2039794921875,74.63137817382812,141.58447265625,189.58999633789062,11205.892578125,
2020-08-05,305.0871887207031,74.6141357421875,140.34661865234375,191.35000610351562,11747.0224609375,
2020-08-06,307.12646484375,74.6141357421875,141.130615234375,193.88999938964844,11779.7734375,
2020-08-07,307.34698486328125,74.60552978515625,140.18978881835938,190.80999755859375,11601.47265625,
2020-08-08,,,,,11754.0458984375,
2020-08-09,,,,,11675.7392578125,
2020-08-10,308.2657165527344,74.5882797241211,139.5626678466797,190.14999389648438,11878.111328125,
2020-08-11,305.7210693359375,74.5710678100586,137.90396118164062,179.94000244140625,11410.525390625,
2020-08-12,309.9835205078125,74.55379486083984,136.6496124267578,179.10000610351562,11584.9345703125,
2020-08-13,309.42315673828125,74.54520416259766,135.18894958496094,183.3300018310547,11784.1376953125,
2020-08-14,309.4323425292969,74.55379486083984,134.66075134277344,182.5399932861328,11768.87109375,
2020-08-15,,,,,11865.6982421875,
2020-08-16,,,,,11892.8037109375,
2020-08-17,310.415283203125,74.56245422363281,134.99913024902344,186.5,12254.40234375,
2020-08-18,311.0859375,74.5710678100586,135.96461486816406,188.17999267578125,11991.2333984375,
2020-08-19,309.7906188964844,74.5710678100586,135.1146697998047,182.24000549316406,11758.283203125,
2020-08-20,310.7551574707031,74.5710678100586,136.33604431152344,183.5,11878.3720703125,
2020-08-21,311.85748291015625,74.56245422363281,137.15298461914062,182.02999877929688,11592.4892578125,
2020-08-22,,,,,11681.8251953125,
2020-08-23,,,,,11664.84765625,
2020-08-24,315.0176086425781,74.55379486083984,136.9302215576172,181.0,11774.595703125,
2020-08-25,316.1199645996094,74.56245422363281,135.8821563720703,181.22000122070312,11366.134765625,
2020-08-26,319.2893371582031,74.56245422363281,135.36227416992188,183.36000061035156,11488.36328125,
2020-08-27,319.9874267578125,74.55379486083984,133.05982971191406,181.24000549316406,11323.3974609375,
2020-08-28,322.0543518066406,74.57965087890625,132.96083068847656,184.38999938964844,11542.5,
2020-08-29,,,,,11506.865234375,
2020-08-30,,,,,11711.505859375,
2020-08-31,320.8876647949219,74.60552978515625,133.84378051757812,184.8300018310547,11680.8203125,
2020-09-01,323.9099426269531,74.58740234375,135.37474060058594,185.0500030517578,11970.478515625,
2020-09-02,328.5950927734375,74.59600067138672,136.66354370117188,182.6199951171875,11414.0341796875,
2020-09-03,317.2867126464844,74.58740234375,137.0518035888672,181.13999938964844,10245.296875,
2020-09-04,314.69610595703125,74.56149291992188,134.4494171142578,181.63999938964844,10511.8134765625,
2020-09-05,,,,,10169.5673828125,
2020-09-06,,,,,10280.3515625,
2020-09-07,,,,,10369.5634765625,
2020-09-08,306.0977478027344,74.57015991210938,135.2755584716797,181.2899932861328,10131.5166015625,
2020-09-09,312.1423645019531,74.57879638671875,134.91207885742188,183.0500030517578,10242.34765625,
2020-09-10,306.7222900390625,74.57015991210938,135.59779357910156,182.4600067138672,10363.138671875,
2020-09-11,306.8785095214844,74.58740234375,135.88690185546875,182.4499969482422,10400.9150390625,
2020-09-12,,,,,10442.1708984375,
2020-09-13,,,,,10323.755859375,
2020-09-14,310.92047119140625,74.57879638671875,135.878662109375,183.88999938964844,10680.837890625,
2020-09-15,312.49127197265625,74.58740234375,135.54824829101562,183.4499969482422,10796.951171875,
2020-09-16,311.25128173828125,74.59600067138672,135.14340209960938,183.97000122070312,10974.9052734375,
2020-09-17,308.5137023925781,74.57879638671875,135.5564422607422,182.9600067138672,10948.990234375,
2020-09-18,304.9619140625,74.58740234375,135.1351318359375,183.1999969482422,10944.5859375,
2020-09-19,,,,,11094.3466796875,
2020-09-20,,,,,10938.271484375,
2020-09-21,301.56787109375,74.57879638671875,135.82081604003906,179.52000427246094,10462.259765625,
2020-09-22,304.6390380859375,74.59600067138672,135.71337890625,178.64999389648438,10538.4599609375,
2020-09-23,297.57421875,74.59600067138672,135.89520263671875,174.7899932861328,10246.1865234375,
2020-09-24,298.36737060546875,74.58740234375,136.41567993164062,175.44000244140625,10760.06640625,
2020-09-25,303.1910705566406,74.59600067138672,136.41567993164062,174.94000244140625,10692.716796875,
2020-09-26,,,,,10750.7236328125,
2020-09-27,,,,,10775.26953125,
2020-09-28,308.2269287109375,74.60464477539062,136.02735900878906,176.6999969482422,10709.65234375,
2020-09-29,306.54827880859375,74.59600067138672,136.1842803955078,178.19000244140625,10844.640625,
2020-09-30,308.8725280761719,74.60464477539062,134.87905883789062,177.1199951171875,10784.4912109375,
2020-10-01,310.85540771484375,74.58738708496094,135.1015167236328,178.6999969482422,10619.4521484375,
2020-10-02,307.904052734375,74.59600830078125,134.59698486328125,178.5399932861328,10575.974609375,
2020-10-03,,,,,10549.3291015625,
2020-10-04,,,,,10669.5830078125,
2020-10-05,313.3641052246094,74.57013702392578,131.96714782714844,179.41000366210938,10793.33984375,
2020-10-06,308.90936279296875,74.57013702392578,132.6782989501953,177.3000030517578,10604.40625,
2020-10-07,314.2864990234375,74.56147003173828,131.7107696533203,177.22000122070312,10668.96875,
2020-10-08,317.07183837890625,74.56147003173828,132.42198181152344,177.85000610351562,10915.685546875,
2020-10-09,319.90325927734375,74.56147003173828,132.3971405029297,181.0800018310547,11064.4580078125,
2020-10-10,,,,,11296.361328125,
2020-10-11,,,,,11384.181640625,
2020-10-12,325.0498046875,74.57878875732422,132.81887817382812,180.55999755859375,11555.36328125,
2020-10-13,322.92852783203125,74.57013702392578,133.76998901367188,177.72000122070312,11425.8994140625,
2020-10-14,320.8994445800781,74.57013702392578,134.07603454589844,178.27000427246094,11429.5068359375,
2020-10-15,320.5028076171875,74.58738708496094,133.84442138671875,178.9199981689453,11495.349609375,
2020-10-16,320.3092041015625,74.57878875732422,133.47222900390625,178.3000030517578,11322.123046875,
2020-10-17,,,,,11358.1015625,
2020-10-18,,,,,11483.359375,
2020-10-19,315.4393310546875,74.57878875732422,132.9677734375,178.38999938964844,11742.037109375,
2020-10-20,316.702880859375,74.57013702392578,131.70240783691406,179.25,11916.3349609375,
2020-10-21,316.1033935546875,74.57013702392578,131.24755859375,180.60000610351562,12823.689453125,
2020-10-22,317.8372802734375,74.54425811767578,129.8830108642578,178.8300018310547,12965.8916015625,
2020-10-23,318.9163818359375,74.5528793334961,130.67697143554688,178.63999938964844,12931.5390625,
2020-10-24,,,,,13108.0625,
2020-10-25,,,,,13031.173828125,
2020-10-26,313.0228576660156,74.56147003173828,131.8926544189453,178.5500030517578,13075.248046875,
2020-10-27,311.94384765625,74.56147003173828,132.77755737304688,179.02000427246094,13654.21875,
2020-10-28,301.2818908691406,74.56147003173828,132.9016571044922,176.1300048828125,13271.28515625,
2020-10-29,304.34393310546875,74.57878875732422,131.61146545410156,175.39999389648438,13437.8828125,
2020-10-30,301.1712341308594,74.57013702392578,130.3130340576172,176.1999969482422,13546.5224609375,
2020-10-31,,,,,13780.9951171875,
2020-11-01,,,,,13737.109375,
2020-11-02,304.546875,74.56929016113281,131.28916931152344,177.91000366210938,13550.4892578125,
2020-11-03,309.9239807128906,74.55199432373047,130.52748107910156,178.9199981689453,13950.30078125,
2020-11-04,316.85052490234375,74.56929016113281,133.35888671875,178.82000732421875,14133.70703125,
2020-11-05,323.0299072265625,74.55199432373047,133.59075927734375,182.92999267578125,15579.8486328125,
2020-11-06,322.9561462402344,74.56063842773438,131.976318359375,183.19000244140625,15565.880859375,
2020-11-07,,,,,14833.75390625,
2020-11-08,,,,,15479.5673828125,
2020-11-09,327.0142822265625,74.53472900390625,129.20278930664062,175.0800018310547,15332.3154296875,
2020-11-10,326.5346984863281,74.526123046875,128.4576873779297,175.66000366210938,15290.90234375,
2020-11-11,328.96038818359375,74.50886535644531,128.92135620117188,174.89999389648438,15701.33984375,
2020-11-12,325.76910400390625,74.51750183105469,131.11526489257812,175.9600067138672,16276.34375,
2020-11-13,330.2793273925781,74.51750183105469,130.94142150878906,177.16000366210938,16317.80859375,
2020-11-14,,,,,16068.138671875,
2020-11-15,,,,,15955.587890625,
2020-11-16,334.4019775390625,74.53472900390625,130.62680053710938,177.14999389648438,16716.111328125,
2020-11-17,332.603515625,74.526123046875,131.47958374023438,176.5,17645.40625,
2020-11-18,328.6007080078125,74.526123046875,131.86041259765625,175.49000549316406,17804.005859375,
2020-11-19,329.98419189453125,74.54337310791016,132.539306640625,175.16000366210938,17817.08984375,
2020-11-20,327.7245178222656,74.55199432373047,133.71495056152344,175.69000244140625,18621.314453125,
2020-11-21,,,,,18642.232421875,
2020-11-22,,,,,18370.001953125,
2020-11-23,329.68902587890625,74.55199432373047,133.10227966308594,172.22999572753906,18364.12109375,
2020-11-24,335.00152587890625,74.56063842773438,131.77761840820312,169.58999633789062,19107.46484375,
2020-11-25,334.4850158691406,74.56929016113281,131.37196350097656,169.50999450683594,18732.12109375,
2020-11-26,,,,,17150.623046875,
2020-11-27,335.4166564941406,74.56929016113281,132.64691162109375,167.7899932861328,17108.40234375,
2020-11-28,,,,,17717.4140625,
2020-11-29,,,,,18177.484375,
2020-11-30,333.931640625,74.5865249633789,132.4813232421875,166.6699981689453,19625.8359375,
2020-12-01,337.58404541015625,74.54598236083984,130.52798461914062,170.17999267578125,18802.998046875,
2020-12-02,338.2941589355469,74.56321716308594,129.4919891357422,171.4600067138672,19201.091796875,
2020-12-03,338.201904296875,74.58048248291016,130.5362548828125,172.80999755859375,19445.3984375,
2020-12-04,341.1163635253906,74.57183837890625,128.62179565429688,172.32000732421875,18699.765625,
2020-12-05,,,,,19154.23046875,
2020-12-06,,,,,19345.12109375,
2020-12-07,340.41546630859375,74.5891342163086,129.78207397460938,174.88999938964844,19191.630859375,
2020-12-08,341.4115905761719,74.57183837890625,130.3953857421875,175.5,18321.14453125,
2020-12-09,338.3494873046875,74.56321716308594,129.96438598632812,172.5,18553.916015625,
2020-12-10,338.23876953125,74.58048248291016,131.11639404296875,172.1699981689453,18264.9921875,
2020-12-11,337.84228515625,74.6236343383789,131.58045959472656,172.49000549316406,18058.904296875,
2020-12-12,,,,,18803.65625,
2020-12-13,,,,,19142.3828125,
2020-12-14,336.3297119140625,74.61502838134766,131.21585083007812,171.5399932861328,19246.64453125,
2020-12-15,340.8766174316406,74.61502838134766,130.77658081054688,173.94000244140625,19417.076171875,
2020-12-16,341.4115905761719,74.61502838134766,130.4285125732422,174.89999389648438,21310.59765625,
2020-12-17,343.3207702636719,74.61676025390625,130.08343505859375,176.74000549316406,22805.162109375,
2020-12-18,341.9499206542969,74.60812377929688,129.69349670410156,176.44000244140625,23137.9609375,
2020-12-19,,,,,23869.83203125,
2020-12-20,,,,,23477.294921875,
2020-12-21,340.7272033691406,74.60812377929688,130.20782470703125,175.8800048828125,22803.08203125,
2020-12-22,340.1530456542969,74.60812377929688,130.87979125976562,174.49000549316406,23783.029296875,
2020-12-23,340.4586486816406,74.6253890991211,129.97557067871094,175.64999389648438,23241.345703125,
2020-12-24,341.7833251953125,74.60812377929688,130.4899444580078,176.35000610351562,23735.94921875,
2020-12-25,,,,,24664.791015625,
2020-12-26,,,,,26437.037109375,
2020-12-27,,,,,26272.294921875,
2020-12-28,344.719482421875,74.61676025390625,130.5479278564453,175.7100067138672,27084.80859375,
2020-12-29,344.06182861328125,74.61676025390625,130.3820343017578,176.35000610351562,27362.4375,
2020-12-30,344.55267333984375,74.6253890991211,130.6641387939453,177.6999969482422,28840.953125,
2020-12-31,346.30328369140625,74.61676025390625,130.85491943359375,178.36000061035156,29001.720703125,
2021-01-01,,,,,29374.15234375,
2021-01-02,,,,,32127.267578125,
2021-01-03,,,,,32782.0234375,
2021-01-04,341.5887145996094,74.6253890991211,130.6972198486328,182.3300018310547,31971.9140625,
2021-01-05,343.9413146972656,74.6253890991211,129.72665405273438,182.8699951171875,33992.4296875,
2021-01-06,345.99761962890625,74.58219909667969,127.06363677978516,179.89999389648438,36824.36328125,
2021-01-07,351.1383361816406,74.5994873046875,125.943603515625,179.47999572753906,39371.04296875,
2021-01-08,353.1388854980469,74.5908432006836,125.53710174560547,173.33999633789062,40797.609375,
2021-01-09,,,,,40254.546875,
2021-01-10,,,,,38356.44140625,
2021-01-11,350.7584533691406,74.58219909667969,125.32972717285156,173.0,35566.65625,
2021-01-12,350.8326110839844,74.58219909667969,125.23016357421875,174.1199951171875,33922.9609375,
2021-01-13,351.7774658203125,74.57355499267578,126.64048767089844,173.3699951171875,37316.359375,
2021-01-14,350.54541015625,74.58219909667969,125.45419311523438,173.27999877929688,39187.328125,
2021-01-15,347.9890441894531,74.5908432006836,125.951904296875,171.1300048828125,36825.3671875,
2021-01-16,,,,,36178.140625,
2021-01-17,,,,,35791.27734375,
2021-01-18,,,,,36630.07421875,
2021-01-19,350.72149658203125,74.61676025390625,126.35846710205078,172.5800018310547,36069.8046875,
2021-01-20,355.5749816894531,74.60812377929688,126.48284149169922,175.38999938964844,35547.75,
2021-01-21,355.8990783691406,74.61676025390625,125.59518432617188,175.27999877929688,30825.69921875,
2021-01-22,354.6394348144531,74.61676025390625,126.00171661376953,173.89999389648438,33005.76171875,
2021-01-23,,,,,32067.642578125,
2021-01-24,,,,,32289.37890625,
2021-01-25,356.0380859375,74.6253890991211,127.48672485351562,174.0500030517578,32366.392578125,
2021-01-26,355.48223876953125,74.61676025390625,127.24612426757812,173.6199951171875,32569.849609375,
2021-01-27,346.7941589355469,74.61676025390625,127.56968688964844,172.52000427246094,30432.546875,
2021-01-28,349.7767028808594,74.60812377929688,126.86454010009766,172.67999267578125,33466.09765625,
2021-01-29,342.7742614746094,74.63402557373047,126.10127258300781,172.61000061035156,34316.38671875,
2021-01-30,,,,,34269.5234375,
2021-01-31,,,,,33114.359375,
2021-02-01,348.47991943359375,74.64266204833984,126.24748992919922,174.22999572753906,33537.17578125,
2021-02-02,353.40753173828125,74.61675262451172,125.4334487915039,172.11000061035156,35510.2890625,
2021-02-03,353.6854248046875,74.62538146972656,124.32054138183594,171.85000610351562,37472.08984375,
2021-02-04,357.7052917480469,74.62538146972656,123.9882583618164,168.14999389648438,36926.06640625,
2021-02-05,359.1131286621094,74.64266204833984,122.95008087158203,169.80999755859375,38144.30859375,
2021-02-06,,,,,39266.01171875,
2021-02-07,,,,,38903.44140625,
2021-02-08,361.7066650390625,74.63402557373047,123.48987579345703,171.52000427246094,46196.46484375,
2021-02-09,361.46588134765625,74.61675262451172,123.581298828125,172.0800018310547,46481.10546875,
2021-02-10,361.3083190917969,74.62538146972656,124.40354919433594,172.7100067138672,44918.18359375,
2021-02-11,361.8918762207031,74.62538146972656,123.72248077392578,171.2100067138672,47909.33203125,
2021-02-12,363.67962646484375,74.63402557373047,122.18592071533203,170.69000244140625,47504.8515625,
2021-02-13,,,,,47105.515625,
2021-02-14,,,,,48717.2890625,
2021-02-15,,,,,47945.05859375,
2021-02-16,363.3646240234375,74.60810852050781,120.32543182373047,168.24000549316406,49199.87109375,
2021-02-17,363.4481201171875,74.62538146972656,121.08956146240234,166.3300018310547,52149.0078125,
2021-02-18,361.90118408203125,74.62538146972656,120.59949493408203,166.32000732421875,51679.796875,
2021-02-19,361.26202392578125,74.63402557373047,118.99655151367188,167.00999450683594,55888.1328125,
2021-02-20,,,,,56099.51953125,
2021-02-21,,,,,57539.9453125,
2021-02-22,358.4833068847656,74.61675262451172,118.09119415283203,169.50999450683594,54207.3203125,
2021-02-23,358.9186706542969,74.62538146972656,117.75064086914062,169.1199951171875,48824.42578125,
2021-02-24,362.8737487792969,74.60810852050781,116.97818756103516,169.0,49705.33203125,
2021-02-25,354.1300354003906,74.49577331542969,115.06787109375,165.82000732421875,47093.8515625,
2021-02-26,352.3052978515625,74.59082794189453,118.87190246582031,161.80999755859375,46339.76171875,
2021-02-27,,,,,46188.453125,
2021-02-28,,,,,45137.76953125,
2021-03-01,360.8452453613281,74.58393096923828,117.30194091796875,161.52999877929688,49631.2421875,
2021-03-02,358.029541015625,74.6011734008789,117.31023406982422,162.41000366210938,48378.98828125,
2021-03-03,353.28717041015625,74.55799102783203,116.03791809082031,160.6199951171875,50538.2421875,
2021-03-04,348.91522216796875,74.55799102783203,115.28951263427734,159.0399932861328,48561.16796875,
2021-03-05,355.3341369628906,74.55799102783203,115.5140380859375,159.13999938964844,48927.3046875,
2021-03-06,,,,,48912.3828125,
2021-03-07,,,,,51206.69140625,
2021-03-08,353.5649719238281,74.53205871582031,114.615966796875,157.49000549316406,52246.5234375,
2021-03-09,358.613037109375,74.53205871582031,116.20428466796875,160.83999633789062,54824.1171875,
2021-03-10,360.8452453613281,74.55799102783203,116.43714141845703,161.66000366210938,56008.55078125,
2021-03-11,364.5039978027344,74.55799102783203,115.59715270996094,161.52000427246094,57805.12109375,
2021-03-12,364.994873046875,74.54933166503906,113.14405059814453,161.49000549316406,57332.08984375,
2021-03-13,,,,,61243.0859375,
2021-03-14,,,,,59302.31640625,
2021-03-15,367.1714782714844,74.55799102783203,113.80928802490234,162.1999969482422,55907.19921875,
2021-03-16,366.7083435058594,74.55799102783203,113.35194396972656,162.35000610351562,56804.90234375,
2021-03-17,367.95880126953125,74.57526397705078,112.50370788574219,163.50999450683594,58870.89453125,
2021-03-18,362.60516357421875,74.5666275024414,111.36445617675781,162.55999755859375,57858.921875,
2021-03-19,361.93414306640625,74.5666275024414,112.05465698242188,163.24000549316406,58346.65234375,
2021-03-20,,,,,58313.64453125,
2021-03-21,,,,,57523.421875,
2021-03-22,364.82421875,74.55799102783203,113.31038665771484,163.0,54529.14453125,
2021-03-23,361.9527282714844,74.5666275024414,114.33316040039062,161.80999755859375,54738.9453125,
2021-03-24,360.1127624511719,74.58393096923828,114.9485855102539,162.3699951171875,52774.265625,
2021-03-25,362.13861083984375,74.5925521850586,114.04212951660156,161.77999877929688,51704.16015625,
2021-03-26,367.97454833984375,74.5925521850586,113.64297485351562,162.24000549316406,55137.3125,
2021-03-27,,,,,55973.51171875,
2021-03-28,,,,,55950.74609375,
2021-03-29,367.7886047363281,74.57526397705078,112.6783676147461,160.30999755859375,57750.19921875,
2021-03-30,366.8128662109375,74.57526397705078,113.26880645751953,157.57000732421875,58917.69140625,
2021-03-31,368.2997131347656,74.54933166503906,112.63682556152344,159.9600067138672,58918.83203125,
2021-04-01,372.27703857421875,74.5484619140625,114.50621795654297,161.97999572753906,59095.80859375,
2021-04-02,,,,,59384.3125,
2021-04-03,,,,,57603.890625,
2021-04-04,,,,,58758.5546875,
2021-04-05,377.6203918457031,74.53118896484375,114.00658416748047,161.9199981689453,59057.87890625,
2021-04-06,377.3973083496094,74.5484619140625,114.7810287475586,163.22000122070312,58192.359375,
2021-04-07,377.8341369628906,74.55712890625,113.98163604736328,162.75999450683594,56048.9375,
2021-04-08,379.6275939941406,74.58308410644531,114.92256927490234,164.50999450683594,58323.953125,
2021-04-09,382.3875732421875,74.55712890625,114.50621795654297,163.27000427246094,58245.00390625,
2021-04-10,,,,,59793.234375,
2021-04-11,,,,,60204.96484375,
2021-04-12,382.5269470214844,74.53984069824219,114.45623779296875,162.27999877929688,59893.453125,
2021-04-13,383.6606140136719,74.56575012207031,115.31394958496094,163.42999267578125,63503.45703125,
2021-04-14,382.35040283203125,74.56575012207031,114.94754028320312,162.72000122070312,63109.6953125,
2021-04-15,386.45770263671875,74.58308410644531,116.87108612060547,165.35000610351562,63314.01171875,
2021-04-16,387.74945068359375,74.57441711425781,115.96345520019531,166.35000610351562,61572.7890625,
2021-04-17,,,,,60683.8203125,
2021-04-18,,,,,56216.18359375,
2021-04-19,385.8444519042969,74.56575012207031,115.63036346435547,165.88999938964844,55724.265625,
2021-04-20,383.0194396972656,74.58308410644531,116.16331481933594,166.47999572753906,56473.03125,
2021-04-21,386.64361572265625,74.60033416748047,116.3965072631836,168.1300048828125,53906.08984375,
2021-04-22,383.11236572265625,74.5916976928711,116.9043960571289,167.0399932861328,51762.2734375,
2021-04-23,387.2661437988281,74.57441711425781,116.629638671875,166.39999389648438,51093.65234375,
2021-04-24,,,,,50050.8671875,
2021-04-25,,,,,49004.25390625,
2021-04-26,388.07470703125,74.55712890625,116.4631118774414,166.83999633789062,54021.75390625,
2021-04-27,387.9910888671875,74.5484619140625,115.44719696044922,166.4199981689453,55033.1171875,
2021-04-28,387.8795166015625,74.56575012207031,115.52212524414062,166.91000366210938,54824.703125,
2021-04-29,390.3513488769531,74.58308410644531,115.18074798583984,166.22000122070312,53555.109375,
2021-04-30,387.78662109375,74.5916976928711,115.44719696044922,165.66000366210938,57750.17578125,
2021-05-01,,,,,57828.05078125,
2021-05-02,,,,,56631.078125,
2021-05-03,388.623046875,74.58478546142578,115.51641845703125,167.80999755859375,57200.29296875,
2021-05-04,386.2254638671875,74.58478546142578,116.30030822753906,166.5800018310547,53333.5390625,
2021-05-05,386.34625244140625,74.60205841064453,116.49213409423828,167.27000427246094,57424.0078125,
2021-05-06,389.43145751953125,74.60205841064453,116.6839370727539,170.05999755859375,56396.515625,
2021-05-07,392.2657470703125,74.62800598144531,116.10848999023438,171.58999633789062,57356.40234375,
2021-05-08,,,,,58803.77734375,
2021-05-09,,,,,58232.31640625,
2021-05-10,388.38128662109375,74.60205841064453,114.93268585205078,172.11000061035156,55859.796875,
2021-05-11,384.9151306152344,74.59344482421875,114.28221130371094,172.13999938964844,56704.57421875,
2021-05-12,376.73748779296875,74.58478546142578,113.08132934570312,170.42999267578125,49150.53515625,
2021-05-13,381.2630920410156,74.60205841064453,113.25643157958984,171.1300048828125,49716.19140625,
2021-05-14,387.11749267578125,74.60205841064453,114.3155517578125,172.69000244140625,49880.53515625,
2021-05-15,,,,,46760.1875,
2021-05-16,,,,,46456.05859375,
2021-05-17,386.13250732421875,74.60205841064453,114.07374572753906,174.6999969482422,43537.51171875,
2021-05-18,382.8057861328125,74.6106948852539,113.7818832397461,175.0399932861328,42909.40234375,
2021-05-19,381.80206298828125,74.58478546142578,113.50665283203125,175.16000366210938,37002.44140625,
2021-05-20,385.9095764160156,74.61937713623047,114.44063568115234,175.9600067138672,40782.73828125,
2021-05-21,385.5935363769531,74.60205841064453,114.80755615234375,176.0399932861328,37304.69140625,
2021-05-22,,,,,37536.6328125,
2021-05-23,,,,,34770.58203125,
2021-05-24,389.5243835449219,74.61937713623047,115.23284912109375,176.35000610351562,38705.98046875,
2021-05-25,388.6601257324219,74.61937713623047,116.30030822753906,177.9499969482422,38402.22265625,
2021-05-26,389.43145751953125,74.63664245605469,116.10013580322266,177.63999938964844,39294.19921875,
2021-05-27,389.63592529296875,74.63664245605469,115.63318634033203,177.7100067138672,38436.96875,
2021-05-28,390.33282470703125,74.63664245605469,115.4496841430664,178.3800048828125,35697.60546875,
2021-05-29,,,,,34616.06640625,
2021-05-30,,,,,35678.12890625,
2021-05-31,,,,,37332.85546875,
2021-06-01,389.9890441894531,74.62110137939453,115.42382049560547,177.89999389648438,36684.92578125,
2021-06-02,390.60235595703125,74.6297378540039,115.6910400390625,178.77000427246094,37575.1796875,
2021-06-03,389.1526794433594,74.60379791259766,115.2567367553711,175.27000427246094,39208.765625,
2021-06-04,392.7117614746094,74.6297378540039,116.83513641357422,177.16000366210938,36894.40625,
2021-06-05,,,,,35551.95703125,
2021-06-06,,,,,35862.37890625,
2021-06-07,392.3308410644531,74.62110137939453,116.47610473632812,177.8699951171875,33560.70703125,
2021-06-08,392.4144592285156,74.63838958740234,117.29450225830078,177.32000732421875,33472.6328125,
2021-06-09,391.8290100097656,74.62110137939453,118.33007049560547,176.97999572753906,37345.12109375,
2021-06-10,393.650390625,74.64705657958984,119.03995513916016,177.74000549316406,36702.59765625,
2021-06-11,394.3009033203125,74.6297378540039,118.84788513183594,175.74000549316406,37334.3984375,
2021-06-12,,,,,35552.515625,
2021-06-13,,,,,39097.859375,
2021-06-14,395.18365478515625,74.60379791259766,117.93755340576172,174.7100067138672,40218.4765625,
2021-06-15,394.4588317871094,74.59517669677734,117.79557800292969,174.0500030517578,40406.26953125,
2021-06-16,392.2564697265625,74.52597045898438,117.69535064697266,171.11000061035156,38347.0625,
2021-06-17,392.1263122558594,74.52597045898438,119.45747375488281,165.85000610351562,38053.50390625,
2021-06-18,386.83642578125,74.4654312133789,121.70404815673828,164.92999267578125,35787.24609375,
2021-06-19,,,,,35615.87109375,
2021-06-20,,,,,35698.296875,
2021-06-21,392.374267578125,74.48272705078125,119.66632080078125,166.9499969482422,31676.693359375,
2021-06-22,394.4720764160156,74.52597045898438,119.95854187011719,166.25,32505.66015625,
2021-06-23,393.9965515136719,74.47406005859375,119.64957427978516,166.13999938964844,33723.02734375,
2021-06-24,396.327392578125,74.48272705078125,119.84162902832031,166.0399932861328,34662.4375,
2021-06-25,397.7350769042969,74.47406005859375,118.59735870361328,166.58999633789062,31637.779296875,
2021-06-26,,,,,32186.27734375,
2021-06-27,,,,,34649.64453125,
2021-06-28,398.53692626953125,74.50003051757812,119.81659698486328,166.5800018310547,34434.3359375,
2021-06-29,398.7514343261719,74.49136352539062,120.01705169677734,164.8300018310547,35867.77734375,
2021-06-30,399.0870361328125,74.50867462158203,120.55154418945312,165.6300048828125,35040.8359375,
2021-07-01,401.2966003417969,74.49395751953125,120.55821990966797,166.1999969482422,33572.1171875,
2021-07-02,404.3638916015625,74.52857208251953,121.2857437133789,167.2899932861328,33897.046875,
2021-07-03,,,,,34668.546875,
2021-07-04,,,,,35287.78125,
2021-07-05,,,,,33746.00390625,
2021-07-06,403.6273498535156,74.55449676513672,122.70720672607422,168.1199951171875,34235.1953125,
2021-07-07,405.0538635253906,74.56317138671875,123.79441833496094,168.75999450683594,33855.328125,
2021-07-08,401.75341796875,74.59776306152344,124.27941131591797,168.64999389648438,32877.37109375,
2021-07-09,406.04217529296875,74.57182312011719,122.53169250488281,169.2100067138672,33798.01171875,
2021-07-10,,,,,33520.51953125,
2021-07-11,,,,,34240.1875,
2021-07-12,407.49658203125,74.55449676513672,122.3727798461914,169.0,33155.84765625,
2021-07-13,406.1074523925781,74.49395751953125,121.43628692626953,169.22000122070312,32702.025390625,
2021-07-14,406.7133483886719,74.5458755493164,122.81597900390625,171.0399932861328,32822.34765625,
2021-07-15,405.3242492675781,74.55449676513672,124.17070007324219,171.07000732421875,31780.73046875,
2021-07-16,402.1449890136719,74.5458755493164,123.9365463256836,169.41000366210938,31421.5390625,
2021-07-17,,,,,31533.068359375,
2021-07-18,,,,,31796.810546875,
2021-07-19,396.2061462402344,74.58045959472656,126.6542739868164,169.61000061035156,30817.83203125,
2021-07-20,401.88397216796875,74.61506652832031,125.43338775634766,169.38999938964844,29807.34765625,
2021-07-21,405.1376953125,74.589111328125,123.8446044921875,168.75999450683594,32110.693359375,
2021-07-22,405.9861755371094,74.59776306152344,125.01531219482422,169.08999633789062,32313.10546875,
2021-07-23,410.1629333496094,74.60640716552734,124.17904663085938,168.55999755859375,33581.55078125,
2021-07-24,,,,,34292.4453125,
2021-07-25,,,,,35350.1875,
2021-07-26,411.1698303222656,74.589111328125,123.81119537353516,168.16000366210938,37337.53515625,
2021-07-27,409.2958679199219,74.60640716552734,125.13236999511719,168.44000244140625,39406.94140625,
2021-07-28,409.1280822753906,74.61506652832031,125.14066314697266,169.2899932861328,39995.90625,
2021-07-29,410.8249206542969,74.61506652832031,124.44664764404297,171.1699981689453,40008.421875,
2021-07-30,408.8297424316406,74.63236999511719,125.03201293945312,169.82000732421875,42235.546875,
2021-07-31,,,,,41626.1953125,
2021-08-01,,,,,39974.89453125,
2021-08-02,407.9720153808594,74.66001892089844,126.1472396850586,169.61000061035156,39201.9453125,
2021-08-03,411.2909851074219,74.66001892089844,126.21416473388672,169.49000549316406,38152.98046875,
2021-08-04,409.2679443359375,74.6340560913086,126.4736557006836,169.52999877929688,39747.50390625,
2021-08-05,411.8597717285156,74.59949493408203,125.8291015625,168.86000061035156,40869.5546875,
2021-08-06,412.54034423828125,74.57351684570312,123.72760009765625,164.63999938964844,42816.5,
2021-08-07,,,,,44555.80078125,
2021-08-08,,,,,43798.1171875,
2021-08-09,412.2046813964844,74.54759216308594,123.28384399414062,161.72000122070312,46365.40234375,
2021-08-10,412.7174987792969,74.52161407470703,122.7144775390625,161.77000427246094,45585.03125,
2021-08-11,413.74298095703125,74.55622100830078,122.63919067382812,164.0,45593.63671875,
2021-08-12,414.9830322265625,74.55622100830078,122.4382095336914,164.0399932861328,44428.2890625,
2021-08-13,415.7381896972656,74.56487274169922,124.37228393554688,166.38999938964844,47793.3203125,
2021-08-14,,,,,47096.9453125,
2021-08-15,,,,,47047.00390625,
2021-08-16,416.7170715332031,74.58219146728516,124.6737060546875,167.22000122070312,46004.484375,
2021-08-17,413.98541259765625,74.56487274169922,124.62349700927734,166.97000122070312,44695.359375,
2021-08-18,409.4542541503906,74.56487274169922,125.04203033447266,167.10000610351562,44801.1875,
2021-08-19,410.0884094238281,74.56487274169922,125.96302032470703,166.61000061035156,46717.578125,
2021-08-20,413.3514404296875,74.56487274169922,126.04673767089844,166.6999969482422,49339.17578125,
2021-08-21,,,,,48905.4921875,
2021-08-22,,,,,49321.65234375,
2021-08-23,416.9875183105469,74.56487274169922,125.96302032470703,168.72999572753906,49546.1484375,
2021-08-24,417.6493835449219,74.55622100830078,124.98343658447266,168.64999389648438,47706.1171875,
2021-08-25,418.52581787109375,74.54759216308594,123.94530487060547,167.47999572753906,48960.7890625,
2021-08-26,416.05517578125,74.54759216308594,124.28853607177734,167.6699981689453,46942.21875,
2021-08-27,419.7750549316406,74.59949493408203,125.13414764404297,170.19000244140625,49058.66796875,
2021-08-28,,,,,48902.40234375,
2021-08-29,,,,,48829.83203125,
2021-08-30,421.62109375,74.61680603027344,125.46063995361328,169.35000610351562,47054.984375,
2021-08-31,420.9964294433594,74.60812377929688,124.60665130615234,169.69000244140625,47166.6875,
2021-09-01,421.22015380859375,74.6020736694336,124.8154296875,169.6999969482422,48847.02734375,
2021-09-02,422.5161437988281,74.6020736694336,125.36036682128906,169.25,49327.72265625,
2021-09-03,422.41357421875,74.6020736694336,124.2201919555664,171.05999755859375,50025.375,
2021-09-04,,,,,49944.625,
2021-09-05,,,,,51753.41015625,
2021-09-06,,,,,52633.53515625,
2021-09-07,420.90313720703125,74.57610321044922,123.1723403930664,167.7100067138672,46811.12890625,
2021-09-08,420.39044189453125,74.59343719482422,124.01065826416016,167.2899932861328,46091.390625,
2021-09-09,418.591064453125,74.6106948852539,125.5112075805664,168.02999877929688,46391.421875,
2021-09-10,415.2906799316406,74.58477020263672,124.40465545654297,167.17999267578125,44883.91015625,
2021-09-11,,,,,45201.45703125,
2021-09-12,,,,,46063.26953125,
2021-09-13,416.353515625,74.6020736694336,125.1591567993164,167.74000549316406,44963.07421875,
2021-09-14,414.1065368652344,74.6106948852539,126.6764144897461,168.82000732421875,47092.4921875,
2021-09-15,417.5655212402344,74.6106948852539,126.23212432861328,167.8300018310547,48176.34765625,
2021-09-16,416.90362548828125,74.58477020263672,125.65365600585938,164.02999877929688,47783.359375,
2021-09-17,412.8424987792969,74.56746673583984,125.05009460449219,163.77000427246094,47267.51953125,
2021-09-18,,,,,48278.36328125,
2021-09-19,,,,,47260.21875,
2021-09-20,405.95867919921875,74.58477020263672,126.60102844238281,164.94000244140625,42843.80078125,
2021-09-21,405.5751953125,74.6020736694336,126.49199676513672,166.0399932861328,40693.67578125,
2021-09-22,409.5314636230469,74.5588150024414,127.24650573730469,165.4199981689453,43574.5078125,
2021-09-23,414.5073547363281,74.51557159423828,124.37113952636719,163.50999450683594,44895.09765625,
2021-09-24,415.1900634765625,74.48961639404297,123.15559387207031,163.3000030517578,42839.75,
2021-09-25,,,,,42716.59375,
2021-09-26,,,,,43208.5390625,
2021-09-27,414.0023498535156,74.48094940185547,122.70286560058594,163.63999938964844,42235.73046875,
2021-09-28,405.6593322753906,74.48961639404297,120.7915267944336,162.0500030517578,41034.54296875,
2021-09-29,406.3421936035156,74.51557159423828,121.00112915039062,161.32000732421875,41564.36328125,
2021-09-30,401.37567138671875,74.53286743164062,120.98435974121094,164.22000122070312,43790.89453125,
2021-10-01,406.1457214355469,74.5683364868164,122.00253295898438,164.58999633789062,48116.94140625,
2021-10-02,,,,,47711.48828125,
2021-10-03,,,,,48199.953125,
2021-10-04,400.9080810546875,74.5337142944336,121.69198608398438,165.36000061035156,49112.90234375,
2021-10-05,405.0794372558594,74.52507781982422,120.5168228149414,164.58999633789062,51514.8125,
2021-10-06,406.7630615234375,74.51641082763672,121.19673156738281,165.02999877929688,55361.44921875,
2021-10-07,410.27972412109375,74.4904556274414,119.92926788330078,164.16000366210938,53805.984375,
2021-10-08,409.5314636230469,74.46450805664062,119.08992004394531,164.22999572753906,53967.84765625,
2021-10-09,,,,,54968.22265625,
2021-10-10,,,,,54771.578125,
2021-10-11,406.5666809082031,74.40393829345703,118.78770446777344,163.9199981689453,57484.7890625,
2021-10-12,405.5657958984375,74.4385757446289,120.8189697265625,164.66000366210938,56041.05859375,
2021-10-13,407.02490234375,74.4126205444336,121.9941177368164,167.58999633789062,57401.09765625,
2021-10-14,413.871337890625,74.4126205444336,122.44737243652344,168.0,57321.5234375,
2021-10-15,417.0233459472656,74.36935424804688,121.73385620117188,165.3300018310547,61593.94921875,
2021-10-16,,,,,60892.1796875,
2021-10-17,,,,,61553.6171875,
2021-10-18,418.2579040527344,74.31741333007812,122.3046875,164.9199981689453,62026.078125,
2021-10-19,421.4847106933594,74.34339141845703,120.6175308227539,165.4499969482422,64261.9921875,
2021-10-20,423.14019775390625,74.36935424804688,119.8033676147461,166.89999389648438,65992.8359375,
2021-10-21,424.2438659667969,74.28277587890625,119.66072845458984,166.75,62210.171875,
2021-10-22,423.8042297363281,74.2655258178711,120.97846221923828,167.77000427246094,60692.265625,
2021-10-23,,,,,61393.6171875,
2021-10-24,,,,,60930.8359375,
2021-10-25,426.07708740234375,74.30011749267578,120.79385375976562,168.92999267578125,63039.82421875,
2021-10-26,426.46051025390625,74.28277587890625,121.79267883300781,167.67999267578125,60363.79296875,
2021-10-27,424.5711669921875,74.2655258178711,124.00863647460938,168.1199951171875,58482.38671875,
2021-10-28,428.6677551269531,74.27416229248047,123.58893585205078,168.0800018310547,60622.13671875,
2021-10-29,429.53765869140625,74.28277587890625,123.96663665771484,166.64999389648438,62227.96484375,
2021-10-30,,,,,61888.83203125,
2021-10-31,,,,,61318.95703125,
2021-11-01,430.2764587402344,74.24906158447266,123.07408142089844,167.52000427246094,61004.40625,
2021-11-02,432.01617431640625,74.3269271850586,123.62039947509766,167.16000366210938,63226.40234375,
2021-11-03,434.6537780761719,74.30963134765625,122.34288787841797,165.77000427246094,62970.046875,
2021-11-04,436.7021179199219,74.37886810302734,123.62879180908203,167.64999389648438,61452.23046875,
2021-11-05,438.21722412109375,74.41345977783203,125.47774505615234,169.83999633789062,61125.67578125,
2021-11-06,,,,,61527.48046875,
2021-11-07,,,,,63326.98828125,
2021-11-08,438.59136962890625,74.3269271850586,125.2424545288086,170.4499969482422,67566.828125,
2021-11-09,437.14166259765625,74.37019348144531,126.8729019165039,171.2899932861328,66971.828125,
2021-11-10,433.6248779296875,74.22306060791016,124.55332946777344,173.14999389648438,64995.23046875,
2021-11-11,433.76519775390625,74.17115783691406,124.36833953857422,174.1199951171875,64949.9609375,
2021-11-12,437.03875732421875,74.23175048828125,123.82212829589844,174.4499969482422,64155.94140625,
2021-11-13,,,,,64469.52734375,
2021-11-14,,,,,65466.83984375,
2021-11-15,437.1884460449219,74.22306060791016,122.26725769042969,174.17999267578125,63557.87109375,
2021-11-16,438.91876220703125,74.22306060791016,121.95629119873047,172.9199981689453,60161.24609375,
2021-11-17,437.8525085449219,74.24906158447266,122.92282104492188,174.5,60368.01171875,
2021-11-18,439.33966064453125,74.24040985107422,123.38501739501953,173.94000244140625,56942.13671875,
2021-11-19,438.553955078125,74.22306060791016,124.687744140625,172.61000061035156,58119.578125,
2021-11-20,,,,,59697.1953125,
2021-11-21,,,,,58730.4765625,
2021-11-22,437.3193359375,74.13654327392578,123.2253646850586,168.74000549316406,56289.2890625,
2021-11-23,437.8992919921875,74.13654327392578,121.44364929199219,167.27999877929688,57569.07421875,
2021-11-24,439.0683898925781,74.1192626953125,123.39344024658203,167.1199951171875,56280.42578125,
2021-11-25,,,,,57274.6796875,
2021-11-26,429.2757263183594,74.26636505126953,126.51148986816406,166.85000610351562,53569.765625,
2021-11-27,,,,,54815.078125,
2021-11-28,,,,,57248.45703125,
2021-11-29,434.54144287109375,74.30101013183594,125.49456024169922,166.6199951171875,57806.56640625,
2021-11-30,426.0863342285156,74.24040985107422,127.40232849121094,165.5,57005.42578125,
2021-12-01,421.3537292480469,74.24906921386719,128.18824768066406,166.16000366210938,57229.828125,
2021-12-02,427.807373046875,74.1537857055664,128.34817504882812,165.24000549316406,56477.81640625,
2021-12-03,424.08489990234375,74.19709777832031,129.87966918945312,166.6300048828125,53598.24609375,
2021-12-04,,,,,49200.703125,
2021-12-05,,,,,49368.84765625,
2021-12-06,429.10736083984375,74.13648223876953,128.095703125,166.22000122070312,50582.625,
2021-12-07,437.9835510253906,74.04126739501953,127.06072998046875,166.80999755859375,50700.0859375,
2021-12-08,439.14324951171875,74.06720733642578,124.86448669433594,166.89999389648438,50504.796875,
2021-12-09,436.1783142089844,74.04126739501953,125.56291198730469,165.8800048828125,47672.12109375,
2021-12-10,440.2843017578125,74.07588195800781,125.25999450683594,166.5800018310547,47243.3046875,
2021-12-11,,,,,49362.5078125,
2021-12-12,,,,,50098.3359375,
2021-12-13,436.38409423828125,74.11917877197266,127.11119842529297,167.0,46737.48046875,
2021-12-14,433.3817443847656,74.07588195800781,126.80828094482422,165.44000244140625,46612.6328125,
2021-12-15,440.15338134765625,74.10186767578125,125.58814239501953,166.14999389648438,48896.72265625,
2021-12-16,436.2718200683594,74.1607666015625,125.636962890625,168.16000366210938,47665.42578125,
2021-12-17,431.6285705566406,74.12610626220703,127.06071472167969,167.8000030517578,46202.14453125,
2021-12-18,,,,,46848.77734375,
2021-12-19,,,,,46707.015625,
2021-12-20,427.03900146484375,74.14344024658203,126.10874938964844,167.08999633789062,46880.27734375,
2021-12-21,434.6227722167969,74.10013580322266,125.6285400390625,167.02000427246094,48936.61328125,
2021-12-22,438.9684143066406,74.09146881103516,126.20985412597656,168.58999633789062,48628.51171875,
2021-12-23,441.6997375488281,74.08279418945312,125.1147232055664,168.97000122070312,50784.5390625,
2021-12-24,,,,,50822.1953125,
2021-12-25,,,,,50429.859375,
2021-12-26,,,,,50809.515625,
2021-12-27,447.9506530761719,74.05683135986328,125.4179916381836,169.3699951171875,50640.41796875,
2021-12-28,447.5845947265625,74.05683135986328,124.92098999023438,168.63999938964844,47588.85546875,
2021-12-29,448.1572265625,74.04815673828125,123.5562744140625,168.58999633789062,46444.7109375,
2021-12-30,446.9182434082031,74.09146881103516,124.59244537353516,169.8000030517578,47178.125,
2021-12-31,445.7918395996094,74.08279418945312,124.83678436279297,170.9600067138672,46306.4453125,
2022-01-01,,,,,47686.8125,
2022-01-02,,,,,47345.21875,
2022-01-03,448.373046875,73.99620819091797,121.55979919433594,168.3300018310547,46458.1171875,
2022-01-04,448.222900390625,74.03951263427734,121.05431365966797,169.57000732421875,45897.57421875,
2022-01-05,439.61602783203125,73.94425201416016,120.39726257324219,169.05999755859375,43569.00390625,
2022-01-06,439.2030944824219,73.88360595703125,120.70892333984375,166.99000549316406,43160.9296875,
2022-01-07,437.46661376953125,73.86629486083984,119.84123229980469,167.75,41557.90234375,
2022-01-08,,,,,41733.94140625,
2022-01-09,,,,,41911.6015625,
2022-01-10,436.9222717285156,73.8229751586914,120.13606262207031,168.25999450683594,41821.26171875,
2022-01-11,440.90179443359375,73.84898376464844,120.93641662597656,170.2899932861328,42735.85546875,
2022-01-12,442.0939025878906,73.8229751586914,120.47308349609375,170.74000549316406,43949.1015625,
2022-01-13,436.00244140625,73.85762786865234,121.5429458618164,170.16000366210938,42591.5703125,
2022-01-14,436.1807556152344,73.76237487792969,119.70646667480469,169.6699981689453,43099.69921875,
2022-01-15,,,,,43177.3984375,
2022-01-16,,,,,43113.87890625,
2022-01-17,,,,,42250.55078125,
2022-01-18,428.4562072753906,73.6497802734375,118.02167510986328,169.38999938964844,42375.6328125,
2022-01-19,424.0073547363281,73.68441772460938,118.8387680053711,172.0800018310547,41744.328125,
2022-01-20,419.3143615722656,73.66710662841797,119.57168579101562,171.64999389648438,40680.41796875,
2022-01-21,411.0829772949219,73.72772979736328,120.99539184570312,171.08999633789062,36457.31640625,
2022-01-22,,,,,35030.25,
2022-01-23,,,,,36276.8046875,
2022-01-24,412.8287048339844,73.7710189819336,120.00127410888672,172.02999877929688,36654.328125,
2022-01-25,407.78851318359375,73.73639678955078,119.80757904052734,172.5800018310547,36954.00390625,
2022-01-26,406.7654113769531,73.60649108886719,118.35858917236328,169.7899932861328,36852.12109375,
2022-01-27,404.7568054199219,73.54582977294922,120.53203582763672,167.60000610351562,37138.234375,
2022-01-28,414.8091125488281,73.5718002319336,120.5741958618164,167.10000610351562,37784.33203125,
2022-01-29,,,,,38138.1796875,
2022-01-30,,,,,37917.6015625,
2022-01-31,422.2803039550781,73.5718002319336,119.95081329345703,168.08999633789062,38483.125,
2022-02-01,425.1336364746094,73.56573486328125,119.55262756347656,168.22999572753906,38743.2734375,
2022-02-02,429.2633361816406,73.58309936523438,119.95746612548828,168.83999633789062,36952.984375,
2022-02-03,419.173583984375,73.52246856689453,119.02113342285156,168.60000610351562,37154.6015625,
2022-02-04,421.1446228027344,73.37518310546875,117.26647186279297,168.86000061035156,41500.875,
2022-02-05,,,,,41441.1640625,
2022-02-06,,,,,42412.43359375,
2022-02-07,419.7930908203125,73.39249420166016,117.3423843383789,170.11000061035156,43840.28515625,
2022-02-08,423.2470703125,73.31453704833984,116.557861328125,170.6300048828125,44118.4453125,
2022-02-09,429.4418029785156,73.3058853149414,116.77719116210938,171.2100067138672,44338.796875,
2022-02-10,421.7265930175781,72.93338012695312,114.92132568359375,170.55999755859375,43565.11328125,
2022-02-11,413.4105529785156,73.15859985351562,116.62533569335938,173.80999755859375,42407.9375,
2022-02-12,,,,,42244.46875,
2022-02-13,,,,,42197.515625,
2022-02-14,412.05908203125,73.002685546875,115.17440032958984,174.74000549316406,42586.91796875,
2022-02-15,418.70428466796875,73.0286636352539,113.86687469482422,173.0800018310547,44575.203125,
2022-02-16,419.173583984375,73.12397003173828,114.54169464111328,174.86000061035156,43961.859375,
2022-02-17,410.2193908691406,73.1672592163086,115.39376068115234,177.25,40538.01171875,
2022-02-18,407.5632019042969,73.17594146728516,116.6084976196289,177.1199951171875,40030.9765625,
2022-02-19,,,,,40122.15625,
2022-02-20,,,,,38431.37890625,
2022-02-21,,,,,37075.28125,
2022-02-22,403.1893615722656,73.10663604736328,116.91214752197266,177.49000549316406,38286.02734375,
2022-02-23,396.03741455078125,73.0633316040039,115.3009262084961,178.2899932861328,37296.5703125,
2022-02-24,401.997314453125,73.12397003173828,115.37686157226562,177.13999938964844,38332.609375,
2022-02-25,410.8670349121094,73.12397003173828,115.46122741699219,176.5500030517578,39214.21875,
2022-02-26,,,,,39105.1484375,
2022-02-27,,,,,37709.78515625,
2022-02-28,409.8159484863281,73.25386810302734,117.99197387695312,178.3800048828125,43193.234375,
2022-03-01,403.5742492675781,73.42288208007812,119.35614013671875,181.6199951171875,44354.63671875,
2022-03-02,410.9984436035156,73.18024444580078,115.27629852294922,179.72999572753906,43924.1171875,
2022-03-03,408.9523010253906,73.18024444580078,116.45042419433594,180.8000030517578,42451.7890625,
2022-03-04,405.6297607421875,73.25821685791016,118.46077728271484,183.67999267578125,39137.60546875,
2022-03-05,,,,,39400.5859375,
2022-03-06,,,,,38419.984375,
2022-03-07,393.67218017578125,73.16290283203125,117.55696105957031,186.41000366210938,38062.0390625,
2022-03-08,390.68743896484375,73.06757354736328,116.37439727783203,191.50999450683594,38737.26953125,
2022-03-09,401.1620788574219,73.02427673339844,115.23402404785156,185.82000732421875,41982.92578125,
2022-03-10,399.3505859375,72.96357727050781,113.57843780517578,186.39999389648438,39437.4609375,
2022-03-11,394.2727966308594,72.93761444091797,113.95852661132812,185.08999633789062,38794.97265625,
2022-03-12,,,,,38904.01171875,
2022-03-13,,,,,37849.6640625,
2022-03-14,391.3913879394531,72.74695587158203,111.29769897460938,182.3000030517578,39666.75390625,
2022-03-15,399.9982604980469,72.7729721069336,111.10343933105469,178.88999938964844,39338.78515625,
2022-03-16,408.86785888671875,72.70360565185547,112.19312286376953,180.00999450683594,41143.9296875,
2022-03-17,413.98321533203125,72.67765808105469,111.3568344116211,180.88999938964844,40951.37890625,
2022-03-18,418.5174560546875,72.66031646728516,112.7167739868164,179.3000030517578,41801.15625,
2022-03-19,,,,,42190.65234375,
2022-03-20,,,,,41247.82421875,
2022-03-21,418.3950500488281,72.41770935058594,110.10669708251953,180.6699981689453,41077.99609375,
2022-03-22,423.29083251953125,72.3656997680664,108.69602966308594,179.36000061035156,42358.80859375,
2022-03-23,417.83953857421875,72.42635345458984,111.07807922363281,181.80999755859375,42892.95703125,
2022-03-24,424.1382141113281,72.40898132324219,110.20802307128906,183.1300048828125,43960.93359375,
2022-03-25,426.2096252441406,72.20970916748047,108.67912292480469,182.3800048828125,44348.73046875,
2022-03-26,,,,,44500.828125,
2022-03-27,,,,,46820.4921875,
2022-03-28,429.2411804199219,72.1403579711914,109.60831451416016,179.05999755859375,47128.00390625,
2022-03-29,434.5512390136719,72.175048828125,110.43610382080078,179.13999938964844,47465.73046875,
2022-03-30,431.86798095703125,72.22702026367188,111.29769897460938,180.5800018310547,47062.6640625,
2022-03-31,425.2210388183594,72.22702026367188,111.56803894042969,180.64999389648438,45538.67578125,
2022-04-01,426.4260559082031,72.07617950439453,111.99266815185547,179.5,46281.64453125,
2022-04-02,,,,,45868.94921875,
2022-04-03,,,,,46453.56640625,
2022-04-04,430.07916259765625,72.11953735351562,111.21443176269531,180.3699951171875,46622.67578125,
2022-04-05,424.6466064453125,71.989501953125,108.7017822265625,179.24000549316406,45555.9921875,
2022-04-06,420.40045166015625,72.04151153564453,107.82195281982422,179.66000366210938,43206.73828125,
2022-04-07,422.5188903808594,72.09353637695312,107.00980377197266,180.33999633789062,43503.84765625,
2022-04-08,421.3890686035156,72.00684356689453,105.85078430175781,181.47000122070312,42287.6640625,
2022-04-09,,,,,42782.13671875,
2022-04-10,,,,,42207.671875,
2022-04-11,414.1865234375,72.02418518066406,104.17571258544922,182.3699951171875,39521.90234375,
2022-04-12,412.6518859863281,72.20623016357422,104.03191375732422,183.77000427246094,40127.18359375,
2022-04-13,417.37823486328125,72.24090576171875,104.24340057373047,184.64999389648438,41166.73046875,
2022-04-14,412.18115234375,72.1108627319336,102.15380096435547,184.0399932861328,39935.515625,
2022-04-15,,,,,40553.46484375,
2022-04-16,,,,,40424.484375,
2022-04-17,,,,,39716.953125,
2022-04-18,412.3506164550781,72.1108627319336,101.64618682861328,184.61000061035156,40826.21484375,
2022-04-19,419.00701904296875,71.9461441040039,100.88481903076172,181.82000732421875,41502.75,
2022-04-20,418.69635009765625,71.989501953125,102.9151840209961,182.7100067138672,41374.37890625,
2022-04-21,412.4353332519531,71.86811828613281,102.15380096435547,182.05999755859375,40527.36328125,
2022-04-22,401.118408203125,71.85079193115234,101.5108413696289,180.2899932861328,39740.3203125,
2022-04-23,,,,,39486.73046875,
2022-04-24,,,,,39469.29296875,
2022-04-25,403.4439392089844,71.96346282958984,102.52606201171875,177.0500030517578,40458.30859375,
2022-04-26,391.7598876953125,72.09353637695312,103.55815887451172,177.32000732421875,38117.4609375,
2022-04-27,392.8614807128906,72.05885314941406,102.2299575805664,175.97999572753906,39241.12109375,
2022-04-28,402.784912109375,72.00684356689453,102.38219451904297,176.92999267578125,39773.828125,
2022-04-29,387.89971923828125,71.86811828613281,101.05399322509766,176.91000366210938,38609.82421875,
2022-04-30,,,,,37714.875,
2022-05-01,,,,,38469.09375,
2022-05-02,390.23468017578125,71.8629150390625,99.30235290527344,173.6300048828125,38529.328125,
2022-05-03,392.0235595703125,71.8282241821289,99.97183990478516,174.08999633789062,37750.453125,
2022-05-04,403.9617614746094,72.01907348632812,100.5226821899414,175.8000030517578,39698.37109375,
2022-05-05,389.6038818359375,71.89762115478516,97.76850891113281,175.1300048828125,36575.140625,
2022-05-06,387.2783508300781,71.88895416259766,96.32785034179688,175.4199981689453,36040.921875,
2022-05-07,,,,,35501.953125,
2022-05-08,,,,,34059.265625,
2022-05-09,374.87872314453125,72.07109832763672,97.17529296875,172.8800048828125,30296.953125,
2022-05-10,375.744873046875,72.02771759033203,98.0566177368164,171.4199981689453,31022.90625,
2022-05-11,369.7757568359375,72.03640747070312,99.94641876220703,172.82000732421875,28936.35546875,
2022-05-12,369.3897399902344,72.14049530029297,99.75995635986328,170.1699981689453,29047.751953125,
2022-05-13,378.22113037109375,72.11447143554688,98.28546142578125,168.7899932861328,29283.103515625,
2022-05-14,,,,,30101.265625,
2022-05-15,,,,,31305.11328125,
2022-05-16,376.6864318847656,72.15782928466797,98.18374633789062,170.39999389648438,29862.91796875,
2022-05-17,384.4350891113281,72.001708984375,96.99734497070312,169.3300018310547,30425.857421875,
2022-05-18,368.9378662109375,72.03640747070312,99.0650634765625,169.4199981689453,28720.271484375,
2022-05-19,366.67822265625,72.14049530029297,99.30235290527344,171.91000366210938,30314.333984375,
2022-05-20,366.8383483886719,72.19253540039062,100.42945098876953,172.02999877929688,29200.740234375,
2022-05-21,,,,,29432.2265625,
2022-05-22,,,,,30323.72265625,
2022-05-23,373.7018737792969,72.15782928466797,98.77696228027344,172.8300018310547,29098.91015625,
2022-05-24,370.8491516113281,72.32266235351562,100.72605895996094,174.1300048828125,29655.5859375,
2022-05-25,374.12548828125,72.37469482421875,101.12434387207031,173.0800018310547,29562.361328125,
2022-05-26,381.60107421875,72.39205169677734,100.66673278808594,172.75999450683594,29267.224609375,
2022-05-27,390.968994140625,72.40934753417969,100.91248321533203,172.85000610351562,28627.57421875,
2022-05-28,,,,,28814.900390625,
2022-05-29,,,,,29445.95703125,
2022-05-30,,,,,31726.390625,
2022-05-31,388.77532958984375,72.2966079711914,98.77696228027344,171.13999938964844,31792.310546875,
2022-06-01,385.6307373046875,72.16209411621094,98.66403198242188,172.22999572753906,29799.080078125,
2022-06-02,392.9744873046875,72.17943572998047,98.71495819091797,174.35000610351562,30467.48828125,
2022-06-03,386.525146484375,72.15340423583984,98.50273895263672,172.5800018310547,29704.390625,
2022-06-04,,,,,29832.9140625,
2022-06-05,,,,,29906.662109375,
2022-06-06,387.7020263671875,72.05792236328125,96.68602752685547,171.82000732421875,31370.671875,
2022-06-07,391.4209289550781,72.06658935546875,97.73023223876953,172.94000244140625,31155.478515625,
2022-06-08,387.16534423828125,72.01448822021484,96.8642578125,172.77999877929688,30214.35546875,
2022-06-09,377.95745849609375,71.96243286132812,97.18688201904297,172.22999572753906,30111.998046875,
2022-06-10,366.9983215332031,71.65858459472656,96.5841064453125,174.5399932861328,29083.8046875,
2022-06-11,,,,,28360.810546875,
2022-06-12,,,,,26762.6484375,
2022-06-13,353.0640563964844,71.29399871826172,93.55341339111328,169.92999267578125,22487.388671875,
2022-06-14,352.00018310546875,71.15511322021484,92.37339782714844,168.57000732421875,22206.79296875,
2022-06-15,357.0184326171875,71.43290710449219,94.09671783447266,170.77000427246094,22572.83984375,
2022-06-16,345.2025451660156,71.52841186523438,94.84382629394531,172.69000244140625,20381.650390625,
2022-06-17,345.9466857910156,71.51103973388672,95.14942169189453,171.27000427246094,20471.482421875,
2022-06-18,,,,,19017.642578125,
2022-06-19,,,,,20553.271484375,
2022-06-20,,,,,20599.537109375,
2022-06-21,354.6553955078125,71.4849853515625,93.53643035888672,170.6300048828125,20710.59765625,
2022-06-22,354.01239013671875,71.69329833984375,96.10872650146484,171.30999755859375,19987.029296875,
2022-06-23,357.482666015625,71.75408172607422,96.89823150634766,170.25999450683594,21085.876953125,
2022-06-24,368.8484191894531,71.7367172241211,95.55692291259766,170.08999633789062,21231.65625,
2022-06-25,,,,,21502.337890625,
2022-06-26,,,,,21027.294921875,
2022-06-27,367.4394836425781,71.65858459472656,94.74192810058594,169.89999389648438,20735.478515625,
2022-06-28,359.93170166015625,71.64122009277344,95.1833724975586,169.6199951171875,20280.634765625,
2022-06-29,359.6385803222656,71.72804260253906,96.66901397705078,169.49000549316406,20104.0234375,
2022-06-30,356.71673583984375,71.866943359375,97.51798248291016,168.4600067138672,19784.7265625,
2022-07-01,360.4895935058594,72.0832748413086,98.51915740966797,168.32000732421875,19269.3671875,
2022-07-02,,,,,19242.255859375,
2022-07-03,,,,,19297.076171875,
2022-07-04,,,,,20231.26171875,
2022-07-05,361.1702880859375,72.0745849609375,99.2932357788086,164.75,20190.115234375,
2022-07-06,362.3901672363281,71.87474060058594,97.6259994506836,162.13999938964844,20548.24609375,
2022-07-07,367.8177490234375,71.8226318359375,96.7668685913086,162.22999572753906,21637.587890625,
2022-07-08,367.5151672363281,71.7356948852539,95.69507598876953,162.3000030517578,21731.1171875,
2022-07-09,,,,,21592.20703125,
2022-07-10,,,,,20860.44921875,
2022-07-11,363.31683349609375,71.76176452636719,97.34526824951172,161.42999267578125,19970.556640625,
2022-07-12,360.10186767578125,71.79655456542969,97.9237289428711,160.8300018310547,19323.9140625,
2022-07-13,358.2107238769531,71.71835327148438,99.04654693603516,161.60000610351562,20212.07421875,
2022-07-14,357.3408508300781,71.6922836303711,98.23845672607422,159.3300018310547,20569.919921875,
2022-07-15,364.1678771972656,71.74440002441406,98.79132843017578,159.00999450683594,20836.328125,
2022-07-16,,,,,21190.31640625,
2022-07-17,,,,,20779.34375,
2022-07-18,361.16094970703125,71.70097351074219,97.76210021972656,159.16000366210938,22485.689453125,
2022-07-19,370.919189453125,71.62277221679688,97.23471069335938,159.5399932861328,23389.43359375,
2022-07-20,373.283203125,71.61408233642578,97.48988342285156,158.0399932861328,23231.732421875,
2022-07-21,377.0843200683594,71.8139419555664,99.17411804199219,160.27000427246094,23164.62890625,
2022-07-22,373.5857238769531,71.99636840820312,100.84136199951172,160.6699981689453,22714.978515625,
2022-07-23,,,,,22465.478515625,
2022-07-24,,,,,22609.1640625,
2022-07-25,374.03961181640625,71.93557739257812,99.85462951660156,160.22999572753906,21361.701171875,
2022-07-26,369.6143493652344,71.90081787109375,99.93119812011719,160.0399932861328,21239.75390625,
2022-07-27,379.2119445800781,72.01377868652344,99.36978912353516,161.6699981689453,22930.548828125,
2022-07-28,383.96807861328125,72.17017364501953,100.16087341308594,163.63999938964844,23843.88671875,
2022-07-29,389.5659484863281,72.16148376464844,99.88865661621094,164.10000610351562,23804.6328125,
2022-07-30,,,,,23656.20703125,
2022-07-31,,,,,23336.896484375,
2022-08-01,388.4122619628906,72.15974426269531,102.29431915283203,165.02999877929688,23314.19921875,
2022-08-02,385.849853515625,71.907470703125,100.12981414794922,164.0500030517578,22978.1171875,
2022-08-03,391.8920593261719,71.93360137939453,101.70631408691406,164.4499969482422,22846.5078125,
2022-08-04,391.6272277832031,72.02925872802734,101.67223358154297,167.1699981689453,22630.95703125,
2022-08-05,390.9653015136719,71.73353576660156,99.25208282470703,165.2899932861328,23289.314453125,
2022-08-06,,,,,22961.279296875,
2022-08-07,,,,,23175.890625,
2022-08-08,390.5113830566406,71.80310821533203,100.85416412353516,166.69000244140625,23809.486328125,
2022-08-09,388.960693359375,71.73353576660156,100.46216583251953,167.1999969482422,23164.318359375,
2022-08-10,397.13043212890625,71.80310821533203,99.80599212646484,166.77999877929688,23947.642578125,
2022-08-11,397.13043212890625,71.77703094482422,97.47956085205078,166.33999633789062,23957.529296875,
2022-08-12,403.8534851074219,71.79443359375,98.46809387207031,167.8699951171875,24402.818359375,
2022-08-13,,,,,24424.068359375,
2022-08-14,,,,,24319.333984375,
2022-08-15,405.51763916015625,71.85530090332031,98.38286590576172,165.7100067138672,24136.97265625,
2022-08-16,406.3119812011719,71.79443359375,98.79187774658203,165.4199981689453,23883.291015625,
2022-08-17,403.427978515625,71.73353576660156,97.76080322265625,164.35000610351562,23335.998046875,
2022-08-18,404.60052490234375,71.83788299560547,97.90565490722656,163.9199981689453,23212.73828125,
2022-08-19,399.1634521484375,71.78571319580078,96.32913208007812,162.72000122070312,20877.552734375,
2022-08-20,,,,,21166.060546875,
2022-08-21,,,,,21534.12109375,
2022-08-22,390.85186767578125,71.69004821777344,96.00531768798828,161.63999938964844,21398.908203125,
2022-08-23,389.90631103515625,71.72481536865234,95.47698974609375,162.77000427246094,21528.087890625,
2022-08-24,391.1545104980469,71.64652252197266,94.7781753540039,163.25,21395.01953125,
2022-08-25,396.6766662597656,71.69004821777344,96.09906005859375,163.75,21600.904296875,
2022-08-26,383.24945068359375,71.67267608642578,96.82341003417969,161.75999450683594,20260.01953125,
2022-08-27,,,,,20041.73828125,
2022-08-28,,,,,19616.814453125,
2022-08-29,380.71539306640625,71.62045288085938,96.0223388671875,161.86000061035156,20297.994140625,
2022-08-30,376.53594970703125,71.58564758300781,96.26097106933594,160.50999450683594,19796.80859375,
2022-08-31,373.67083740234375,71.57697296142578,95.34061431884766,159.27000427246094,20049.763671875,
2022-09-01,374.8433837890625,71.52471160888672,93.59510040283203,157.8699951171875,20127.140625,
2022-09-02,370.8907775878906,71.68147277832031,94.12457275390625,159.25999450683594,19969.771484375,
2022-09-03,,,,,19832.087890625,
2022-09-04,,,,,19986.712890625,
2022-09-05,,,,,19812.37109375,
2022-09-06,369.49139404296875,71.52471160888672,91.793212890625,158.3300018310547,18837.66796875,
2022-09-07,376.1293640136719,71.62921905517578,93.2449722290039,159.94000244140625,19290.32421875,
2022-09-08,378.58782958984375,71.5421371459961,92.28853607177734,158.97999572753906,19329.833984375,
2022-09-09,384.4692687988281,71.48117065429688,92.49349975585938,159.82000732421875,21381.15234375,
2022-09-10,,,,,21680.5390625,
2022-09-11,,,,,21769.255859375,
2022-09-12,388.6014404296875,71.47245025634766,91.73343658447266,160.6300048828125,22370.44921875,
2022-09-13,371.70404052734375,71.22863006591797,91.94693756103516,158.5399932861328,20296.70703125,
2022-09-14,373.1224060058594,71.16763305664062,92.26290893554688,157.92999267578125,20241.08984375,
2022-09-15,368.88629150390625,71.08927154541016,92.20314025878906,154.97999572753906,19701.2109375,
2022-09-16,366.072021484375,71.1241226196289,91.43457794189453,155.83999633789062,19772.583984375,
2022-09-17,,,,,20127.576171875,
2022-09-18,,,,,19419.505859375,
2022-09-19,368.910888671875,71.04573822021484,91.64806365966797,155.9600067138672,19544.12890625,
2022-09-20,364.67633056640625,71.01091766357422,90.73429870605469,155.07000732421875,18890.7890625,
2022-09-21,358.3150329589844,70.94995880126953,92.25437927246094,155.7899932861328,18547.400390625,
2022-09-22,355.30523681640625,70.81929779052734,89.89743041992188,155.6999969482422,19413.55078125,
2022-09-23,349.3522033691406,70.73219299316406,90.26461791992188,153.00999450683594,19297.638671875,
2022-09-24,,,,,18937.01171875,
2022-09-25,,,,,18802.09765625,
2022-09-26,345.8961486816406,70.57544708251953,88.53959655761719,151.22999572753906,19222.671875,
2022-09-27,345.0131530761719,70.57544708251953,86.20828247070312,151.5399932861328,19110.546875,
2022-09-28,351.8017272949219,70.88029479980469,89.0947036743164,154.69000244140625,19426.720703125,
2022-09-29,344.45294189453125,70.78446197509766,88.63353729248047,154.66000366210938,19573.05078125,
2022-09-30,339.1264953613281,70.7234878540039,87.48921203613281,154.6699981689453,19431.7890625,
2022-10-01,,,,,19312.095703125,
2022-10-02,,,,,19044.107421875,
2022-10-03,348.079833984375,70.87870788574219,88.87938690185547,158.42999267578125,19623.580078125,
2022-10-04,358.8657531738281,70.9048843383789,88.63114929199219,160.6999969482422,20336.84375,
2022-10-05,358.0302429199219,70.83513641357422,87.78367614746094,159.80999755859375,20160.716796875,
2022-10-06,354.3368225097656,70.74793243408203,87.29576873779297,159.6300048828125,19955.443359375,
2022-10-07,344.45294189453125,70.66075134277344,86.44831085205078,157.8800048828125,19546.849609375,
2022-10-08,,,,,19416.568359375,
2022-10-09,,,,,19446.42578125,
2022-10-10,341.822998046875,70.63455200195312,85.10437774658203,155.47999572753906,19141.484375,
2022-10-11,339.6581726074219,70.66944885253906,85.48103332519531,155.16000366210938,19051.41796875,
2022-10-12,338.537841796875,70.73922729492188,85.90045166015625,155.99000549316406,19157.4453125,
2022-10-13,347.4722595214844,70.5299072265625,85.07872772216797,154.91000366210938,19382.904296875,
2022-10-14,339.5538024902344,70.49504852294922,84.37677001953125,152.97999572753906,19185.65625,
2022-10-15,,,,,19067.634765625,
2022-10-16,,,,,19268.09375,
2022-10-17,348.279296875,70.57353210449219,83.96588134765625,153.4199981689453,19550.7578125,
2022-10-18,352.3714294433594,70.6083984375,84.16275787353516,153.75,19334.416015625,
2022-10-19,349.8743896484375,70.47758483886719,82.6305160522461,151.69000244140625,19139.53515625,
2022-10-20,346.9405822753906,70.39910888671875,81.21807098388672,151.4499969482422,19053.740234375,
2022-10-21,355.3717041015625,70.582275390625,79.75433349609375,154.14999389648438,19172.46875,
2022-10-22,,,,,19208.189453125,
2022-10-23,,,,,19567.0078125,
2022-10-24,359.7201843261719,70.56480407714844,79.09520721435547,153.64999389648438,19345.572265625,
2022-10-25,365.4643859863281,70.63455200195312,81.39786529541016,154.0,20095.857421875,
2022-10-26,362.71099853515625,70.69560241699219,82.57061004638672,154.97999572753906,20770.44140625,
2022-10-27,360.7741394042969,70.84386444091797,83.43516540527344,154.74000549316406,20285.8359375,
2022-10-28,369.3571472167969,70.73922729492188,82.86161804199219,153.16000366210938,20595.3515625,
2022-10-29,,,,,20818.4765625,
2022-10-30,,,,,20635.603515625,
2022-10-31,366.68914794921875,70.63455200195312,82.27101135253906,151.91000366210938,20495.7734375,
2022-11-01,365.0846252441406,70.56554412841797,83.03983306884766,153.4600067138672,20485.2734375,
2022-11-02,355.92236328125,70.53057098388672,82.6794662475586,152.38999938964844,20159.50390625,
2022-11-03,352.25750732421875,70.39957427978516,82.23323822021484,151.80999755859375,20209.98828125,
2022-11-04,357.3275451660156,70.47818756103516,80.8516616821289,156.47000122070312,21147.23046875,
2022-11-05,,,,,21282.69140625,
2022-11-06,,,,,20926.486328125,
2022-11-07,360.74560546875,70.41706848144531,80.04505157470703,155.85000610351562,20602.81640625,
2022-11-08,362.6919860839844,70.48692321777344,80.92032623291016,159.4499969482422,18541.271484375,
2022-11-09,355.21978759765625,70.60050201416016,81.18634033203125,158.64999389648438,15880.7802734375,
2022-11-10,374.7406005859375,70.98486328125,84.30988311767578,163.47999572753906,17586.771484375,
2022-11-11,378.36761474609375,70.96741485595703,84.0009536743164,164.55999755859375,17034.29296875,
2022-11-12,,,,,16799.185546875,
2022-11-13,,,,,16353.365234375,
2022-11-14,375.14886474609375,70.90621948242188,83.79500579833984,164.9199981689453,16618.19921875,
2022-11-15,378.3485107421875,70.97611999511719,85.15083312988281,165.5,16884.61328125,
2022-11-16,375.4621887207031,70.98486328125,87.01295471191406,165.1199951171875,16669.439453125,
2022-11-17,374.3133239746094,70.89750671386719,86.09477996826172,163.9199981689453,16687.517578125,
2022-11-18,376.0128479003906,70.8188705444336,85.50267791748047,162.7899932861328,16697.77734375,
2022-11-19,,,,,16711.546875,
2022-11-20,,,,,16291.83203125,
2022-11-21,374.6456298828125,70.80140686035156,85.86305236816406,161.8800048828125,15787.2841796875,
2022-11-22,379.6871643066406,70.85382843017578,87.08161163330078,162.07000732421875,16189.76953125,
2022-11-23,382.07989501953125,70.91498565673828,88.60044860839844,163.0800018310547,16610.70703125,
2022-11-24,,,,,16604.46484375,
2022-11-25,381.9944152832031,70.9237060546875,88.30010223388672,163.22000122070312,16521.841796875,
2022-11-26,,,,,16464.28125,
2022-11-27,,,,,16444.626953125,
2022-11-28,375.8988952636719,70.9411849975586,88.54896545410156,161.92999267578125,16217.322265625,
2022-11-29,375.2533264160156,70.91498565673828,87.51065063476562,162.72999572753906,16444.982421875,
2022-11-30,387.073974609375,71.1246566772461,88.15421295166016,164.80999755859375,17168.56640625,
2022-12-01,386.7891845703125,71.27780151367188,90.97039794921875,167.83999633789062,16967.1328125,
2022-12-02,386.3429260253906,71.26031494140625,92.1143798828125,167.25999450683594,17088.66015625,
2022-12-03,,,,,16908.236328125,
2022-12-04,,,,,17130.486328125,
2022-12-05,379.3928527832031,71.05900573730469,90.82415008544922,164.38999938964844,16974.826171875,
2022-12-06,373.92401123046875,71.13776397705078,91.99400329589844,164.83999633789062,17089.50390625,
2022-12-07,373.28790283203125,71.28654479980469,94.16158294677734,166.3300018310547,16848.126953125,
2022-12-08,376.21221923828125,71.21656036376953,93.90353393554688,166.47000122070312,17233.474609375,
2022-12-09,373.40185546875,71.18150329589844,91.46068572998047,167.05999755859375,17133.15234375,
2022-12-10,,,,,17128.724609375,
2022-12-11,,,,,17104.193359375,
2022-12-12,378.7852478027344,71.13776397705078,91.7531509399414,165.67999267578125,17206.4375,
2022-12-13,381.65264892578125,71.34784698486328,92.63909912109375,168.50999450683594,17781.318359375,
2022-12-14,379.2125549316406,71.35659790039062,93.03480529785156,168.10000610351562,17815.650390625,
2022-12-15,369.93634033203125,71.36624145507812,93.39779663085938,165.35000610351562,17364.865234375,
2022-12-16,365.56878662109375,71.43643951416016,92.3544692993164,166.7899932861328,16647.484375,
2022-12-17,,,,,16795.091796875,
2022-12-18,,,,,16757.9765625,
2022-12-19,362.4689025878906,71.34869384765625,90.80242919921875,166.32000732421875,16439.6796875,
2022-12-20,362.9648742675781,71.34869384765625,89.1900634765625,169.0800018310547,16906.3046875,
2022-12-21,368.3921203613281,71.41887664794922,89.41423797607422,168.8000030517578,16817.53515625,
2022-12-22,363.1366271972656,71.3750228881836,89.39698791503906,166.75999450683594,16830.341796875,
2022-12-23,365.2254333496094,71.33992767333984,88.08639526367188,167.25999450683594,16796.953125,
2022-12-24,,,,,16847.755859375,
2022-12-25,,,,,16841.986328125,
2022-12-26,,,,,16919.8046875,
2022-12-27,363.78521728515625,71.24342346191406,86.34465026855469,168.6699981689453,16717.173828125,
2022-12-28,359.26409912109375,71.24342346191406,85.83595275878906,167.91000366210938,16552.572265625,
2022-12-29,365.73101806640625,71.29606628417969,86.81025695800781,168.85000610351562,16642.341796875,
2022-12-30,364.76763916015625,71.20832824707031,85.84454345703125,169.63999938964844,16602.5859375,
2022-12-31,,,,,16547.49609375,
2023-01-01,,,,,16625.080078125,
2023-01-02,,,,,16688.470703125,
2023-01-03,363.2319641113281,71.26974487304688,87.4828109741211,171.05999755859375,16679.857421875,
2023-01-04,366.0362243652344,71.33992767333984,88.68131256103516,172.6699981689453,16863.23828125,
2023-01-05,361.8584899902344,71.24342346191406,89.0521011352539,170.52000427246094,16836.736328125,
2023-01-06,370.1566162109375,71.51536560058594,90.69035339355469,173.7100067138672,16951.96875,
2023-01-07,,,,,16955.078125,
2023-01-08,,,,,17091.14453125,
2023-01-09,369.9468994140625,71.5855712890625,91.1732177734375,174.10000610351562,17196.5546875,
2023-01-10,372.54119873046875,71.52415466308594,89.66426849365234,174.74000549316406,17446.29296875,
2023-01-11,377.25299072265625,71.5855712890625,91.12147521972656,174.6199951171875,17934.896484375,
2023-01-12,378.62652587890625,71.74347686767578,92.9149169921875,176.63999938964844,18869.587890625,
2023-01-13,380.09539794921875,71.62065887451172,92.04407501220703,178.75999450683594,19909.57421875,
2023-01-14,,,,,20976.298828125,
2023-01-15,,,,,20880.798828125,
2023-01-16,,,,,21169.6328125,
2023-01-17,379.399169921875,71.6645278930664,91.44915008544922,177.58999633789062,21161.51953125,
2023-01-18,373.4092102050781,71.82242584228516,93.66507720947266,177.0800018310547,20688.78125,
2023-01-19,370.6908264160156,71.80489349365234,93.0787582397461,179.88999938964844,21086.79296875,
2023-01-20,377.5964050292969,71.74347686767578,91.56982421875,179.2899932861328,22676.552734375,
2023-01-21,,,,,22777.625,
2023-01-22,,,,,22720.416015625,
2023-01-23,382.1270446777344,71.67330169677734,91.13871765136719,179.6300048828125,22934.431640625,
2023-01-24,381.7169494628906,71.69962310791016,92.44933319091797,180.27999877929688,22636.46875,
2023-01-25,381.8599548339844,71.74347686767578,92.67350769042969,181.11000061035156,23117.859375,
2023-01-26,386.0567321777344,71.69962310791016,92.24240112304688,179.47000122070312,23032.77734375,
2023-01-27,386.94384765625,71.69962310791016,92.00957489013672,179.22000122070312,23078.728515625,
2023-01-28,,,,,23031.08984375,
2023-01-29,,,,,23774.56640625,
2023-01-30,382.0889587402344,71.6294174194336,91.67329406738281,178.75999450683594,22840.138671875,
2023-01-31,387.7068786621094,71.76099395751953,92.40619659423828,179.41000366210938,23139.283203125,
2023-02-01,391.827392578125,71.88582611083984,93.51704406738281,181.6699981689453,23723.76953125,
2023-02-02,397.53118896484375,71.89460754394531,93.6380615234375,177.89999389648438,23471.87109375,
2023-02-03,393.3057556152344,71.63094329833984,92.2376480102539,173.4600067138672,23449.322265625,
2023-02-04,,,,,23331.84765625,
2023-02-05,,,,,22955.666015625,
2023-02-06,390.902099609375,71.4288101196289,91.55473327636719,173.82000732421875,22760.109375,
2023-02-07,396.0146179199219,71.46392059326172,90.81990051269531,173.97999572753906,23264.291015625,
2023-02-08,391.6842956542969,71.49030303955078,91.25216674804688,174.41000366210938,22939.3984375,
2023-02-09,388.28875732421875,71.43757629394531,90.38770294189453,173.02999877929688,21819.0390625,
2023-02-10,389.1947937011719,71.40242767333984,89.37630462646484,173.36000061035156,21651.18359375,
2023-02-11,,,,,21870.875,
2023-02-12,,,,,21788.203125,
2023-02-13,393.76361083984375,71.41999816894531,90.12836456298828,172.47999572753906,21808.1015625,
2023-02-14,393.5823974609375,71.27058410644531,89.92088317871094,172.61000061035156,22220.8046875,
2023-02-15,394.86053466796875,71.27935028076172,89.0823745727539,170.88999938964844,24307.841796875,
2023-02-16,389.42376708984375,71.28816986083984,87.82027435302734,170.75,23623.474609375,
2023-02-17,388.45086669921875,71.34972381591797,88.50318145751953,171.25999450683594,24565.6015625,
2023-02-18,,,,,24641.27734375,
2023-02-19,,,,,24327.642578125,
2023-02-20,,,,,24829.1484375,
2023-02-21,380.658203125,71.2090835571289,86.78290557861328,170.6199951171875,24436.353515625,
2023-02-22,380.1335754394531,71.24420166015625,87.5782470703125,169.66000366210938,24188.84375,
2023-02-23,382.1556701660156,71.28816986083984,88.43402099609375,169.57000732421875,23947.4921875,
2023-02-24,378.0733337402344,71.1387710571289,87.28429412841797,168.35000610351562,23198.126953125,
2023-02-25,,,,,23175.375,
2023-02-26,,,,,23561.212890625,
2023-02-27,379.3609619140625,71.20027923583984,87.52637481689453,169.00999450683594,23522.87109375,
2023-02-28,377.9588623046875,71.18270111083984,87.92398834228516,169.77999877929688,23147.353515625,
2023-03-01,376.5091247558594,71.05236053466797,86.9793930053711,170.75999450683594,23646.55078125,
2023-03-02,379.4373474121094,71.07877349853516,86.20816802978516,170.66000366210938,23475.466796875,
2023-03-03,385.5226745605469,71.1227798461914,88.29662322998047,172.49000549316406,22362.6796875,
2023-03-04,,,,,22353.349609375,
2023-03-05,,,,,22435.513671875,
2023-03-06,385.7897033691406,71.08759307861328,87.61203002929688,171.6199951171875,22429.7578125,
2023-03-07,379.87603759765625,70.93787384033203,88.14932250976562,168.6199951171875,22219.76953125,
2023-03-08,380.4960632324219,70.90263366699219,88.23594665527344,168.5399932861328,21718.080078125,
2023-03-09,373.47601318359375,71.13162231445312,88.45260620117188,170.1999969482422,20363.021484375,
2023-03-10,368.0869140625,71.51912689208984,91.50299835205078,173.8699951171875,20187.244140625,
2023-03-11,,,,,20632.41015625,
2023-03-12,,,,,22163.94921875,
2023-03-13,367.5622253417969,72.23246002197266,91.71099090576172,177.86000061035156,24197.533203125,
2023-03-14,373.63812255859375,71.95943450927734,90.20314025878906,176.8300018310547,24746.07421875,
2023-03-15,371.3013000488281,72.38217163085938,91.94496154785156,178.2100067138672,24375.9609375,
2023-03-16,377.81585693359375,72.09153747558594,91.22569274902344,178.57000732421875,25052.7890625,
2023-03-17,373.3981628417969,72.45260620117188,92.59491729736328,183.77000427246094,27423.9296875,
2023-03-18,,,,,26965.87890625,
2023-03-19,,,,,28038.67578125,
2023-03-20,376.9885559082031,72.36454010009766,91.78031158447266,183.83999633789062,27767.236328125,
2023-03-21,381.9386291503906,72.09153747558594,90.99174499511719,180.3699951171875,28175.81640625,
2023-03-22,375.4279479980469,72.42620849609375,92.20494079589844,183.44000244140625,27307.4375,
2023-03-23,376.4428405761719,72.63756561279297,92.20494079589844,185.74000549316406,28333.97265625,
2023-03-24,378.9130859375,72.67277526855469,92.59491729736328,183.64999389648438,27493.28515625,
2023-03-25,,,,,27494.70703125,
2023-03-26,,,,,27994.330078125,
2023-03-27,379.6216125488281,72.36454010009766,90.41976928710938,181.9499969482422,27139.888671875,
2023-03-28,378.7694396972656,72.2853012084961,90.58440399169922,183.44000244140625,27268.130859375,
2023-03-29,384.2748107910156,72.25889587402344,90.40242767333984,182.52999877929688,28348.44140625,
2023-03-30,386.5248718261719,72.26769256591797,90.81842041015625,184.17999267578125,28033.5625,
2023-03-31,391.9728088378906,72.35574340820312,92.17894744873047,183.22000122070312,28478.484375,
2023-04-01,,,,,28411.03515625,
2023-04-02,,,,,28199.30859375,
2023-04-03,393.4664001464844,72.44401550292969,92.61247253417969,184.5399932861328,27790.220703125,
2023-04-04,391.28338623046875,72.61172485351562,93.07291412353516,187.97999572753906,28168.08984375,
2023-04-05,390.2589111328125,72.70877838134766,94.04594421386719,187.8300018310547,28177.984375,
2023-04-06,391.7812805175781,72.68232727050781,94.28922271728516,186.49000549316406,28044.140625,
2023-04-07,,,,,27925.859375,
2023-04-08,,,,,27947.794921875,
2023-04-09,,,,,28333.05078125,
2023-04-10,392.1834411621094,72.42636108398438,92.76886749267578,185.11000061035156,29652.98046875,
2023-04-11,392.2887268066406,72.41752624511719,92.95997619628906,186.27999877929688,30235.05859375,
2023-04-12,390.6897888183594,72.49695587158203,92.86443328857422,187.19000244140625,30139.052734375,
2023-04-13,395.879150390625,72.54110717773438,92.13465118408203,189.72000122070312,30399.06640625,
2023-04-14,394.91217041015625,72.37339782714844,91.29190826416016,186.36000061035156,30485.69921875,
2023-04-15,,,,,30318.49609375,
2023-04-16,,,,,30315.35546875,
2023-04-17,396.32916259765625,72.26749420166016,90.20594024658203,185.52999877929688,29445.044921875,
2023-04-18,396.58770751953125,72.24983215332031,90.52741241455078,186.25,30397.552734375,
2023-04-19,396.52069091796875,72.18804931640625,90.44049072265625,185.36000061035156,28822.6796875,
2023-04-20,394.3568420410156,72.36456298828125,91.21372985839844,186.08999633789062,28245.98828125,
2023-04-21,394.6631774902344,72.32044219970703,90.701171875,184.25,27276.91015625,
2023-04-22,,,,,27817.5,
2023-04-23,,,,,27591.384765625,
2023-04-24,395.074951171875,72.39987182617188,91.57861328125,184.80999755859375,27525.33984375,
2023-04-25,388.8035583496094,72.68232727050781,92.92521667480469,185.75,28307.59765625,
2023-04-26,387.1567687988281,72.59403991699219,91.934814453125,184.74000549316406,28422.701171875,
2023-04-27,394.8642272949219,72.45284271240234,91.02259826660156,184.75,29473.787109375,
2023-04-28,398.2345275878906,72.53228759765625,92.4908218383789,184.8000030517578,29340.26171875,
2023-04-29,,,,,29248.48828125,
2023-04-30,,,,,29268.806640625,
2023-05-01,397.83233642578125,72.3739013671875,89.82389831542969,183.97000122070312,28091.568359375,
2023-05-02,393.3610534667969,72.61277770996094,92.06231689453125,187.52000427246094,28680.537109375,
2023-05-03,390.6610412597656,72.7896957397461,92.57617950439453,189.11000061035156,29006.30859375,
2023-05-04,387.89398193359375,72.90470123291016,91.66166687011719,190.44000244140625,28847.7109375,
2023-05-05,395.074951171875,72.72775268554688,91.35681915283203,187.4600067138672,29534.384765625,
2023-05-06,,,,,28904.623046875,
2023-05-07,,,,,28454.978515625,
2023-05-08,395.1802673339844,72.61277770996094,90.07650756835938,187.69000244140625,27694.2734375,
2023-05-09,393.447265625,72.59508514404297,89.75422668457031,189.02000427246094,27658.775390625,
2023-05-10,395.2855529785156,72.77198791503906,90.62520599365234,188.75,27621.755859375,
2023-05-11,394.5961608886719,72.81622314453125,91.58329772949219,187.1300048828125,27000.7890625,
2023-05-12,394.07916259765625,72.69236755371094,90.8167953491211,186.80999755859375,26804.990234375,
2023-05-13,,,,,26784.078125,
2023-05-14,,,,,26930.638671875,
2023-05-15,395.438720703125,72.70125579833984,89.87617492675781,187.2100067138672,27192.693359375,
2023-05-16,392.7961730957031,72.61277770996094,89.60618591308594,184.8699951171875,27036.650390625,
2023-05-17,397.5643005371094,72.53314208984375,89.34486389160156,184.22999572753906,27398.802734375,
2023-05-18,401.3941345214844,72.40046691894531,88.68292236328125,181.83999633789062,26832.208984375,
2023-05-19,400.80999755859375,72.34735870361328,88.05584716796875,183.63999938964844,26890.12890625,
2023-05-20,,,,,27129.5859375,
2023-05-21,,,,,26753.826171875,
2023-05-22,400.9728698730469,72.32084655761719,87.74226379394531,183.2100067138672,26851.27734375,
2023-05-23,396.47283935546875,72.31197357177734,87.9948501586914,183.42999267578125,27225.7265625,
2023-05-24,393.6004638671875,72.22354888916016,87.55936431884766,181.9499969482422,26334.818359375,
2023-05-25,397.00897216796875,72.06431579589844,87.34161376953125,180.1999969482422,26476.20703125,
2023-05-26,402.1505432128906,72.04658508300781,88.047119140625,180.9199981689453,26719.291015625,
2023-05-27,,,,,26868.353515625,
2023-05-28,,,,,28085.646484375,
2023-05-29,,,,,27745.884765625,
2023-05-30,402.3037109375,72.18812561035156,88.92680358886719,182.0399932861328,27702.349609375,
2023-05-31,400.0728454589844,72.25889587402344,89.70197296142578,182.32000732421875,27219.658203125,
2023-06-01,403.8739318847656,72.37153625488281,90.05390930175781,183.75999450683594,26819.97265625,
2023-06-02,409.7144470214844,72.16754913330078,89.06708526611328,181.0500030517578,27249.58984375,
2023-06-03,,,,,27075.12890625,
2023-06-04,,,,,27119.06640625,
2023-06-05,408.92938232421875,72.18531036376953,88.90116119384766,182.13999938964844,25760.09765625,
2023-06-06,409.81976318359375,72.14981842041016,89.42514038085938,182.33999633789062,27238.783203125,
2023-06-07,408.4027099609375,72.09663391113281,88.09773254394531,180.14999389648438,26345.998046875,
2023-06-08,410.8729553222656,72.21189880371094,89.12824249267578,182.52999877929688,26508.216796875,
2023-06-09,411.6102294921875,72.07887268066406,89.00593566894531,182.0399932861328,26480.375,
2023-06-10,,,,,25851.240234375,
2023-06-11,,,,,25940.16796875,
2023-06-12,415.3443298339844,72.14096069335938,89.26793670654297,181.8800048828125,25902.5,
2023-06-13,418.08258056640625,72.00792694091797,88.38591003417969,180.5399932861328,25918.728515625,
2023-06-14,418.5804138183594,71.96360778808594,89.09326171875,180.63999938964844,25124.67578125,
2023-06-15,423.7698974609375,72.1143798828125,89.9491195678711,181.91000366210938,25576.39453125,
2023-06-16,422.3263854980469,72.01681518554688,89.59980010986328,181.6300048828125,26327.462890625,
2023-06-17,,,,,26510.67578125,
2023-06-18,,,,,26336.212890625,
2023-06-19,,,,,26851.029296875,
2023-06-20,420.1352844238281,72.0434341430664,90.21983337402344,179.75,28327.48828125,
2023-06-21,417.9826354980469,72.0434341430664,90.43816375732422,179.49000549316406,30027.296875,
2023-06-22,419.491455078125,71.96360778808594,89.34654998779297,177.7100067138672,29912.28125,
2023-06-23,416.320068359375,72.02568817138672,90.23731231689453,178.1999969482422,30695.46875,
2023-06-24,,,,,30548.6953125,
2023-06-25,,,,,30480.26171875,
2023-06-26,414.619140625,72.07887268066406,90.33336639404297,178.50999450683594,30271.130859375,
2023-06-27,419.1646728515625,71.97248077392578,90.09757232666016,177.69000244140625,30688.1640625,
2023-06-28,419.37615966796875,72.05229187011719,90.48181915283203,177.27999877929688,30086.24609375,
2023-06-29,421.02899169921875,71.87493896484375,88.8487548828125,177.08999633789062,30445.3515625,
2023-06-30,425.99749755859375,71.90151977539062,89.89673614501953,178.27000427246094,30477.251953125,
2023-07-01,,,,,30590.078125,
2023-07-02,,,,,30620.76953125,
2023-07-03,426.4875793457031,71.81794738769531,89.3871078491211,178.47000122070312,31156.439453125,
2023-07-04,,,,,30777.58203125,
2023-07-05,425.853271484375,71.80020141601562,88.53770446777344,177.83999633789062,30514.166015625,
2023-07-06,422.5185852050781,71.75572204589844,87.28549194335938,177.30999755859375,29909.337890625,
2023-07-07,421.451904296875,71.83573913574219,86.76012420654297,178.63999938964844,30342.265625,
2023-07-08,,,,,30292.541015625,
2023-07-09,,,,,30171.234375,
2023-07-10,422.5185852050781,71.94244384765625,86.87393951416016,178.77999877929688,30414.470703125,
2023-07-11,425.2095031738281,71.93351745605469,87.32054138183594,179.4499969482422,30620.951171875,
2023-07-12,428.630615234375,72.14690399169922,88.29251098632812,181.8800048828125,30391.646484375,
2023-07-13,432.0326232910156,72.35138702392578,89.220703125,182.00999450683594,31476.048828125,
2023-07-14,431.7635498046875,72.16468048095703,88.69535064697266,181.42999267578125,30334.068359375,
2023-07-15,,,,,30295.806640625,
2023-07-16,,,,,30249.1328125,
2023-07-17,433.2627868652344,72.19136810302734,88.73908996582031,181.55999755859375,30145.888671875,
2023-07-18,436.48211669921875,72.19136810302734,89.14190673828125,183.63999938964844,29856.5625,
2023-07-19,437.4527587890625,72.21803283691406,90.14891052246094,183.6699981689453,29913.923828125,
2023-07-20,434.5505065917969,72.1291275024414,89.05432891845703,182.74000549316406,29792.015625,
2023-07-21,434.5505065917969,72.13803100585938,89.08060455322266,182.17999267578125,29908.744140625,
2023-07-22,,,,,29771.802734375,
2023-07-23,,,,,30084.5390625,
2023-07-24,436.4917297363281,72.04911804199219,88.75662231445312,181.39999389648438,29176.916015625,
2023-07-25,437.68341064453125,72.04020690917969,88.59024047851562,182.41000366210938,29227.390625,
2023-07-26,437.75067138671875,72.111328125,88.67780303955078,183.3000030517578,29354.97265625,
2023-07-27,434.8483581542969,72.00469207763672,86.95276641845703,180.4199981689453,29210.689453125,
2023-07-28,439.1057434082031,72.10244750976562,87.39933776855469,181.86000061035156,29319.24609375,
2023-07-29,,,,,29356.91796875,
2023-07-30,,,,,29275.30859375,
2023-07-31,439.94183349609375,72.12022399902344,87.6094970703125,182.35000610351562,29230.111328125,
2023-08-01,438.6828918457031,72.05960845947266,86.17383575439453,180.4600067138672,29675.732421875,
2023-08-02,432.5804138183594,72.09526062011719,85.25187683105469,179.60000610351562,29151.958984375,
2023-08-03,431.34075927734375,72.12201690673828,83.2850112915039,179.5399932861328,29178.6796875,
2023-08-04,429.3898620605469,72.2646484375,84.76016235351562,180.19000244140625,29074.091796875,
2023-08-05,,,,,29042.126953125,
2023-08-06,,,,,29041.85546875,
2023-08-07,433.1378479003906,72.29137420654297,83.9260025024414,179.77999877929688,29180.578125,
2023-08-08,431.2542419433594,72.32704162597656,84.9006576538086,178.63999938964844,29765.4921875,
2023-08-09,428.3712158203125,72.28246307373047,85.33967590332031,177.7899932861328,29561.494140625,
2023-08-10,428.52496337890625,72.24678039550781,83.93476104736328,177.60000610351562,29429.591796875,
2023-08-11,428.27508544921875,72.17548370361328,83.74158477783203,177.60000610351562,29397.71484375,
2023-08-12,,,,,29415.96484375,
2023-08-13,,,,,29282.9140625,
2023-08-14,430.63922119140625,72.11312103271484,83.55719757080078,177.05999755859375,29408.443359375,
2023-08-15,425.6226806640625,72.13986206054688,83.04792022705078,176.58999633789062,29170.34765625,
2023-08-16,422.4993896484375,72.10418701171875,82.39815521240234,175.57000732421875,28701.779296875,
2023-08-17,419.2799987792969,72.18443298339844,82.04691314697266,175.3000030517578,26664.55078125,
2023-08-18,419.4818420410156,72.21117401123047,82.33666229248047,175.3300018310547,26049.556640625,
2023-08-19,,,,,26096.205078125,
2023-08-20,,,,,26189.583984375,
2023-08-21,422.21112060546875,72.13093566894531,81.23908233642578,175.80999755859375,26124.140625,
2023-08-22,421.0675048828125,72.09526062011719,81.86253356933594,176.10000610351562,26031.65625,
2023-08-23,425.7572326660156,72.22899627685547,83.89086151123047,177.88999938964844,26431.640625,
2023-08-24,419.85662841796875,72.18443298339844,83.33768463134766,177.85000610351562,26162.373046875,
2023-08-25,422.8165588378906,72.13986206054688,83.60989379882812,177.6199951171875,26047.66796875,
2023-08-26,,,,,26008.462890625,
2023-08-27,,,,,26089.693359375,
2023-08-28,425.4977722167969,72.18443298339844,83.69768524169922,178.1300048828125,26106.150390625,
2023-08-29,431.64825439453125,72.3448715209961,84.56698608398438,179.8699951171875,27727.392578125,
2023-08-30,433.4261474609375,72.3448715209961,84.47917938232422,180.32000732421875,27297.265625,
2023-08-31,432.7918395996094,72.41616821289062,84.85674285888672,180.02000427246094,25931.47265625,
2023-09-01,433.59912109375,72.37689208984375,83.53480529785156,180.11000061035156,25800.724609375,
2023-09-02,,,,,25868.798828125,
2023-09-03,,,,,25969.56640625,
2023-09-04,,,,,25812.416015625,
2023-09-05,431.7250671386719,72.2874984741211,82.36344909667969,178.63999938964844,25779.982421875,
2023-09-06,428.8229064941406,72.20707702636719,82.56603240966797,177.8300018310547,25753.236328125,
2023-09-07,427.50628662109375,72.3410873413086,82.79503631591797,178.02000427246094,26240.1953125,
2023-09-08,428.150146484375,72.30538177490234,83.11206817626953,178.0800018310547,25905.654296875,
2023-09-09,,,,,25895.677734375,
2023-09-10,,,,,25832.2265625,
2023-09-11,430.96600341796875,72.32325744628906,82.51318359375,178.41000366210938,25162.654296875,
2023-09-12,428.601806640625,72.2874984741211,82.98878479003906,177.49000549316406,25833.34375,
2023-09-13,429.1015930175781,72.35004425048828,82.97117614746094,177.0800018310547,26228.32421875,
2023-09-14,432.8014221191406,72.33216857910156,82.37226104736328,177.1699981689453,26539.673828125,
2023-09-15,427.5869140625,72.29641723632812,81.87028503417969,178.33999633789062,26608.693359375,
2023-09-16,,,,,26568.28125,
2023-09-17,,,,,26534.1875,
2023-09-18,427.8376770019531,72.2874984741211,82.33702850341797,179.38999938964844,26754.28125,
2023-09-19,426.9504089355469,72.23388671875,81.72938537597656,179.22000122070312,27211.1171875,
2023-09-20,423.0253601074219,72.18920135498047,81.98475646972656,179.35000610351562,27132.0078125,
2023-09-21,416.0334167480469,72.22494506835938,79.87986755371094,178.0500030517578,26567.6328125,
2023-09-22,415.09796142578125,72.29641723632812,80.52281188964844,178.6199951171875,26579.568359375,
2023-09-23,,,,,26579.390625,
2023-09-24,,,,,26256.826171875,
2023-09-25,416.8434753417969,72.26960754394531,78.54119873046875,177.6999969482422,26298.48046875,
2023-09-26,410.7195129394531,72.27853393554688,78.2681884765625,176.27999877929688,26217.25,
2023-09-27,410.8835144042969,72.22494506835938,77.86308288574219,174.10000610351562,26352.716796875,
2023-09-28,413.2655029296875,72.35004425048828,78.10087585449219,173.22999572753906,27021.546875,
2023-09-29,412.2626037597656,72.3589859008789,78.10968780517578,171.4499969482422,26911.720703125,
2023-09-30,,,,,26967.916015625,
2023-10-01,,,,,27983.75,
2023-10-02,412.0986328125,72.2863998413086,76.8021011352539,169.64999389648438,27530.78515625,
2023-10-03,406.582275390625,72.23263549804688,75.14997863769531,169.16000366210938,27429.978515625,
2023-10-04,409.54296875,72.39395904541016,76.21016693115234,169.13999938964844,27799.39453125,
2023-10-05,409.388671875,72.46559143066406,75.83025360107422,168.8300018310547,27415.912109375,
2023-10-06,414.2492370605469,72.40289306640625,74.91143035888672,169.6999969482422,27946.59765625,
2023-10-07,,,,,27968.83984375,
2023-10-08,,,,,27935.08984375,
2023-10-09,416.9013366699219,72.61791229248047,76.66957092285156,172.82000732421875,27583.677734375,
2023-10-10,419.07122802734375,72.57308959960938,76.56355285644531,172.52999877929688,27391.01953125,
2023-10-11,420.78790283203125,72.55521392822266,78.16270446777344,173.7899932861328,26873.3203125,
2023-10-12,418.22259521484375,72.46559143066406,76.04230499267578,173.25999450683594,26756.798828125,
2023-10-13,416.13946533203125,72.51042175292969,77.40286254882812,178.8300018310547,26862.375,
2023-10-14,,,,,26861.70703125,
2023-10-15,,,,,27159.65234375,
2023-10-16,420.5178527832031,72.46559143066406,76.15714263916016,177.9600067138672,28519.466796875,
2023-10-17,420.49859619140625,72.3043212890625,75.3178482055664,178.2899932861328,28415.748046875,
2023-10-18,414.8953552246094,72.3043212890625,74.65521240234375,180.8699951171875,28328.341796875,
2023-10-19,411.24993896484375,72.40289306640625,73.12676239013672,183.08999633789062,28719.806640625,
2023-10-20,406.1965026855469,72.51935577392578,73.54202270507812,183.58999633789062,29682.94921875,
2023-10-21,,,,,29918.412109375,
2023-10-22,,,,,29993.896484375,
2023-10-23,405.4924621582031,72.5641860961914,74.42552185058594,182.97000122070312,33086.234375,
2023-10-24,408.5496826171875,72.5462417602539,75.4061508178711,182.9499969482422,33901.52734375,
2023-10-25,402.6860656738281,72.46559143066406,73.72755432128906,183.72000122070312,34502.8203125,
2023-10-26,397.8640441894531,72.60894775390625,74.85841369628906,184.00999450683594,34156.6484375,
2023-10-27,396.06060791015625,72.65375518798828,74.54036712646484,186.14999389648438,33909.80078125,
2023-10-28,,,,,34089.57421875,
2023-10-29,,,,,34538.48046875,
2023-10-30,400.7958679199219,72.62686157226562,74.20462036132812,185.10000610351562,34502.36328125,
2023-10-31,403.3129577636719,72.5999984741211,73.84241485595703,184.08999633789062,34667.78125,
2023-11-01,407.6141662597656,72.76173400878906,75.44344329833984,183.50999450683594,35437.25390625,
2023-11-02,415.42584228515625,72.77072143554688,77.1633071899414,184.1199951171875,34938.2421875,
2023-11-03,419.2159423828125,72.96839904785156,77.68637084960938,184.7899932861328,34732.32421875,
2023-11-04,,,,,35082.1953125,
2023-11-05,,,,,35049.35546875,
2023-11-06,420.1802978515625,72.8335952758789,76.9328384399414,183.35000610351562,35037.37109375,
2023-11-07,421.37615966796875,72.88750457763672,78.06755828857422,182.58999633789062,35443.5625,
2023-11-08,421.6847839355469,72.86954498291016,79.3973617553711,180.77000427246094,35655.27734375,
2023-11-09,418.3961486816406,72.76173400878906,77.5711441040039,181.49000549316406,36693.125,
2023-11-10,424.9251403808594,72.77967071533203,78.00550842285156,179.50999450683594,37313.96875,
2023-11-11,,,,,37138.05078125,
2023-11-12,,,,,37054.51953125,
2023-11-13,424.5201110839844,72.80665588378906,77.82823181152344,180.50999450683594,36502.35546875,
2023-11-14,432.756103515625,73.09416198730469,79.5923843383789,182.1199951171875,35537.640625,
2023-11-15,433.6722717285156,72.95938110351562,78.4753646850586,181.63999938964844,37880.58203125,
2023-11-16,434.2027587890625,73.08517456054688,79.45055389404297,183.69000244140625,36154.76953125,
2023-11-17,434.7427978515625,73.03130340576172,79.82290649414062,183.6699981689453,36596.68359375,
2023-11-18,,,,,36585.703125,
2023-11-19,,,,,37386.546875,
2023-11-20,438.0892639160156,73.0402603149414,80.31050109863281,183.3699951171875,37476.95703125,
2023-11-21,437.134521484375,73.08517456054688,80.2750244140625,185.35000610351562,35813.8125,
2023-11-22,438.8221740722656,73.09416198730469,80.55873107910156,184.55999755859375,37432.33984375,
2023-11-23,,,,,37289.62109375,
2023-11-24,439.0921936035156,73.0402603149414,79.61016082763672,185.52000427246094,37720.28125,
2023-11-25,,,,,37796.79296875,
2023-11-26,,,,,37479.12109375,
2023-11-27,438.30145263671875,73.130126953125,80.9399185180664,186.77000427246094,37254.16796875,
2023-11-28,438.7354431152344,73.264892578125,81.09949493408203,189.25999450683594,37831.0859375,
2023-11-29,438.42681884765625,73.40865325927734,82.11901092529297,189.5399932861328,37858.4921875,
2023-11-30,440.1531066894531,73.36373138427734,81.17042541503906,188.75,37712.74609375,
2023-12-01,442.75701904296875,73.57732391357422,82.69918823242188,192.00999450683594,38688.75,
2023-12-02,,,,,39476.33203125,
2023-12-03,,,,,39978.390625,
2023-12-04,440.4327697753906,73.46916198730469,82.37012481689453,187.86000061035156,41980.09765625,
2023-12-05,440.34600830078125,73.559326171875,84.13990020751953,187.14999389648438,44080.6484375,
2023-12-06,438.57147216796875,73.5412826538086,85.2604751586914,187.83999633789062,43746.4453125,
2023-12-07,441.9179382324219,73.5953598022461,84.77134704589844,188.14999389648438,43292.6640625,
2023-12-08,443.81781005859375,73.43313598632812,84.07765197753906,185.63999938964844,44166.6015625,
2023-12-09,,,,,43725.984375,
2023-12-10,,,,,43779.69921875,
2023-12-11,445.5440673828125,73.4511489868164,83.89981079101562,183.58999633789062,41243.83203125,
2023-12-12,447.5790100097656,73.46015167236328,84.14881134033203,183.49000549316406,41450.22265625,
2023-12-13,453.7511291503906,73.82966613769531,86.12310791015625,187.6300048828125,42890.7421875,
2023-12-14,455.2073669433594,73.9562759399414,88.36345672607422,188.72999572753906,43023.97265625,
2023-12-15,454.4578857421875,73.87487030029297,88.46159362792969,187.0,41929.7578125,
2023-12-16,,,,,42240.1171875,
2023-12-17,,,,,41364.6640625,
2023-12-18,457.0143127441406,73.86583709716797,87.75675201416016,187.85000610351562,42623.5390625,
2023-12-19,459.7932434082031,73.8929672241211,88.2296142578125,189.1300048828125,42270.52734375,
2023-12-20,453.4218444824219,73.99240112304688,88.827392578125,188.10000610351562,43652.25,
2023-12-21,457.7210998535156,74.06474304199219,88.26531982421875,189.42999267578125,43869.15234375,
2023-12-22,458.64105224609375,74.09188079833984,87.86382293701172,190.27000427246094,43997.90234375,
2023-12-23,,,,,43739.54296875,
2023-12-24,,,,,43016.1171875,
2023-12-25,,,,,43613.140625,
2023-12-26,460.57763671875,74.05571746826172,88.1136474609375,191.72000122070312,42520.40234375,
2023-12-27,461.410400390625,74.14612579345703,89.67497253417969,192.58999633789062,43442.85546875,
2023-12-28,461.5846862792969,74.13710021972656,89.023681640625,191.47000122070312,42627.85546875,
2023-12-29,460.2484130859375,74.17323303222656,88.220703125,191.1699981689453,42099.40234375,
2023-12-30,,,,,42156.90234375,
2023-12-31,,,,,42265.1875,
2024-01-01,,,,,44167.33203125,
2024-01-02,457.6727294921875,74.08283996582031,87.7121353149414,190.72000122070312,44957.96875,
2024-01-03,453.93505859375,74.10091400146484,88.07793426513672,189.1300048828125,42848.17578125,
2024-01-04,452.47283935546875,74.05571746826172,86.73965454101562,189.32000732421875,44179.921875,
2024-01-05,453.0926208496094,74.03760528564453,85.90991973876953,189.35000610351562,44162.69140625,
2024-01-06,,,,,43989.1953125,
2024-01-07,,,,,43943.09765625,
2024-01-08,459.5609436035156,74.10091400146484,86.75748443603516,187.8699951171875,46970.50390625,
2024-01-09,458.86376953125,74.1189956665039,86.2043228149414,187.92999267578125,46139.73046875,
2024-01-10,461.4588317871094,74.1189956665039,85.80281829833984,187.5,46627.77734375,
2024-01-11,461.2554626464844,74.29077911376953,86.28461456298828,187.8699951171875,46368.5859375,26.6299991607666
2024-01-12,461.57501220703125,74.44447326660156,86.11511993408203,189.7100067138672,42853.16796875,24.969999313354492
2024-01-13,,,,,42842.3828125,
2024-01-14,,,,,41796.26953125,
2024-01-15,,,,,42511.96875,
2024-01-16,459.8804931640625,74.3269271850586,84.59835052490234,187.91000366210938,43154.9453125,24.719999313354492
2024-01-17,457.32415771484375,74.18229675292969,84.46453857421875,185.83999633789062,42742.65234375,24.40999984741211
2024-01-18,461.3910217285156,74.21843719482422,83.67938995361328,187.3699951171875,41262.05859375,23.34000015258789
2024-01-19,467.142822265625,74.16417694091797,83.94705200195312,187.92999267578125,41618.40625,23.799999237060547
2024-01-20,,,,,41665.5859375,
2024-01-21,,,,,41545.78515625,
2024-01-22,468.1304931640625,74.20034790039062,84.44670104980469,187.22000122070312,39507.3671875,22.950000762939453
2024-01-23,469.49578857421875,74.19129943847656,83.77754211425781,187.9499969482422,39845.55078125,22.31999969482422
2024-01-24,470.00909423828125,74.15514373779297,83.28681945800781,186.39999389648438,40077.07421875,22.600000381469727
2024-01-25,472.5653991699219,74.29077911376953,83.83108520507812,187.13999938964844,39933.80859375,22.760000228881836
2024-01-26,471.9649963378906,74.24555969238281,83.67047882080078,187.00999450683594,41816.87109375,23.989999771118164
2024-01-27,,,,,42120.0546875,
2024-01-28,,,,,42035.59375,
2024-01-29,475.70263671875,74.31787109375,84.63407135009766,188.3300018310547,43288.24609375,24.670000076293945
2024-01-30,475.334716796875,74.27268981933594,85.40135955810547,188.58999633789062,42952.609375,24.8799991607666
2024-01-31,467.5785217285156,74.4083023071289,86.24000549316406,188.4499969482422,42582.60546875,24.299999237060547
2024-02-01,473.69830322265625,74.51890563964844,87.93170928955078,190.41000366210938,43075.7734375,24.540000915527344
2024-02-02,478.68511962890625,74.28317260742188,85.98938751220703,188.61000061035156,43185.859375,24.5
2024-02-03,,,,,42992.25,
2024-02-04,,,,,42583.58203125,
2024-02-05,476.94207763671875,74.1380844116211,84.2529525756836,187.57000732421875,42658.66796875,24.190000534057617
2024-02-06,478.32684326171875,74.25595092773438,85.07642364501953,188.5500030517578,43084.671875,24.600000381469727
2024-02-07,482.3162841796875,74.22874450683594,84.66468048095703,188.5,44318.22265625,25.219999313354492
2024-02-08,482.529296875,74.21062469482422,84.17240905761719,188.3300018310547,45301.56640625,26.030000686645508
2024-02-09,485.3180847167969,74.18341064453125,84.0023422241211,187.60000610351562,47147.19921875,27.149999618530273
2024-02-10,,,,,47771.27734375,
2024-02-11,,,,,48293.91796875,
2024-02-12,485.10498046875,74.19246673583984,84.1008071899414,187.11000061035156,49958.22265625,28.65999984741211
2024-02-13,478.42364501953125,73.95673370361328,82.65975189208984,184.52999877929688,49742.44140625,28.219999313354492
2024-02-14,482.77142333984375,74.0655288696289,83.08040618896484,184.4199981689453,51826.6953125,29.549999237060547
2024-02-15,486.10235595703125,74.1380844116211,83.51004791259766,185.66000366210938,51938.5546875,29.520000457763672
2024-02-16,483.6816101074219,74.04742431640625,83.02671813964844,186.33999633789062,52160.203125,29.6200008392334
2024-02-17,,,,,51662.99609375,
2024-02-18,,,,,52122.546875,
2024-02-19,,,,,51779.14453125,
2024-02-20,481.0187072753906,74.09273529052734,83.09831237792969,187.47000122070312,52284.875,29.670000076293945
2024-02-21,481.4544677734375,74.02926635742188,82.50758361816406,187.47999572753906,51839.1796875,29.079999923706055
2024-02-22,491.4184265136719,74.02021789550781,82.91034698486328,187.55999755859375,51304.97265625,29.719999313354492
2024-02-23,491.7572937011719,74.05648040771484,84.02023315429688,188.6199951171875,50731.94921875,29.15999984741211
2024-02-24,,,,,51571.1015625,
2024-02-25,,,,,51733.23828125,
2024-02-26,489.9561462402344,74.0020751953125,83.76962280273438,188.1999969482422,54522.40234375,31.1200008392334
2024-02-27,490.8664245605469,74.0020751953125,83.17889404296875,188.0,57085.37109375,32.59000015258789
2024-02-28,490.2176818847656,74.07462310791016,83.70693969726562,188.33999633789062,62504.7890625,34.45000076293945
2024-02-29,491.9800109863281,74.11995697021484,84.2977294921875,189.30999755859375,61198.3828125,35.41999816894531
2024-03-01,496.5988464355469,74.26547241210938,84.82299041748047,192.88999938964844,62440.6328125,35.9900016784668
2024-03-02,,,,,62029.84765625,
2024-03-03,,,,,63167.37109375,
2024-03-04,496.0662841796875,74.19270324707031,84.48177337646484,196.00999450683594,68330.4140625,38.650001525878906
2024-03-05,491.10858154296875,74.24726867675781,85.68498229980469,197.19000244140625,63801.19921875,35.31999969482422
2024-03-06,493.5970764160156,74.26547241210938,86.18773651123047,198.80999755859375,66106.8046875,38.290000915527344
2024-03-07,498.4967956542969,74.35639953613281,86.10694885253906,199.94000244140625,66925.484375,38.630001068115234
2024-03-08,495.5046691894531,74.39279174804688,85.95431518554688,201.6300048828125,68300.09375,39.54999923706055
2024-03-09,,,,,68498.8828125,
2024-03-10,,,,,69019.7890625,
2024-03-11,495.07861328125,74.32914733886719,85.909423828125,202.0,72123.90625,41.119998931884766
2024-03-12,500.4043884277344,74.25635528564453,85.19109344482422,199.7899932861328,71481.2890625,40.72999954223633
2024-03-13,499.6199951171875,74.2199935913086,84.77808380126953,201.19000244140625,73083.5,41.95000076293945
2024-03-14,498.63232421875,74.15632629394531,83.4761734008789,200.35000610351562,71396.59375,39.5099983215332
2024-03-15,495.20843505859375,74.11087036132812,83.44922637939453,199.7100067138672,69403.7734375,39.38999938964844
2024-03-16,,,,,65315.1171875,
2024-03-17,,,,,68390.625,
2024-03-18,498.15155029296875,74.11994171142578,83.19780731201172,200.02999877929688,67548.59375,38.13999938964844
2024-03-19,500.91973876953125,74.18360137939453,83.43124389648438,199.8000030517578,61912.7734375,36.70000076293945
2024-03-20,505.5530090332031,74.30183410644531,83.40432739257812,202.17999267578125,67913.671875,37.54999923706055
2024-03-21,507.22369384765625,74.30183410644531,83.5838623046875,201.97000122070312,65491.390625,37.150001525878906
2024-03-22,506.26202392578125,74.35639953613281,84.3830337524414,200.35000610351562,63778.76171875,36.40999984741211
2024-03-23,,,,,64062.203125,
2024-03-24,,,,,67234.171875,
2024-03-25,504.86334228515625,74.32003021240234,83.96100616455078,200.99000549316406,69958.8125,40.54999923706055
2024-03-26,503.9308166503906,74.33822631835938,84.19445037841797,201.63999938964844,69987.8359375,39.630001068115234
2024-03-27,508.1659240722656,74.42005920410156,85.02947998046875,203.10000610351562,69455.34375,39.130001068115234
2024-03-28,508.0687255859375,74.37458801269531,84.95764923095703,205.72000122070312,70744.953125,40.470001220703125
2024-03-29,,,,,69892.828125,
2024-03-30,,,,,69645.3046875,
2024-03-31,,,,,71333.6484375,
2024-04-01,507.1848449707031,74.2194595336914,83.37396240234375,207.82000732421875,69702.1484375,39.75
2024-04-02,503.96014404296875,74.2559814453125,82.91451263427734,210.88999938964844,65446.97265625,37.599998474121094
2024-04-03,504.5136413574219,74.31075286865234,82.89651489257812,212.74000549316406,65980.8125,37.540000915527344
2024-04-04,498.3555603027344,74.38372802734375,83.49105834960938,211.52000427246094,68508.84375,39.08000183105469
2024-04-05,503.5617370605469,74.26510620117188,82.32897186279297,215.13999938964844,67837.640625,38.40999984741211
2024-04-06,,,,,68896.109375,
2024-04-07,,,,,69362.5546875,
2024-04-08,503.84344482421875,74.19209289550781,82.31996154785156,216.47999572753906,71631.359375,40.95000076293945
2024-04-09,504.4262390136719,74.26510620117188,83.0856704711914,217.6699981689453,69139.015625,39.33000183105469
2024-04-10,499.3753967285156,73.96398162841797,81.27496337890625,215.61000061035156,70587.8828125,40.0
2024-04-11,503.1440734863281,74.05524444580078,80.9056167602539,219.8000030517578,70060.609375,40.16999816894531
2024-04-12,496.19921875,74.10084533691406,81.33800506591797,216.88999938964844,67195.8671875,38.13999938964844
2024-04-13,,,,,63821.47265625,
2024-04-14,,,,,65738.7265625,
2024-04-15,489.98272705078125,74.07347869873047,80.07682037353516,220.9499969482422,63426.2109375,36.08000183105469
2024-04-16,489.0890808105469,74.02786254882812,79.54534149169922,221.22000122070312,63811.86328125,35.75
2024-04-17,486.194580078125,74.08259582519531,80.42816162109375,219.58999633789062,61276.69140625,34.7599983215332
2024-04-18,485.1940612792969,74.04608154296875,80.02276611328125,220.33999633789062,63512.75390625,36.209999084472656
2024-04-19,480.9591979980469,74.06437683105469,80.31105041503906,221.02999877929688,63843.5703125,36.66999816894531
2024-04-20,,,,,64994.44140625,
2024-04-21,,,,,64926.64453125,
2024-04-22,485.3883972167969,74.10084533691406,80.1759033203125,215.57000732421875,66837.6796875,37.93000030517578
2024-04-23,491.1482849121094,74.16475677490234,80.20294952392578,215.0399932861328,66407.2734375,37.900001525878906
2024-04-24,490.9151611328125,74.1373519897461,79.63542938232422,214.63999938964844,64276.8984375,36.40999984741211
2024-04-25,489.05023193359375,74.08259582519531,79.07688903808594,215.9199981689453,64481.70703125,36.86000061035156
2024-04-26,493.6834716796875,74.10084533691406,79.49127197265625,216.6199951171875,63755.3203125,36.31999969482422
2024-04-27,,,,,63419.140625,
2024-04-28,,,,,63113.23046875,
2024-04-29,495.43182373046875,74.1373519897461,80.15792083740234,216.17999267578125,63841.12109375,35.869998931884766
2024-04-30,487.5835876464844,74.04608154296875,79.4732666015625,211.8699951171875,60636.85546875,33.56999969482422
2024-05-01,486.0003356933594,74.19441223144531,80.05904388427734,213.7899932861328,58254.01171875,32.38999938964844
2024-05-02,490.5461120605469,74.30426788330078,80.402587890625,213.1300048828125,59123.43359375,33.79999923706055
2024-05-03,496.6265563964844,74.42327880859375,81.21617126464844,212.9600067138672,62889.8359375,35.400001525878906
2024-05-04,,,,,63891.47265625,
2024-05-05,,,,,64031.1328125,
2024-05-06,501.7551574707031,74.41411590576172,81.53257751464844,215.1999969482422,63161.94921875,36.0099983215332
2024-05-07,502.30877685546875,74.42327880859375,82.0298080444336,214.2100067138672,62334.81640625,35.93000030517578
2024-05-08,502.3572692871094,74.40498352050781,81.53257751464844,213.5800018310547,61187.94140625,35.380001068115234
2024-05-09,505.25189208984375,74.4690170288086,81.93034362792969,216.9499969482422,63049.9609375,35.58000183105469
2024-05-10,505.9026794433594,74.40498352050781,81.46932220458984,218.7100067138672,60792.77734375,34.58000183105469
2024-05-11,,,,,60793.7109375,
2024-05-12,,,,,61448.39453125,
2024-05-13,505.9705810546875,74.42327880859375,81.67724609375,216.25999450683594,62901.44921875,36.0
2024-05-14,508.2921142578125,74.49649810791016,82.13829040527344,218.08999633789062,61552.7890625,35.06999969482422
2024-05-15,514.5863647460938,74.63382720947266,83.25924682617188,220.88999938964844,66267.4921875,37.66999816894531
2024-05-16,513.5275268554688,74.57889556884766,83.17788696289062,220.02999877929688,65231.58203125,37.150001525878906
2024-05-17,514.2658081054688,74.53311157226562,82.61740112304688,223.66000366210938,67051.875,38.279998779296875
2024-05-18,,,,,66940.8046875,
2024-05-19,,,,,66278.3671875,
2024-05-20,514.858154296875,74.51481628417969,82.37333679199219,224.55999755859375,71448.1953125,39.970001220703125
2024-05-21,516.1209716796875,74.55144500732422,82.79820251464844,224.22999572753906,70136.53125,39.470001220703125
2024-05-22,514.6348266601562,74.49649810791016,82.89765167236328,220.11000061035156,69122.3359375,39.709999084472656
2024-05-23,510.87591552734375,74.45986938476562,82.3642807006836,215.72000122070312,67929.5625,38.27000045776367
2024-05-24,514.256103515625,74.48733520507812,82.6083755493164,215.9199981689453,68526.1015625,39.459999084472656
2024-05-25,,,,,69265.9453125,
2024-05-26,,,,,68518.09375,
2024-05-27,,,,,69394.5546875,
2024-05-28,514.6153564453125,74.42327880859375,81.42411041259766,218.19000244140625,68296.21875,38.97999954223633
2024-05-29,511.0117492675781,74.39579010009766,80.43875885009766,216.16000366210938,67578.09375,38.31999969482422
2024-05-30,507.6218566894531,74.47819519042969,81.21617126464844,216.57000732421875,68364.9921875,39.15999984741211
2024-05-31,512.245361328125,74.57889556884766,81.76763916015625,215.3000030517578,67491.4140625,38.54999923706055
2024-06-01,,,,,67706.9375,
2024-06-02,,,,,67751.6015625,
2024-06-03,512.6629028320312,74.66337585449219,83.09017944335938,217.22000122070312,68804.78125,39.439998626708984
2024-06-04,513.2362670898438,74.7368392944336,84.06077575683594,215.27000427246094,70567.765625,40.16999816894531
2024-06-05,519.3360595703125,74.81031799316406,84.67760467529297,217.82000732421875,71082.8203125,40.66999816894531
2024-06-06,519.3262939453125,74.81950378417969,84.5506362915039,219.42999267578125,70757.1640625,40.15999984741211
2024-06-07,518.6950073242188,74.62664031982422,82.9994888305664,211.60000610351562,69342.5859375,39.41999816894531
2024-06-08,,,,,69305.7734375,
2024-06-09,,,,,69647.9921875,
2024-06-10,520.2976684570312,74.63581848144531,82.4461441040039,213.5399932861328,69512.28125,39.59000015258789
2024-06-11,521.55078125,74.71847534179688,83.29881286621094,214.14999389648438,67332.03125,38.43000030517578
2024-06-12,525.8341064453125,74.81950378417969,83.9247055053711,214.72000122070312,68241.1875,38.45000076293945
2024-06-13,526.8928833007812,74.93888092041016,85.15837860107422,212.97000122070312,66756.3984375,37.900001525878906
2024-06-14,527.2135009765625,74.94808959960938,85.87498474121094,215.72999572753906,66011.09375,37.29999923706055
2024-06-15,,,,,66191.0,
2024-06-16,,,,,66639.046875,
2024-06-17,531.4095458984375,74.8746109008789,85.02230834960938,214.61000061035156,66490.296875,37.97999954223633
2024-06-18,532.7596435546875,74.9756088256836,85.80240631103516,215.47000122070312,65140.74609375,36.63999938964844
2024-06-19,,,,,64960.296875,
2024-06-20,531.3123779296875,74.94808959960938,85.23094940185547,218.16000366210938,64828.65625,37.040000915527344
2024-06-21,530.60009765625,74.9756088256836,85.23094940185547,214.77999877929688,64096.19921875,36.58000183105469
2024-06-22,,,,,64252.578125,
2024-06-23,,,,,63180.796875,
2024-06-24,528.8753051757812,74.98481750488281,85.57563018798828,215.6300048828125,60277.4140625,33.76499938964844
2024-06-25,530.9119262695312,74.99398803710938,85.72076416015625,214.55999755859375,61804.640625,35.29999923706055
2024-06-26,531.5745849609375,74.92052459716797,84.49618530273438,212.5800018310547,60811.27734375,34.709999084472656
2024-06-27,532.4125366210938,74.9756088256836,84.83180236816406,214.99000549316406,61604.80078125,34.97999954223633
2024-06-28,530.3174438476562,74.98481750488281,83.25346374511719,215.00999450683594,60320.13671875,34.13999938964844
2024-06-29,,,,,60887.37890625,
2024-06-30,,,,,62678.29296875,
2024-07-01,531.408935546875,74.92029571533203,81.81661987304688,215.57000732421875,62851.98046875,36.0
2024-07-02,534.985107421875,74.98481750488281,82.45358276367188,215.55999755859375,62029.015625,35.220001220703125
2024-07-03,537.3724975585938,75.09537506103516,83.5364761352539,217.99000549316406,60173.921875,34.439998626708984
2024-07-04,,,,,56977.703125,
2024-07-05,540.4713134765625,75.23358154296875,84.22806549072266,220.92999267578125,56662.375,32.20000076293945
2024-07-06,,,,,58303.5390625,
2024-07-07,,,,,55849.109375,
2024-07-08,541.0950317382812,75.22438049316406,84.4100570678711,218.19000244140625,56705.09765625,32.15999984741211
2024-07-09,541.6211547851562,75.20597076416016,84.03694915771484,218.55999755859375,58009.2265625,32.959999084472656
2024-07-10,546.980712890625,75.23358154296875,84.30082702636719,219.36000061035156,57742.49609375,32.66999816894531
2024-07-11,542.2642822265625,75.40864562988281,85.11985778808594,223.25,57344.9140625,32.70000076293945
2024-07-12,545.6847534179688,75.51924133300781,85.48383331298828,223.11000061035156,57899.46484375,32.849998474121094
2024-07-13,,,,,59231.953125,
2024-07-14,,,,,60787.79296875,
2024-07-15,547.1853637695312,75.51924133300781,84.50106048583984,223.8300018310547,64870.15234375,36.150001525878906
2024-07-16,550.4302368164062,75.546875,85.6931381225586,228.2899932861328,65097.1484375,37.16999816894531
2024-07-17,542.712646484375,75.55609130859375,85.71134185791016,227.22999572753906,64118.79296875,36.84000015258789
2024-07-18,538.5419311523438,75.51924133300781,85.05613708496094,225.77999877929688,63974.06640625,36.220001220703125
2024-07-19,534.965576171875,75.48236083984375,84.55565643310547,221.72999572753906,66710.15625,38.400001525878906
2024-07-20,,,,,67163.6484375,
2024-07-21,,,,,68154.5234375,
2024-07-22,540.481201171875,75.49159240722656,84.30995178222656,221.8000030517578,67585.25,38.93000030517578
2024-07-23,539.6333618164062,75.52845001220703,84.19163513183594,222.5800018310547,65927.671875,37.34000015258789
2024-07-24,527.4039306640625,75.5653076171875,83.28166198730469,221.8000030517578,65372.1328125,37.41999816894531
2024-07-25,524.6559448242188,75.57450103759766,83.96414184570312,218.3300018310547,65777.2265625,36.83000183105469
2024-07-26,530.5318603515625,75.67587280273438,84.61934661865234,220.6300048828125,67912.0625,38.790000915527344
2024-07-27,,,,,67813.3359375,
2024-07-28,,,,,68255.8671875,
2024-07-29,530.84375,75.68508911132812,85.07433319091797,220.32000732421875,66819.9140625,38.34000015258789
2024-07-30,528.154296875,75.71270751953125,85.40193176269531,222.52000427246094,66201.015625,37.54999923706055
2024-07-31,536.7391357421875,75.86937713623047,86.2755355834961,226.5500030517578,64619.25,37.18000030517578
2024-08-01,529.138427734375,76.00062561035156,87.01963806152344,225.77000427246094,65357.5,36.06999969482422
2024-08-02,519.2867431640625,76.4259033203125,89.73128509521484,225.33999633789062,61415.06640625,35.61000061035156
2024-08-03,,,,,60680.09375,
2024-08-04,,,,,58116.9765625,
2024-08-05,504.1632080078125,76.40741729736328,90.20604705810547,222.47999572753906,53991.45703125,30.479999542236328
2024-08-06,508.8113098144531,76.3149642944336,88.18829345703125,220.6999969482422,56034.31640625,32.34000015258789
2024-08-07,505.4104309082031,76.26873016357422,87.56744384765625,220.5500030517578,55027.4609375,31.190000534057617
2024-08-08,517.0941162109375,76.23176574707031,87.02875518798828,224.00999450683594,61710.13671875,33.880001068115234
2024-08-09,519.3743286132812,76.250244140625,87.88697814941406,224.55999755859375,60880.11328125,34.599998474121094
2024-08-10,,,,,60945.8125,
2024-08-11,,,,,58719.484375,
2024-08-12,519.647216796875,76.29644775390625,88.20654296875,228.41000366210938,59354.515625,33.63999938964844
2024-08-13,528.1932983398438,76.4166488647461,88.81826782226562,228.05999755859375,60609.56640625,34.63999938964844
2024-08-14,529.8594970703125,76.40741729736328,89.37520599365234,226.1999969482422,58737.26953125,33.560001373291016
2024-08-15,538.9415283203125,76.2225112915039,88.6539306640625,226.91000366210938,57560.09765625,32.5
2024-08-16,540.1497192382812,76.30570983886719,88.96435546875,231.99000549316406,58894.10546875,34.029998779296875
2024-08-17,,,,,59478.97265625,
2024-08-18,,,,,58483.96484375,
2024-08-19,545.3142700195312,76.28721618652344,89.37520599365234,231.61000061035156,59493.453125,33.619998931884766
2024-08-20,544.427734375,76.39815521240234,90.08734893798828,232.4600067138672,59012.79296875,33.91999816894531
2024-08-21,546.298583984375,76.48136901855469,90.14215850830078,232.14999389648438,61175.19140625,35.130001068115234
2024-08-22,542.0109252929688,76.3796615600586,89.24739074707031,229.3699951171875,60381.9140625,34.349998474121094
2024-08-23,547.77001953125,76.5553207397461,89.83170318603516,232.02000427246094,64094.35546875,36.279998779296875
2024-08-24,,,,,64178.9921875,
2024-08-25,,,,,64333.54296875,
2024-08-26,546.4641723632812,76.5183334350586,89.60345458984375,232.75999450683594,62880.66015625,36.09000015258789
2024-08-27,547.2144775390625,76.56455993652344,89.44825744628906,233.38999938964844,59504.1328125,35.380001068115234
2024-08-28,544.0377807617188,76.5553207397461,89.33869934082031,231.75,59027.625,33.52000045776367
2024-08-29,544.0865478515625,76.54607391357422,89.04655456542969,232.9499969482422,59388.1796875,33.689998626708984
2024-08-30,549.2804565429688,76.54607391357422,88.09698486328125,231.2899932861328,59119.4765625,33.369998931884766
2024-08-31,,,,,58969.8984375,
2024-09-01,,,,,57325.48828125,
2024-09-02,,,,,59112.48046875,
2024-09-03,537.976806640625,76.62771606445312,89.537841796875,230.2899932861328,57431.0234375,32.97999954223633
2024-09-04,536.8755493164062,76.7947006225586,90.69198608398438,230.42999267578125,57971.5390625,33.040000915527344
2024-09-05,535.56982421875,76.82252502441406,91.2049331665039,232.35000610351562,56160.48828125,31.850000381469727
2024-09-06,526.5560913085938,76.96167755126953,91.19576263427734,230.6300048828125,53948.75390625,30.40999984741211
2024-09-07,,,,,54139.6875,
2024-09-08,,,,,54841.56640625,
2024-09-09,532.4515991210938,76.97095489501953,91.58963775634766,231.60000610351562,57019.53515625,32.5099983215332
2024-09-10,534.770751953125,77.08228302001953,92.2308349609375,232.6199951171875,57648.7109375,33.0
2024-09-11,540.2569580078125,77.01732635498047,92.15756225585938,232.25,57343.171875,32.79999923706055
2024-09-12,544.8077392578125,77.02664184570312,91.72704315185547,236.3300018310547,58127.01171875,33.25
2024-09-13,547.653076171875,77.13792419433594,91.97434997558594,238.67999267578125,60571.30078125,34.040000915527344
2024-09-14,,,,,60005.12109375,
2024-09-15,,,,,59182.8359375,
2024-09-16,548.4617919921875,77.18433380126953,92.81709289550781,238.66000366210938,58192.5078125,32.97999954223633
2024-09-17,548.6859741210938,77.12865447998047,92.36824798583984,237.33999633789062,60308.5390625,34.099998474121094
2024-09-18,547.0587158203125,77.10083770751953,91.2232437133789,235.50999450683594,61649.6796875,34.150001525878906
2024-09-19,556.3938598632812,77.16577911376953,90.92097473144531,239.1699981689453,62940.45703125,36.0099983215332
2024-09-20,555.43212890625,77.19361114501953,90.57291412353516,242.2100067138672,63192.9765625,35.79999923706055
2024-09-21,,,,,63394.83984375,
2024-09-22,,,,,63648.7109375,
2024-09-23,556.8201904296875,77.19361114501953,90.38053131103516,242.67999267578125,63329.80078125,36.040000915527344
2024-09-24,558.4132690429688,77.26783752441406,90.36223602294922,246.07000732421875,64301.96875,36.63999938964844
2024-09-25,557.1817016601562,77.202880859375,89.61112213134766,245.72999572753906,63143.14453125,35.970001220703125
2024-09-26,559.390625,77.12865447998047,89.82177734375,246.97999572753906,65181.01953125,36.84000015258789
2024-09-27,558.5794067382812,77.249267578125,90.28894805908203,245.02000427246094,65790.6640625,37.38999938964844
2024-09-28,,,,,65887.6484375,
2024-09-29,,,,,65635.3046875,
2024-09-30,560.8178100585938,77.13792419433594,89.8584213256836,243.05999755859375,63329.5,36.130001068115234
2024-10-01,555.7937622070312,77.18727111816406,90.5072021484375,245.61000061035156,60837.0078125,35.130001068115234
2024-10-02,556.0284423828125,77.16866302490234,89.74449157714844,245.66000366210938,60632.78515625,34.2400016784668
2024-10-03,555.0117797851562,77.06627655029297,88.89904022216797,245.49000549316406,60759.40234375,34.720001220703125
2024-10-04,560.0553588867188,76.80565643310547,87.80550384521484,245.0,62067.4765625,35.52000045776367
2024-10-05,,,,,62089.94921875,
2024-10-06,,,,,62818.953125,
2024-10-07,554.9922485351562,76.70327758789062,87.14383697509766,244.1699981689453,62236.66015625,36.060001373291016
2024-10-08,560.2411499023438,76.7684326171875,87.2908935546875,242.3699951171875,62131.96875,35.400001525878906
2024-10-09,564.12158203125,76.69398498535156,86.79466247558594,241.0500030517578,60582.1015625,34.68000030517578
2024-10-10,563.1343383789062,76.7591323852539,86.45466613769531,242.82000732421875,60274.5,33.95000076293945
2024-10-11,566.5065307617188,76.82428741455078,86.10545349121094,245.47000122070312,62445.08984375,35.939998626708984
2024-10-12,,,,,63193.0234375,
2024-10-13,,,,,62851.375,
2024-10-14,571.1395263671875,76.78704071044922,86.16976928710938,245.07000732421875,66046.125,37.56999969482422
2024-10-15,566.7020874023438,76.82428741455078,87.2173843383789,245.9199981689453,67041.109375,38.16999816894531
2024-10-16,569.1652221679688,76.87081909179688,87.58496856689453,247.14999389648438,67612.71875,38.58000183105469
2024-10-17,569.2140502929688,76.80565643310547,86.19734954833984,248.6300048828125,67399.8359375,38.04999923706055
2024-10-18,571.4035034179688,76.87081909179688,86.26166534423828,251.27000427246094,68418.7890625,39.06999969482422
2024-10-19,,,,,68362.734375,
2024-10-20,,,,,69001.703125,
2024-10-21,570.4652099609375,76.7591323852539,84.75459289550781,251.22000122070312,67367.8515625,38.56999969482422
2024-10-22,570.1621704101562,76.74980163574219,84.8373031616211,253.92999267578125,67361.40625,38.40999984741211
2024-10-23,564.952392578125,76.70327758789062,84.60755920410156,250.8699951171875,66432.1953125,37.810001373291016
2024-10-24,566.1741943359375,76.7405014038086,85.14974212646484,252.8000030517578,68161.0546875,38.869998931884766
2024-10-25,565.9786376953125,76.71259307861328,84.67189025878906,253.32000732421875,66642.4140625,38.0099983215332
2024-10-26,,,,,67014.6953125,
2024-10-27,,,,,67929.296875,
2024-10-28,567.7283325195312,76.67536163330078,84.442138671875,253.3300018310547,69907.7578125,39.66999816894531
2024-10-29,568.6471557617188,76.70327758789062,84.57078552246094,256.0899963378906,72720.4921875,41.33000183105469
2024-10-30,566.9267578125,76.63813781738281,84.81890869140625,257.5,72339.5390625,40.880001068115234
2024-10-31,555.8133544921875,76.65675354003906,84.9567642211914,253.50999450683594,70215.1875,39.779998779296875
2024-11-01,558.1591186523438,76.63153839111328,83.75902557373047,252.47000122070312,69482.46875,39.369998931884766
2024-11-02,,,,,69289.2734375,
2024-11-03,,,,,68741.1171875,
2024-11-04,556.9568481445312,76.68754577636719,85.05909729003906,252.8300018310547,67811.5078125,38.25
2024-11-05,563.6914672851562,76.66888427734375,85.51091003417969,253.39999389648438,69359.5625,39.5099983215332
2024-11-06,577.7080078125,76.57549285888672,83.16888427734375,245.6999969482422,75639.078125,43.400001525878906
2024-11-07,582.1748657226562,76.70626068115234,84.21080017089844,249.64999389648438,75904.859375,43.599998474121094
2024-11-08,584.69677734375,76.65020751953125,85.28038024902344,247.9600067138672,76545.4765625,43.689998626708984
2024-11-09,,,,,76778.8671875,
2024-11-10,,,,,80474.1875,
2024-11-11,585.2539672851562,76.59416961669922,84.86549377441406,242.13999938964844,88701.484375,49.56999969482422
2024-11-12,583.4359130859375,76.51944732666016,83.59306335449219,240.0500030517578,87955.8125,51.04999923706055
2024-11-13,583.7194213867188,76.63153839111328,82.80008697509766,237.6300048828125,90584.1640625,51.040000915527344
2024-11-14,579.9660034179688,76.51944732666016,83.279541015625,237.00999450683594,87250.4296875,49.72999954223633
2024-11-15,572.537353515625,76.60350036621094,83.05827331542969,236.58999633789062,91066.0078125,52.130001068115234
2024-11-16,,,,,90558.4765625,
2024-11-17,,,,,89845.8515625,
2024-11-18,574.8832397460938,76.65958404541016,83.20578002929688,241.08999633789062,90542.640625,52.130001068115234
2024-11-19,576.9848022460938,76.65958404541016,83.62994384765625,243.25,92343.7890625,52.70000076293945
2024-11-20,577.18017578125,76.6221923828125,83.36253356933594,244.6199951171875,94339.4921875,53.720001220703125
2024-11-21,580.2786865234375,76.60350036621094,83.29798889160156,246.66000366210938,98504.7265625,55.900001525878906
2024-11-22,582.0772094726562,76.59416961669922,83.34408569335938,249.83999633789062,98997.6640625,56.4900016784668
2024-11-23,,,,,97777.28125,
2024-11-24,,,,,98013.8203125,
2024-11-25,584.051513671875,76.74359893798828,85.501708984375,242.47999572753906,93102.296875,54.02000045776367
2024-11-26,587.1012573242188,76.74359893798828,85.16976165771484,242.9499969482422,91985.3203125,51.70000076293945
2024-11-27,585.3223266601562,76.79029846191406,85.75987243652344,243.49000549316406,95962.53125,55.029998779296875
2024-11-28,,,,,95652.46875,
2024-11-29,588.9583740234375,76.88368225097656,86.64503479003906,245.58999633789062,97461.5234375,55.209999084472656
2024-11-30,,,,,96449.0546875,
2024-12-01,,,,,97279.7890625,
2024-12-02,590.0139770507812,76.8790054321289,86.85321044921875,243.44000244140625,95865.3046875,54.47999954223633
2024-12-03,590.2877197265625,76.88838958740234,86.103759765625,243.92999267578125,96002.1640625,54.459999084472656
2024-12-04,593.9530639648438,76.97270202636719,87.02901458740234,244.6699981689453,98768.53125,56.41999816894531
2024-12-05,592.9755859375,76.97270202636719,87.20481872558594,242.86000061035156,96593.5703125,56.400001525878906
2024-12-06,594.0997924804688,77.04767608642578,87.33434295654297,242.9499969482422,99920.7109375,57.79999923706055
2024-12-07,,,,,99923.3359375,
2024-12-08,,,,,101236.015625,
2024-12-09,591.0403442382812,77.01956939697266,86.52938079833984,245.36000061035156,97432.71875,54.72999954223633
2024-12-10,589.2027587890625,77.01017761230469,86.12226867675781,248.58999633789062,96675.4296875,54.900001525878906
2024-12-11,593.7576293945312,76.99143981933594,85.30802917480469,250.9600067138672,101173.03125,57.720001220703125
2024-12-12,590.6983032226562,76.95398712158203,84.27176666259766,247.27999877929688,100043.0,56.91999816894531
2024-12-13,590.5808715820312,76.9164810180664,83.41127014160156,244.2899932861328,101459.2578125,57.90999984741211
2024-12-14,,,,,101372.96875,
2024-12-15,,,,,104298.6953125,
2024-12-16,593.1027221679688,76.92586517333984,83.66109466552734,244.8800048828125,106029.71875,60.220001220703125
2024-12-17,590.6591796875,76.93523406982422,83.86467742919922,243.94000244140625,106140.6015625,60.72999954223633
2024-12-18,573.055419921875,76.7942123413086,82.81598663330078,239.25999450683594,100041.5390625,57.18000030517578
2024-12-19,572.87939453125,76.87879943847656,81.56204986572266,239.60000610351562,97490.953125,54.720001220703125
2024-12-20,579.7603149414062,76.88821411132812,82.02645111083984,242.10000610351562,97755.9296875,54.810001373291016
2024-12-21,,,,,97224.7265625,
2024-12-22,,,,,95104.9375,
2024-12-23,583.2320556640625,76.8412094116211,81.27409362792969,240.9600067138672,94686.2421875,52.869998931884766
2024-12-24,589.7147216796875,76.87879943847656,81.61779022216797,241.44000244140625,98676.09375,56.22999954223633
2024-12-25,,,,,99299.1953125,
2024-12-26,589.7539672851562,76.89762878417969,81.57134246826172,243.07000732421875,95795.515625,54.29999923706055
2024-12-27,583.5460205078125,76.91642761230469,80.90257263183594,241.39999389648438,94164.859375,53.68000030517578
2024-12-28,,,,,95163.9296875,
2024-12-29,,,,,93530.2265625,
2024-12-30,576.88671875,77.02925872802734,81.5527572631836,240.6300048828125,92643.2109375,53.54999923706055
2024-12-31,574.7879638671875,77.07626342773438,81.11620330810547,242.1300048828125,93429.203125,53.04999923706055
2025-01-01,,,,,94419.7578125,
2025-01-02,573.375732421875,77.05746459960938,81.33912658691406,245.4199981689453,96886.875,55.369998931884766
2025-01-03,580.5448608398438,77.05746459960938,81.07904815673828,243.49000549316406,98107.4296875,55.959999084472656
2025-01-04,,,,,98236.2265625,
2025-01-05,,,,,98314.9609375,
2025-01-06,583.88916015625,77.07626342773438,80.71680450439453,243.19000244140625,102078.0859375,58.16999816894531
2025-01-07,577.288818359375,77.02925872802734,79.80652618408203,244.55999755859375,96922.703125,54.790000915527344
2025-01-08,578.1322631835938,77.07626342773438,79.90869903564453,245.86000061035156,95043.5234375,53.34000015258789
2025-01-09,,,,,92484.0390625,
2025-01-10,569.3056640625,76.93523406982422,79.3792495727539,248.2100067138672,94701.453125,53.84000015258789
2025-01-11,,,,,94566.59375,
2025-01-12,,,,,94488.4375,
2025-01-13,570.1883544921875,76.95404052734375,79.35138702392578,245.74000549316406,94516.5234375,53.220001220703125
2025-01-14,570.972900390625,76.97283172607422,79.22135162353516,247.02999877929688,96534.046875,54.83000183105469
2025-01-15,581.3588256835938,77.14207458496094,80.58675384521484,248.8800048828125,100504.4921875,56.63999938964844
2025-01-16,580.2408447265625,77.18907928466797,80.84684753417969,250.60000610351562,99756.90625,57.09000015258789
2025-01-17,586.06640625,77.17028045654297,80.98616027832031,249.27000427246094,104462.0390625,59.619998931884766
2025-01-18,,,,,104408.0703125,
2025-01-19,,,,,101089.609375,
2025-01-20,,,,,102016.6640625,
2025-01-21,591.4310302734375,77.19847869873047,81.71065521240234,253.1300048828125,106146.265625,60.41999816894531
2025-01-22,594.7557373046875,77.1796646118164,81.28341674804688,254.42999267578125,103653.0703125,59.380001068115234
2025-01-23,598.0018310546875,77.1796646118164,80.65177917480469,254.07000732421875,103960.171875,58.790000915527344
2025-01-24,596.2561645507812,77.2266845703125,81.01402282714844,255.64999389648438,104819.484375,59.70000076293945
2025-01-25,,,,,104714.6484375,
2025-01-26,,,,,102682.5,
2025-01-27,587.8219604492188,77.33951568603516,81.9707260131836,252.99000549316406,102087.6875,57.66999816894531
2025-01-28,592.8726806640625,77.35830688476562,81.91500854492188,255.17999267578125,101332.4765625,57.58000183105469
2025-01-29,590.2147827148438,77.31129455566406,81.7478256225586,254.1999969482422,103703.2109375,59.34000015258789
2025-01-30,593.3826293945312,77.35830688476562,82.05432891845703,258.04998779296875,104735.3046875,59.720001220703125
2025-01-31,590.2247314453125,77.36772155761719,81.5156021118164,258.55999755859375,102405.0234375,57.709999084472656
2025-02-01,,,,,100655.90625,
2025-02-02,,,,,97688.9765625,
2025-02-03,586.2527465820312,77.3139419555664,82.17931365966797,259.94000244140625,101405.421875,57.58000183105469
2025-02-04,590.1854858398438,77.38941955566406,82.43097686767578,262.5,97871.8203125,56.130001068115234
2025-02-05,592.5784301757812,77.43656158447266,83.7919692993164,264.1300048828125,96615.4453125,55.33000183105469
2025-02-06,594.637939453125,77.40828704833984,83.75466918945312,263.42999267578125,96593.296875,55.119998931884766
2025-02-07,589.1950073242188,77.3233871459961,83.2139892578125,263.8999938964844,96529.0859375,54.470001220703125
2025-02-08,,,,,96482.453125,
2025-02-09,,,,,96500.09375,
2025-02-10,593.1963500976562,77.36109924316406,82.96229553222656,268.3699951171875,97437.5546875,55.380001068115234
2025-02-11,593.6474609375,77.34223175048828,82.43097686767578,267.3900146484375,95747.4296875,54.11000061035156
2025-02-12,591.7350463867188,77.23847961425781,81.31242370605469,267.6700134277344,97885.859375,55.15999984741211
2025-02-13,597.9822387695312,77.34223175048828,82.66403198242188,270.30999755859375,96623.8671875,54.7400016784668
2025-02-14,597.9528198242188,77.44599914550781,83.1021499633789,266.2900085449219,97508.96875,55.33000183105469
2025-02-15,,,,,97580.3515625,
2025-02-16,,,,,96175.03125,
2025-02-17,,,,,95773.3828125,
2025-02-18,599.7083129882812,77.37997436523438,82.12337493896484,270.70001220703125,95539.546875,53.5099983215332
2025-02-19,601.12060546875,77.43656158447266,82.22589874267578,270.8500061035156,96635.609375,54.650001525878906
2025-02-20,598.6198120117188,77.44599914550781,82.53353881835938,270.989990234375,98333.9375,56.040000915527344
2025-02-21,588.3809204101562,77.57806396484375,83.53095245361328,270.739990234375,96125.546875,53.91999816894531
2025-02-22,,,,,96577.7578125,
2025-02-23,,,,,96273.921875,
2025-02-24,585.7035522460938,77.63465881347656,83.7733154296875,272.2099914550781,91418.171875,53.40999984741211
2025-02-25,582.7907104492188,77.73844909667969,85.21814727783203,268.6199951171875,88736.171875,50.029998779296875
2025-02-26,583.0849609375,77.7667236328125,85.72152709960938,269.0299987792969,84347.0234375,47.959999084472656
2025-02-27,573.7777099609375,77.79503631591797,85.11561584472656,264.92999267578125,84704.2265625,47.349998474121094
2025-02-28,582.73193359375,77.93653106689453,86.15962982177734,263.2699890136719,84373.0078125,47.900001525878906
2025-03-01,,,,,86031.9140625,
2025-03-02,,,,,94248.3515625,
2025-03-03,572.5224609375,77.98667907714844,86.56172180175781,266.739990234375,86065.671875,48.900001525878906
2025-03-04,565.74560546875,77.99612426757812,85.49571228027344,269.05999755859375,87222.1953125,49.38999938964844
2025-03-05,571.8260498046875,77.91098022460938,84.8130874633789,269.6199951171875,90623.5625,51.439998626708984
2025-03-06,561.675537109375,77.95829772949219,84.53258514404297,268.25,89961.7265625,50.63999938964844
2025-03-07,564.8236694335938,77.94883728027344,84.26140594482422,268.3900146484375,86742.671875,49.43000030517578
2025-03-08,,,,,86154.59375,
2025-03-09,,,,,80601.0390625,
2025-03-10,549.7792358398438,78.09075164794922,85.140380859375,266.0400085449219,78532.0,44.90999984741211
2025-03-11,545.208984375,78.04344177246094,84.53258514404297,269.1600036621094,82862.2109375,47.2400016784668
2025-03-12,548.102294921875,77.98667907714844,84.02763366699219,270.3299865722656,83722.359375,47.150001525878906
2025-03-13,540.7957153320312,78.04344177246094,84.76634979248047,275.1300048828125,81066.703125,45.52000045776367
2025-03-14,551.96630859375,77.98667907714844,84.31749725341797,275.239990234375,83969.1015625,48.13999938964844
2025-03-15,,,,,84343.109375,
2025-03-16,,,,,82579.6875,
2025-03-17,556.2227172851562,77.95829772949219,84.73829650878906,276.7300109863281,84075.6875,48.060001373291016
2025-03-18,550.2108154296875,77.95829772949219,84.82245635986328,279.9599914550781,82718.5,46.810001373291016
2025-03-19,556.203125,78.07184600830078,85.26193237304688,281.1099853515625,86854.2265625,48.61000061035156
2025-03-20,554.5946044921875,78.09075164794922,85.31805419921875,280.75,84167.1953125,47.849998474121094
2025-03-21,554.7777099609375,78.13809204101562,84.8130874633789,278.489990234375,84043.2421875,47.70000076293945
2025-03-22,,,,,83832.484375,
2025-03-23,,,,,86054.375,
2025-03-24,564.712890625,78.03398895263672,83.9434585571289,277.25,87498.9140625,50.18000030517578
2025-03-25,566.0703735351562,78.06238555908203,83.9341049194336,278.4700012207031,87471.703125,50.13999938964844
2025-03-26,559.3125610351562,78.04344177246094,83.38240814208984,278.239990234375,86900.8828125,49.18000030517578
2025-03-27,557.8270874023438,78.08129119873047,83.1393051147461,281.9700012207031,87177.1015625,49.439998626708984
2025-03-28,546.5933837890625,78.22323608398438,84.28943634033203,284.05999755859375,84353.1484375,47.560001373291016
2025-03-29,,,,,82597.5859375,
2025-03-30,,,,,82334.5234375,
2025-03-31,550.2625732421875,78.28001403808594,85.12167358398438,288.1400146484375,82548.9140625,46.810001373291016
2025-04-01,551.8167114257812,78.3084945678711,85.85929107666016,287.57000732421875,85169.171875,48.29999923706055
2025-04-02,555.308837890625,78.25151824951172,85.80299377441406,288.1600036621094,82485.7109375,49.40999984741211
2025-04-03,527.9428100585938,78.54583740234375,86.1971435546875,286.4200134277344,83102.828125,46.56999969482422
2025-04-04,497.03546142578125,78.49838256835938,87.13560485839844,279.7200012207031,83843.8046875,47.709999084472656
2025-04-05,,,,,83504.796875,
2025-04-06,,,,,78214.484375,
2025-04-07,496.1501159667969,78.50786590576172,84.50791931152344,273.7099914550781,79235.3359375,44.27000045776367
2025-04-08,488.3790283203125,78.46038818359375,82.91254425048828,275.20001220703125,76271.953125,43.59000015258789
2025-04-09,539.6683349609375,78.41292572021484,83.40055847167969,285.3800048828125,82573.953125,46.83000183105469
2025-04-10,516.0205688476562,78.40343475341797,81.10132598876953,292.3500061035156,79626.140625,45.16999816894531
2025-04-11,525.227783203125,78.26102447509766,81.54241943359375,297.92999267578125,83404.8359375,47.66999816894531
2025-04-12,,,,,85287.109375,
2025-04-13,,,,,83684.9765625,
2025-04-14,530.3232421875,78.4319076538086,82.12425231933594,296.2300109863281,84542.390625,48.279998779296875
2025-04-15,528.837890625,78.4319076538086,82.41517639160156,297.7799987792969,83668.9921875,47.7400016784668
2025-04-16,517.0828857421875,78.53633880615234,82.8750228881836,307.4700012207031,84033.8671875,47.959999084472656
2025-04-17,517.8206176757812,78.56483459472656,82.14303588867188,306.1199951171875,84895.75,48.2599983215332
2025-04-18,,,,,84450.8046875,
2025-04-19,,,,,85063.4140625,
2025-04-20,,,,,85174.3046875,
2025-04-21,505.4951171875,78.5173568725586,80.70720672607422,315.5899963378906,87518.90625,49.720001220703125
2025-04-22,518.64697265625,78.54583740234375,81.15764617919922,311.1099853515625,93441.890625,52.08000183105469
2025-04-23,526.68359375,78.48888397216797,81.9459457397461,303.6499938964844,93699.109375,53.20000076293945
2025-04-24,537.769775390625,78.58380889892578,82.8093032836914,308.07000732421875,93943.796875,53.2599983215332
2025-04-25,541.6553344726562,78.6502685546875,83.4193115234375,304.7300109863281,94720.5,54.27000045776367
2025-04-26,,,,,94646.9296875,
2025-04-27,,,,,93754.84375,
2025-04-28,541.86181640625,78.76420593261719,83.94485473632812,309.07000732421875,94978.75,53.880001068115234
2025-04-29,545.2753295898438,78.81168365478516,84.64869689941406,306.05999755859375,94284.7890625,54.220001220703125
2025-04-30,545.49169921875,78.91612243652344,83.96361541748047,303.7699890136719,94207.3125,53.5099983215332
2025-05-01,549.3574829101562,78.75326538085938,83.53789520263672,297.4599914550781,96492.3359375,54.95000076293945
2025-05-02,557.5122680664062,78.60086822509766,82.63365173339844,297.9800109863281,96910.0703125,55.189998626708984
2025-05-03,,,,,95891.796875,
2025-05-04,,,,,94315.9765625,
2025-05-05,554.3153076171875,78.59136199951172,82.172119140625,306.8800048828125,94748.0546875,53.630001068115234
2025-05-06,549.6821899414062,78.65801239013672,82.44528198242188,315.4800109863281,96802.4765625,53.970001220703125
2025-05-07,551.9938354492188,78.68659973144531,82.79378509521484,310.75,97032.3203125,54.68000030517578
2025-05-08,555.8400268554688,78.52469635009766,81.8707046508789,304.6300048828125,103241.4609375,57.619998931884766
2025-05-09,555.1317138671875,78.56278991699219,81.99314880371094,306.8399963378906,102970.8515625,58.65999984741211
2025-05-10,,,,,104696.328125,
2025-05-11,,,,,104106.359375,
2025-05-12,573.4774169921875,78.41991424560547,81.23021697998047,298.19000244140625,102812.953125,57.880001068115234
2025-05-13,577.2647094726562,78.40087890625,80.90055084228516,299.4599914550781,104169.8125,59.619998931884766
2025-05-14,578.00244140625,78.34374237060547,80.36365509033203,293.1600036621094,103539.4140625,58.7400016784668
2025-05-15,580.8255615234375,78.49610900878906,81.070068359375,297.8399963378906,103744.640625,58.66999816894531
2025-05-16,584.5045776367188,78.47706604003906,81.28672790527344,294.239990234375,103489.2890625,59.20000076293945
2025-05-17,,,,,103191.0859375,
2025-05-18,,,,,106446.0078125,
2025-05-19,585.1439208984375,78.50564575195312,81.05125427246094,298.0299987792969,105606.1796875,59.9900016784668
2025-05-20,583.1765747070312,78.51516723632812,80.46725463867188,303.5799865722656,106791.0859375,60.90999984741211
2025-05-21,573.3495483398438,78.46753692626953,79.09207153320312,305.82000732421875,109678.078125,61.790000915527344
2025-05-22,573.575927734375,78.51516723632812,79.50650787353516,303.1099853515625,111673.28125,63.22999954223633
2025-05-23,569.6607055664062,78.56278991699219,79.63837432861328,309.75,107287.796875,61.83000183105469
2025-05-24,,,,,107791.15625,
2025-05-25,,,,,109035.390625,
2025-05-26,,,,,109440.3671875,
2025-05-27,581.5043334960938,78.59136199951172,80.74983978271484,304.5,108994.640625,62.5
2025-05-28,578.14013671875,78.5342025756836,80.40133666992188,303.80999755859375,107802.328125,60.790000915527344
2025-05-29,580.4223022460938,78.61993408203125,81.14543914794922,305.6099853515625,105641.7578125,59.9900016784668
2025-05-30,579.7730102539062,78.71516418457031,81.26787567138672,303.6000061035156,103998.5703125,59.459999084472656
2025-05-31,,,,,104638.09375,
2025-06-01,,,,,105652.1015625,
2025-06-02,583.0388793945312,78.65018463134766,80.51154327392578,311.6700134277344,105881.53125,59.36000061035156
2025-06-03,586.36376953125,78.63105773925781,80.36974334716797,308.9100036621094,105432.46875,60.400001525878906
2025-06-04,586.206298828125,78.7744140625,81.67440795898438,310.8999938964844,104731.984375,59.63999938964844
2025-06-05,583.373291015625,78.68840026855469,81.73112487792969,309.3299865722656,101575.953125,57.869998931884766
2025-06-06,589.364013671875,78.55464172363281,80.69116973876953,305.17999267578125,104390.34375,59.2599983215332
2025-06-07,,,,,105615.625,
2025-06-08,,,,,105793.6484375,
2025-06-09,589.8950805664062,78.6119613647461,80.77625274658203,306.6199951171875,110294.1015625,61.77000045776367
2025-06-10,593.2396850585938,78.6119613647461,81.1922378540039,306.7099914550781,110257.234375,62.290000915527344
2025-06-11,591.5476684570312,78.7361831665039,81.43804931640625,308.3699951171875,108686.625,61.84000015258789
2025-06-12,593.8987426757812,78.8030776977539,82.41182708740234,312.20001220703125,105929.0546875,60.70000076293945
2025-06-13,587.2588500976562,78.7457504272461,81.6176986694336,316.2900085449219,106090.96875,59.7400016784668
2025-06-14,,,,,105472.40625,
2025-06-15,,,,,105552.0234375,
2025-06-16,592.84619140625,78.7361831665039,80.79517364501953,311.7799987792969,106796.7578125,61.79999923706055
2025-06-17,587.7802124023438,78.7744140625,81.77840423583984,311.94000244140625,104601.1171875,59.5
2025-06-18,587.6917114257812,78.81262969970703,81.92021942138672,310.260009765625,104883.328125,58.970001220703125
2025-06-19,,,,,104684.2890625,
2025-06-20,586.3114624023438,78.86995697021484,81.76895141601562,310.1300048828125,103309.6015625,58.66999816894531
2025-06-21,,,,,102257.40625,
2025-06-22,,,,,100987.140625,
2025-06-23,592.1026611328125,78.9750747680664,82.03367614746094,311.0799865722656,105577.7734375,58.66999816894531
2025-06-24,598.6438598632812,79.04195404052734,82.6292724609375,306.19000244140625,106045.6328125,60.060001373291016
2025-06-25,598.9793090820312,79.05152130126953,82.73329162597656,307.1199951171875,107361.2578125,61.275001525878906
2025-06-26,603.66552734375,79.14705657958984,83.14925384521484,306.7799987792969,106960.0,61.13999938964844
2025-06-27,606.6648559570312,79.11841583251953,82.61981964111328,301.2200012207031,107088.4296875,60.720001220703125
2025-06-28,,,,,107327.703125,
2025-06-29,,,,,108385.5703125,
2025-06-30,609.5653686523438,79.17572784423828,83.4328842163086,304.8299865722656,107135.3359375,61.209999084472656
2025-07-01,609.3681640625,79.09329223632812,83.63973999023438,307.54998779296875,105698.28125,59.84000015258789
2025-07-02,612.130615234375,79.08370971679688,83.10835266113281,309.25,108859.3203125,62.41999816894531
2025-07-03,616.9549560546875,78.99744415283203,82.52948760986328,307.1400146484375,109647.9765625,62.189998626708984
2025-07-04,,,,,108034.3359375,
2025-07-05,,,,,108231.1796875,
2025-07-06,,,,,109232.0703125,
2025-07-07,612.357421875,78.97825622558594,81.74185943603516,307.3699951171875,108299.8515625,61.400001525878906
2025-07-08,612.0220336914062,78.98785400390625,81.63748168945312,304.1600036621094,108950.2734375,61.81999969482422
2025-07-09,615.692138671875,79.0549545288086,82.49153137207031,305.5199890136719,111326.5546875,63.58000183105469
2025-07-10,617.4285888671875,79.0549545288086,82.54845428466797,306.20001220703125,115987.203125,64.5
2025-07-11,615.2579956054688,79.0357894897461,81.40973663330078,309.1400146484375,117516.9921875,67.20999908447266
2025-07-12,,,,,117435.2265625,
2025-07-13,,,,,119116.1171875,
2025-07-14,616.4320678710938,79.04536437988281,81.23892211914062,308.010009765625,119849.703125,68.18000030517578
2025-07-15,613.7979125976562,78.96868133544922,80.66957092285156,306.7300109863281,117777.1875,66.16000366210938
2025-07-16,615.8499755859375,79.07413482666016,80.78343200683594,308.260009765625,118738.5078125,67.83000183105469
2025-07-17,619.6187744140625,79.04536437988281,80.76447296142578,307.5899963378906,119289.84375,67.6500015258789
2025-07-18,619.1649169921875,79.11245727539062,80.8878173828125,308.3900146484375,118003.2265625,66.68000030517578
2025-07-19,,,,,117939.9765625,
2025-07-20,,,,,117300.7890625,
2025-07-21,620.3389892578125,79.160400390625,81.60902404785156,313.1300048828125,117439.5390625,66.33000183105469
2025-07-22,620.427734375,79.2179183959961,82.10246276855469,316.1000061035156,119995.4140625,67.81999969482422
2025-07-23,625.7061157226562,79.15078735351562,81.64698028564453,312.17999267578125,118754.9609375,67.29000091552734
2025-07-24,625.9132080078125,79.08370971679688,81.504638671875,310.2699890136719,118368.0,67.66000366210938
2025-07-25,628.5573120117188,79.13164520263672,82.0170669555664,307.3999938964844,117635.8828125,66.36000061035156
2025-07-26,,,,,117947.3671875,
2025-07-27,,,,,119448.4921875,
2025-07-28,628.3994140625,79.1220474243164,81.48566436767578,305.4100036621094,117924.4765625,67.0999984741211
2025-07-29,626.7420043945312,79.18916320800781,82.86162567138672,306.25,117922.1484375,66.70999908447266
2025-07-30,625.95263671875,79.10289001464844,82.4345932006836,300.9599914550781,117831.1875,66.37000274658203
2025-07-31,623.6046142578125,79.10289001464844,82.4820327758789,302.9599914550781,115758.203125,66.31999969482422
2025-08-01,613.3834838867188,79.49718475341797,83.6546630859375,309.1099853515625,113320.0859375,64.22000122070312
2025-08-02,,,,,112526.9140625,
2025-08-03,,,,,114217.671875,
2025-08-04,622.7067260742188,79.51643371582031,83.8832778930664,310.9100036621094,115071.8828125,65.19999694824219
2025-08-05,619.5496826171875,79.4875717163086,84.14045715332031,311.1600036621094,114141.4453125,64.55000305175781
2025-08-06,624.2952270507812,79.51643371582031,83.6546630859375,310.5,115028.0,65.51000213623047
2025-08-07,623.7723388671875,79.47795867919922,83.51176452636719,313.1199951171875,117496.8984375,66.83000183105469
2025-08-08,628.6361694335938,79.45872497558594,83.14979553222656,313.04998779296875,116688.7265625,66.12999725341797
2025-08-09,,,,,116500.359375,
2025-08-10,,,,,119306.7578125,
2025-08-11,627.39306640625,79.45872497558594,83.24504852294922,308.54998779296875,118731.4453125,67.63999938964844
2025-08-12,634.0723876953125,79.51643371582031,82.82592010498047,308.2699890136719,120172.90625,67.94999694824219
2025-08-13,636.2428588867188,79.62222290039062,83.51176452636719,309.2099914550781,123344.0625,69.83999633789062
2025-08-14,636.302001953125,79.53565216064453,82.8926010131836,307.25,118359.578125,67.02999877929688
2025-08-15,634.812255859375,79.50682067871094,82.30200958251953,307.42999267578125,117398.3515625,66.44000244140625
2025-08-16,,,,,117491.3515625,
2025-08-17,,,,,117453.0625,
2025-08-18,634.674072265625,79.50682067871094,82.0638656616211,306.95001220703125,116252.3125,66.05000305175781
2025-08-19,631.23095703125,79.5452651977539,82.54014587402344,305.2699890136719,112831.1796875,64.19000244140625
2025-08-20,629.5537109375,79.57412719726562,82.72113037109375,308.3599853515625,114274.7421875,64.9000015258789
2025-08-21,627.028076171875,79.50682067871094,82.31153106689453,307.2900085449219,112419.03125,63.689998626708984
2025-08-22,636.6571655273438,79.679931640625,82.92118072509766,310.5799865722656,116874.0859375,66.25
2025-08-23,,,,,115374.328125,
2025-08-24,,,,,113458.4296875,
2025-08-25,633.8552856445312,79.6414566040039,82.68302154541016,309.8299865722656,110124.3515625,62.880001068115234
2025-08-26,636.5092163085938,79.70877838134766,82.63540649414062,312.0799865722656,111802.65625,63.099998474121094
2025-08-27,637.9595336914062,79.76648712158203,82.54014587402344,312.7099914550781,111222.0625,63.650001525878906
2025-08-28,640.2188110351562,79.73763275146484,83.08311462402344,315.0299987792969,112544.8046875,63.58000183105469
2025-08-29,636.4006958007812,79.80494689941406,82.49251556396484,318.07000732421875,108410.8359375,61.439998626708984
2025-08-30,,,,,108808.0703125,
2025-08-31,,,,,108236.7109375,
2025-09-01,,,,,109250.59375,
2025-09-02,631.6847534179688,79.76443481445312,81.87864685058594,325.5899963378906,111200.5859375,62.970001220703125
2025-09-03,635.1082763671875,79.82230377197266,82.77745819091797,328.1400146484375,111723.2109375,63.77000045776367
2025-09-04,640.4160766601562,79.88020324707031,83.4085464477539,326.69000244140625,110723.6015625,62.349998474121094
2025-09-05,638.5612182617188,79.99595642089844,84.68029022216797,331.04998779296875,110650.984375,63.41999816894531
2025-09-06,,,,,110224.6953125,
2025-09-07,,,,,111167.6171875,
2025-09-08,640.1300048828125,80.04419708251953,85.80858612060547,334.82000732421875,112071.4296875,63.70000076293945
2025-09-09,641.6099243164062,79.9766845703125,85.3209457397461,334.05999755859375,111530.546875,63.220001220703125
2025-09-10,643.4646606445312,79.986328125,85.80858612060547,335.260009765625,113955.359375,64.52999877929688
2025-09-11,648.81201171875,80.01525115966797,86.3823013305664,334.760009765625,115507.5390625,65.02999877929688
2025-09-12,648.5948486328125,80.00560760498047,86.00939178466797,335.4200134277344,116101.578125,66.37999725341797
2025-09-13,,,,,115950.5078125,
2025-09-14,,,,,115407.65625,
2025-09-15,652.0479736328125,80.0345458984375,86.21018981933594,338.9100036621094,115444.875,65.5
2025-09-16,651.1502075195312,80.0731430053711,86.39186096191406,339.5899963378906,116843.1875,66.37000274658203
2025-09-17,650.3411865234375,80.0345458984375,86.17194366455078,336.9700012207031,116468.5078125,65.66999816894531
2025-09-18,653.3798828125,80.00560760498047,85.28267669677734,335.6199951171875,117137.203125,66.75
2025-09-19,656.6160278320312,80.0345458984375,85.12012481689453,339.17999267578125,115688.859375,65.37000274658203
2025-09-20,,,,,115721.9609375,
2025-09-21,,,,,115306.09375,
2025-09-22,659.7225341796875,79.99595642089844,84.81414794921875,345.04998779296875,112748.5078125,63.650001525878906
2025-09-23,656.1312866210938,80.02489471435547,85.40699005126953,346.4599914550781,112014.5,63.40999984741211
2025-09-24,654.043701171875,79.986328125,85.08187866210938,343.32000732421875,113328.6328125,64.41999816894531
2025-09-25,651.0263061523438,79.91878509521484,85.08187866210938,344.75,109049.2890625,62.099998474121094
2025-09-26,654.756103515625,79.96702575683594,85.00538635253906,346.739990234375,109712.828125,61.939998626708984
2025-09-27,,,,,109681.9453125,
2025-09-28,,,,,112122.640625,
2025-09-29,656.5962524414062,79.99595642089844,85.70340728759766,352.4599914550781,114400.3828125,64.97000122070312
2025-09-30,659.0695190429688,80.0345458984375,85.45478820800781,355.4700012207031,114056.0859375,65.0
2025-10-01,661.3153076171875,80.1274642944336,85.67549133300781,356.0299987792969,118648.9296875,66.73999786376953
2025-10-02,662.0770263671875,80.14682006835938,85.92496490478516,354.7900085449219,120681.2578125,68.7699966430664
2025-10-03,662.0671997070312,80.11778259277344,85.76183319091797,357.6400146484375,122266.53125,69.80999755859375
2025-10-04,,,,,122425.4296875,
2025-10-05,,,,,123513.4765625,
2025-10-06,664.4415283203125,80.09841918945312,85.0805892944336,364.3800048828125,124752.53125,71.29000091552734
2025-10-07,661.9781494140625,80.13713836669922,85.56993865966797,366.260009765625,121451.3828125,69.12999725341797
2025-10-08,665.925537109375,80.1274642944336,85.63711547851562,372.29998779296875,123354.8671875,70.05999755859375
2025-10-09,663.996337890625,80.11778259277344,85.56993865966797,365.42999267578125,121705.5859375,68.73999786376953
2025-10-10,646.0499877929688,80.25325012207031,86.95165252685547,369.1199951171875,113214.3671875,66.19999694824219
2025-10-11,,,,,110807.8828125,
2025-10-12,,,,,115169.765625,
2025-10-13,655.9630126953125,80.40809631347656,86.90367126464844,378.0899963378906,115271.078125,65.80999755859375
2025-10-14,655.1616821289062,80.35003662109375,87.18193817138672,380.7900085449219,113118.6640625,63.90999984741211
2025-10-15,658.0703125,80.31131744384766,86.99003601074219,387.3900146484375,110783.1640625,63.16999816894531
2025-10-16,653.588623046875,80.41777038574219,87.64250183105469,396.45001220703125,108186.0390625,61.43000030517578
2025-10-17,657.2986450195312,80.40809631347656,87.50817108154297,388.989990234375,106467.7890625,60.470001220703125
2025-10-18,,,,,107198.265625,
2025-10-19,,,,,108666.7109375,
2025-10-20,664.1348876953125,80.41777038574219,87.84400177001953,403.1499938964844,110588.9296875,62.93000030517578
2025-10-21,664.1249389648438,80.43712615966797,88.27578735351562,377.239990234375,108476.890625,63.4900016784668
2025-10-22,660.6722412109375,80.43712615966797,88.33335876464844,377.2799987792969,107688.5859375,61.209999084472656
2025-10-23,664.5899658203125,80.37906646728516,87.72886657714844,378.7900085449219,110069.7265625,62.560001373291016
2025-10-24,670.0213623046875,80.42745971679688,87.76724243164062,377.5199890136719,111033.921875,62.83000183105469
2025-10-25,,,,,111641.7265625,
2025-10-26,,,,,114472.4453125,
2025-10-27,677.9260864257812,80.40809631347656,88.06468200683594,367.010009765625,114119.328125,65.27999877929688
2025-10-28,679.7266235351562,80.41777038574219,88.29497528076172,364.3800048828125,112956.1640625,64.48999786376953
2025-10-29,680.0531616210938,80.262939453125,87.4026107788086,363.0,110055.3046875,62.75
2025-10-30,672.5738525390625,80.2726058959961,86.89408111572266,370.1300048828125,108305.546875,60.400001525878906
2025-10-31,674.7799682617188,80.30165100097656,86.63502502441406,368.1199951171875,109556.1640625,62.29999923706055
2025-11-01,,,,,110064.015625,
2025-11-02,,,,,110639.625,
2025-11-03,676.04638671875,80.3045654296875,86.41834259033203,368.7799987792969,106547.5234375,60.529998779296875
2025-11-04,668.0328369140625,80.33367919921875,86.6109390258789,362.32000732421875,101590.5234375,57.18000030517578
2025-11-05,670.3478393554688,80.27542877197266,85.66720581054688,366.510009765625,103891.8359375,58.91999816894531
2025-11-06,663.1554565429688,80.37250518798828,86.43759155273438,366.07000732421875,101301.2890625,57.2599983215332
2025-11-07,663.808349609375,80.41134643554688,86.25462341308594,368.30999755859375,103372.40625,58.880001068115234
2025-11-08,,,,,102282.1171875,
2025-11-09,,,,,104719.640625,
2025-11-10,674.1666259765625,80.39192962646484,86.23536682128906,378.3800048828125,105996.59375,60.189998626708984
2025-11-11,675.7099609375,80.45988464355469,86.63019561767578,379.8699951171875,102997.46875,58.349998474121094
2025-11-12,676.0859985351562,80.43075561523438,86.78426361083984,385.989990234375,101663.1875,57.59000015258789
2025-11-13,664.8670043945312,80.3822250366211,86.0716552734375,382.8699951171875,99697.4921875,55.59000015258789
2025-11-14,664.7581176757812,80.41134643554688,85.58053588867188,375.9599914550781,94397.7890625,53.474998474121094
2025-11-15,,,,,95549.1484375,
2025-11-16,,,,,94177.078125,
2025-11-17,658.56494140625,80.40164184570312,85.79239654541016,371.6499938964844,92093.875,52.099998474121094
2025-11-18,653.0346069335938,80.45018005371094,85.76350402832031,374.3500061035156,92948.875,52.65999984741211
2025-11-19,655.5574340820312,80.44046020507812,85.59016418457031,374.9599914550781,91465.9921875,50.72999954223633
2025-11-20,645.5652465820312,80.5084228515625,85.92721557617188,374.8500061035156,86631.8984375,48.959999084472656
2025-11-21,651.9959106445312,80.60549926757812,86.18721771240234,374.2699890136719,85090.6875,47.970001220703125
2025-11-22,,,,,84648.359375,
2025-11-23,,,,,86805.0078125,
2025-11-24,661.5922241210938,80.6152114868164,86.67835998535156,380.20001220703125,88270.5625,50.56999969482422
2025-11-25,667.815185546875,80.66376495361328,86.89983367919922,380.0799865722656,87341.890625,49.560001373291016
2025-11-26,672.4254760742188,80.65406799316406,87.28501892089844,383.1199951171875,90518.3671875,51.029998779296875
2025-11-27,,,,,91285.375,
2025-11-28,676.0958251953125,80.65406799316406,86.87095642089844,387.8800048828125,90919.265625,51.54999923706055
2025-11-29,,,,,90851.7578125,
2025-11-30,,,,,90394.3125,
2025-12-01,673.0090942382812,80.58491516113281,85.78950500488281,389.75,86321.5703125,48.5
2025-12-02,674.2557373046875,80.63359832763672,85.82816314697266,387.239990234375,91350.203125,51.66999816894531
2025-12-03,676.5905151367188,80.6822738647461,86.06976318359375,386.8800048828125,93527.8046875,52.7400016784668
2025-12-04,677.0851440429688,80.62386322021484,85.60589599609375,387.1300048828125,92141.625,52.5099983215332
2025-12-05,678.3712768554688,80.59463500976562,85.20965576171875,386.44000244140625,89387.7578125,50.689998626708984
2025-12-06,,,,,89272.375,
2025-12-07,,,,,90405.640625,
2025-12-08,676.3333129882812,80.5751724243164,84.92938232421875,385.4200134277344,90640.203125,51.52000045776367
2025-12-09,675.74951171875,80.53622436523438,85.01636505126953,387.3999938964844,92691.7109375,52.849998474121094
2025-12-10,680.2312622070312,80.67253875732422,85.34495544433594,389.04998779296875,92020.9453125,52.4900016784668
2025-12-11,681.8141479492188,80.6822738647461,85.22898864746094,393.239990234375,92511.3359375,52.099998474121094
2025-12-12,674.4832763671875,80.69202423095703,84.40752410888672,395.44000244140625,90270.4140625,51.20000076293945
2025-12-13,,,,,90298.7109375,
2025-12-14,,,,,88175.1796875,
2025-12-15,673.4641723632812,80.74070739746094,84.46550750732422,395.79998779296875,86419.78125,48.65999984741211
2025-12-16,671.6240844726562,80.77965545654297,84.92938232421875,395.8900146484375,87843.984375,49.709999084472656
2025-12-17,664.2338256835938,80.78939056396484,84.85206604003906,399.2900085449219,86143.7578125,48.709999084472656
2025-12-18,669.2496337890625,80.84780883789062,85.25798797607422,398.57000732421875,85462.5078125,47.959999084472656
2025-12-19,675.3153686523438,80.83316040039062,84.93975830078125,399.0199890136719,88103.3828125,49.90999984741211
2025-12-20,,,,,88344.0,
2025-12-21,,,,,88621.75,
2025-12-22,679.5225219726562,80.79409790039062,84.75542449951172,408.2300109863281,88490.015625,50.09000015258789
2025-12-23,682.628173828125,80.75503540039062,84.89124298095703,413.6400146484375,87414.0,49.650001525878906
2025-12-24,685.0294799804688,80.80387115478516,85.40545654296875,411.92999267578125,87611.9609375,49.459999084472656
2025-12-25,,,,,87234.7421875,
2025-12-26,684.9600219726562,80.86246490478516,85.12408447265625,416.739990234375,87301.4296875,49.61000061035156
2025-12-27,,,,,87802.15625,
2025-12-28,,,,,87835.8359375,
2025-12-29,682.51904296875,80.90153503417969,85.44426727294922,398.6000061035156,87138.140625,49.380001068115234
2025-12-30,681.6856079101562,80.92106628417969,85.24051666259766,398.8900146484375,88430.1328125,49.83000183105469
2025-12-31,676.635009765625,80.89176177978516,84.5613784790039,396.30999755859375,87508.828125,49.650001525878906
2026-01-01,,,,,88731.984375,
2026-01-02,677.8753051757812,80.93083190917969,84.43526458740234,398.2799987792969,89944.6953125,50.939998626708984
2026-01-03,,,,,90603.1875,
2026-01-04,,,,,91413.4921875,
2026-01-05,682.3900146484375,80.96012878417969,84.8524398803711,408.760009765625,93882.5546875,53.459999084472656
2026-01-06,686.4483642578125,80.96990966796875,84.67780303955078,413.17999267578125,93729.03125,52.45000076293945
2026-01-07,684.2356567382812,80.96012878417969,85.172607421875,409.2300109863281,91308.0546875,51.540000915527344
2026-01-08,684.1661987304688,80.93083190917969,84.74571228027344,411.489990234375,91027.125,51.52000045776367
2026-01-09,688.6908569335938,80.90153503417969,85.30842590332031,414.4700012207031,90513.1015625,51.15999984741211
2026-01-10,,,,,90386.6484375,
2026-01-11,,,,,90827.4609375,
2026-01-12,689.7723999023438,80.90153503417969,85.0561752319336,422.2300109863281,91192.9921875,51.869998931884766
2026-01-13,688.3931884765625,80.92106628417969,85.20170593261719,421.6300048828125,95321.78125,53.56999969482422
2026-01-14,685.0096435546875,80.94060516357422,85.69650268554688,425.94000244140625,96929.328125,55.439998626708984
2026-01-15,686.8750610351562,80.88199615478516,85.6771011352539,423.3299865722656,95551.1875,54.0
2026-01-16,686.2994995117188,80.86246490478516,85.18230438232422,421.2900085449219,95525.1171875,54.2400016784668
2026-01-17,,,,,95099.921875,
2026-01-18,,,,,93634.4296875,
2026-01-19,,,,,92553.59375,
2026-01-20,672.32861328125,80.87224578857422,84.06660461425781,437.2300109863281,88310.90625,50.7599983215332
2026-01-21,680.0880737304688,80.91130065917969,84.7069091796875,443.6000061035156,89376.9609375,51.11000061035156
2026-01-22,683.6403198242188,80.88199615478516,85.07557678222656,451.7900085449219,89462.453125,50.66999816894531
2026-01-23,683.8883056640625,80.91130065917969,85.30842590332031,458.0,89503.875,50.70000076293945
2026-01-24,,,,,89110.734375,
2026-01-25,,,,,86572.21875,
2026-01-26,687.3612060546875,80.94060516357422,85.71590423583984,464.70001220703125,88267.140625,49.650001525878906
2026-01-27,690.0997924804688,80.96012878417969,85.18230438232422,476.1000061035156,89102.5703125,50.630001068115234
2026-01-28,690.0303344726562,80.96012878417969,84.98827362060547,494.55999755859375,89184.5703125,50.5099983215332
2026-01-29,688.6610717773438,80.98944854736328,85.0076675415039,495.8999938964844,84561.5859375,47.599998474121094
2026-01-30,686.6071166992188,81.05780792236328,84.53227233886719,444.95001220703125,84128.65625,47.4900016784668
2026-01-31,,,,,78621.1171875,
2026-02-01,,,,,76974.4453125,
2026-02-02,690.0205078125,81.01862335205078,84.2907485961914,427.1300048828125,78688.765625,44.220001220703125
2026-02-03,684.18603515625,81.00882720947266,84.49527740478516,454.2900085449219,75633.546875,43.29999923706055
2026-02-04,680.8719482421875,81.04802703857422,84.281005859375,453.9700012207031,73019.703125,41.56999969482422
2026-02-05,672.3683471679688,81.17536926269531,85.19647979736328,441.8800048828125,62702.09765625,36.099998474121094
2026-02-06,685.267578125,81.17536926269531,85.2549057006836,455.4599914550781,70555.390625,39.68000030517578
2026-02-07,,,,,69281.96875,
2026-02-08,,,,,70264.7265625,
2026-02-09,688.5718383789062,81.1949691772461,85.23543548583984,467.0299987792969,70120.78125,40.11000061035156
2026-02-10,686.7559204101562,81.24394226074219,86.21907043457031,462.3999938964844,68793.9609375,38.970001220703125
2026-02-11,686.5972290039062,81.16557312011719,85.76133728027344,467.6300048828125,66991.96875,38.290000915527344
2026-02-12,675.9901123046875,81.24394226074219,86.90080261230469,451.3900146484375,66221.84375,37.04999923706055
2026-02-13,676.46630859375,81.37130737304688,87.37799835205078,462.6199951171875,68857.84375,38.970001220703125
2026-02-14,,,,,69767.625,
2026-02-15,,,,,68788.1875,
2026-02-16,,,,,68843.15625,
2026-02-17,677.5578002929688,81.34191131591797,87.52409362792969,448.20001220703125,67494.21875,38.38999938964844
2026-02-18,680.9711303710938,81.29293823242188,87.1929702758789,458.2799987792969,66425.3203125,37.540000915527344
2026-02-19,679.1751098632812,81.29293823242188,87.28062438964844,459.55999755859375,66957.5234375,38.06999969482422
2026-02-20,684.0868530273438,81.30272674560547,87.07609558105469,468.6199951171875,68005.421875,38.41999816894531
2026-02-21,,,,,68003.765625,
2026-02-22,,,,,67659.390625,
2026-02-23,677.1013793945312,81.37130737304688,87.39747619628906,481.2799987792969,64616.73828125,36.54999923706055
2026-02-24,682.0228881835938,81.37130737304688,87.55330657958984,474.6099853515625,64080.04296875,36.529998779296875
2026-02-25,687.7780151367188,81.35171508789062,87.56305694580078,473.4200134277344,67960.125,39.22999954223633
2026-02-26,683.957763671875,81.381103515625,87.91365051269531,477.4800109863281,67453.7734375,38.2599983215332
2026-02-27,680.6734619140625,81.48887634277344,88.44929504394531,483.75,65881.796875,37.189998626708984
2026-02-28,,,,,66995.859375,
2026-03-01,,,,,65738.1015625,
2026-03-02,681.0604858398438,81.34446716308594,87.56107330322266,490.0,68775.8515625,39.19499969482422
2026-03-03,675.057373046875,81.33464050292969,87.38519287109375,468.1400146484375,68293.6484375,38.70000076293945
2026-03-04,679.8201293945312,81.28553009033203,87.1115951538086,471.79998779296875,72710.578125,41.439998626708984
2026-03-05,676.02978515625,81.22660064697266,86.75981903076172,466.1300048828125,70841.125,40.38999938964844
2026-03-06,667.1689453125,81.26588439941406,86.43737030029297,473.510009765625,68136.4921875,38.599998474121094
2026-03-07,,,,,67272.59375,
2026-03-08,,,,,65969.78125,
2026-03-09,673.0133666992188,81.30517578125,87.18976593017578,472.5299987792969,68402.3828125,39.130001068115234
2026-03-10,671.9317626953125,81.25605773925781,86.261474609375,477.8599853515625,69926.921875,39.709999084472656
2026-03-11,671.08837890625,81.1774673461914,85.14755249023438,476.239990234375,70204.8828125,40.06999969482422
2026-03-12,660.89794921875,81.03995513916016,84.98143768310547,466.8800048828125,70493.4609375,39.95000076293945
2026-03-13,657.1571655273438,81.08907318115234,84.56127166748047,460.8399963378906,70968.265625,40.369998931884766
2026-03-14,,,,,71214.625,
2026-03-15,,,,,72789.9140625,
2026-03-16,663.844970703125,81.18730926513672,85.21595001220703,460.42999267578125,74861.0859375,41.939998626708984
2026-03-17,665.5912475585938,81.19712829589844,85.45046997070312,459.2699890136719,73922.4765625,42.27000045776367
2026-03-18,656.3037719726562,81.0497817993164,84.97166442871094,444.739990234375,71245.578125,40.2599983215332
2026-03-19,654.6864624023438,81.0301284790039,85.48954772949219,426.4100036621094,69912.7890625,39.81999969482422
2026-03-20,645.301025390625,80.85332489013672,83.86750793457031,413.3800048828125,70522.5859375,39.77000045776367
2026-03-21,,,,,68711.5234375,
2026-03-22,,,,,67845.2109375,
2026-03-23,652.07666015625,80.97119140625,84.41470336914062,404.0400085449219,70914.859375,40.04999923706055
2026-03-24,649.8877563476562,80.85332489013672,84.04338836669922,404.1300048828125,70517.859375,39.279998779296875
2026-03-25,653.5093994140625,80.94173431396484,84.85441589355469,416.2900085449219,71309.8828125,40.16999816894531
2026-03-26,641.8385620117188,80.7649154663086,84.14111328125,400.6400146484375,68791.625,38.81999969482422
2026-03-27,630.8939819335938,80.9319076538086,83.68183898925781,414.70001220703125,66338.375,37.400001525878906
2026-03-28,,,,,66319.6953125,
2026-03-29,,,,,65954.921875,
2026-03-30,628.78466796875,81.03995513916016,84.79579162597656,414.5799865722656,66691.4453125,37.68000030517578
2026-03-31,647.0620727539062,81.10871124267578,84.70783233642578,430.2900085449219,68233.3125,38.41999816894531
2026-04-01,651.9373779296875,81.10575866699219,84.62445831298828,437.82000732421875,68078.5546875,38.63999938964844
2026-04-02,652.5244140625,81.14517974853516,85.1444091796875,429.4100036621094,66888.5703125,37.970001220703125
2026-04-03,,,,,66931.1015625,
2026-04-04,,,,,67290.515625,
2026-04-05,,,,,68981.8984375,
2026-04-06,655.6088256835938,81.06635284423828,85.0070571899414,427.6499938964844,68859.828125,39.52000045776367
2026-04-07,655.8972778320312,81.1254653930664,84.99723815917969,431.80999755859375,71940.703125,39.099998474121094
2026-04-08,672.6027221679688,81.20428466796875,85.27193450927734,434.5299987792969,71123.359375,40.41999816894531
2026-04-09,676.4829711914062,81.2239990234375,85.05609893798828,437.9100036621094,71767.828125,40.90999984741211
2026-04-10,676.0353393554688,81.19444274902344,84.85009002685547,437.1300048828125,72979.046875,41.560001373291016
2026-04-11,,,,,73054.2734375,
2026-04-12,,,,,70753.40625,
2026-04-13,682.641845703125,81.2535400390625,85.10516357421875,435.3599853515625,74484.640625,41.59000015258789
2026-04-14,690.959716796875,81.31266021728516,85.55643463134766,445.0899963378906,74181.609375,42.130001068115234
2026-04-15,696.412109375,81.29296112060547,85.18363952636719,440.4599914550781,74805.078125,42.560001373291016
2026-04-16,698.1234130859375,81.2634048461914,84.64407348632812,440.0799865722656,75152.1328125,42.72999954223633
2026-04-17,706.5607299804688,81.42103576660156,85.4190902709961,445.92999267578125,77126.875,43.939998626708984
2026-04-18,,,,,75726.2109375,
2026-04-19,,,,,73856.3515625,
2026-04-20,705.1477661132812,81.38162231445312,85.39947509765625,442.0899963378906,75872.5234375,43.25
2026-04-21,700.53125,81.2634048461914,84.92857360839844,429.57000732421875,76352.7734375,42.5099983215332
2026-04-22,707.6253051757812,81.30280303955078,85.09535217285156,435.260009765625,78203.1015625,44.75
2026-04-23,704.8792114257812,81.2634048461914,84.90895080566406,431.0400085449219,78268.953125,44.04999923706055
2026-04-24,710.341552734375,81.3520736694336,85.06591796875,433.25,77455.3125,44.02000045776367
2026-04-25,,,,,77612.015625,
2026-04-26,,,,,78657.5390625,
2026-04-27,711.5653076171875,81.33236694335938,84.64407348632812,429.8900146484375,77366.625,43.560001373291016
2026-04-28,708.1028442382812,81.2831039428711,84.73236846923828,421.9100036621094,76350.671875,43.27000045776367
2026-04-29,707.993408203125,81.17472076416016,84.07506561279297,417.4100036621094,75776.1328125,42.75
2026-04-30,715.0377197265625,81.2634048461914,83.99659729003906,423.6600036621094,76304.3203125,43.31999969482422
2026-05-01,717.0177001953125,81.27625274658203,84.29691314697266,423.17999267578125,78179.0,44.470001220703125
2026-05-02,,,,,78657.25,
2026-05-03,,,,,78538.2265625,
2026-05-04,714.3909912109375,81.17742919921875,83.65687561035156,414.7099914550781,79827.90625,45.400001525878906
2026-05-05,720.1220092773438,81.21696472167969,84.11967468261719,418.2699890136719,80927.0546875,46.279998779296875
2026-05-06,730.1312866210938,81.3256607055664,84.75970458984375,430.9599914550781,81427.53125,46.189998626708984
2026-05-07,727.8926391601562,81.25648498535156,84.33629608154297,431.67999267578125,80009.9921875,45.400001525878906
2026-05-08,733.9021606445312,81.3256607055664,84.75970458984375,433.7699890136719,80186.765625,45.45000076293945
2026-05-09,,,,,80664.3671875,
2026-05-10,,,,,82138.9296875,
2026-05-11,735.5736694335938,81.2466049194336,84.24767303466797,434.6499938964844,81728.296875,46.470001220703125
2026-05-12,734.4593505859375,81.18730926513672,83.68641662597656,432.92999267578125,80477.4921875,45.79999923706055
2026-05-13,738.5685424804688,81.21696472167969,83.49934387207031,430.5,79277.1171875,45.119998931884766
2026-05-14,744.3989868164062,81.18730926513672,83.61749267578125,427.2099914550781,81051.25,46.16999816894531
2026-05-15,735.4443969726562,81.08849334716797,82.37682342529297,417.2900085449219,79065.6796875,44.81999969482422
2026-05-16,,,,,78131.4375,
2026-05-17,,,,,77429.3515625,
2026-05-18,734.927001953125,81.1280288696289,82.27835083007812,418.42999267578125,76954.171875,43.529998779296875
2026-05-19,730.0317993164062,81.06874084472656,81.74662780761719,411.5,76750.90625,43.5
2026-05-20,737.5138549804688,81.17742919921875,82.62298583984375,417.3999938964844,77457.7734375,43.9900016784668
2026-05-21,738.9764404296875,81.16754913330078,82.92823028564453,416.989990234375,77539.171875,44.0
2026-05-22,741.8817749023438,81.14779663085938,83.38116455078125,413.82000732421875,75488.2421875,42.959999084472656
2026-05-23,,,,,76673.3671875,
2026-05-24,,,,,76981.125,
2026-05-25,,,,,77279.9296875,
2026-05-26,746.8068237304688,81.23672485351562,83.79473114013672,414.0,75825.734375,42.9900016784668
2026-05-27,746.677490234375,81.2466049194336,83.99166107177734,408.489990234375,74344.703125,42.45000076293945
2026-05-28,750.7965698242188,81.28614044189453,84.42491149902344,412.7699890136719,73536.5546875,41.560001373291016
2026-05-29,752.6671142578125,81.3256607055664,84.44461059570312,417.1199951171875,73372.5234375,41.630001068115234
2026-05-30,,,,,73754.8359375,
2026-05-31,,,,,73579.6875,
2026-06-01,754.7167358398438,81.27908325195312,84.49008178710938,411.260009765625,71319.7734375,40.4900016784668
2026-06-02,755.7415771484375,81.27908325195312,84.66802215576172,411.95001220703125,66703.65625,38.04999923706055
2026-06-03,750.4384155273438,81.23944091796875,84.33191680908203,407.8699951171875,64014.3671875,37.0
2026-06-04,753.2740478515625,81.29890441894531,84.51973724365234,411.2699890136719,63801.57421875,36.02000045776367
2026-06-05,733.83251953125,81.13041687011719,84.08477783203125,396.239990234375,60922.66796875,34.13999938964844
2026-06-06,,,,,60867.4140625,
2026-06-07,,,,,63239.51953125,
2026-06-08,735.4940795898438,81.17005920410156,83.64982604980469,397.2699890136719,63090.58984375,35.88999938964844
2026-06-09,733.3350219726562,81.20970916748047,84.14409637451172,390.7799987792969,61643.78125,35.13999938964844
2026-06-10,721.7736206054688,81.20970916748047,83.90684509277344,374.5799865722656,61449.2890625,35.08000183105469
2026-06-11,734.04150390625,81.35836029052734,84.99423217773438,386.32000732421875,63561.0546875,36.04999923706055
2026-06-12,738.0113525390625,81.33854675292969,84.7866439819336,386.5400085449219,63543.19921875,36.040000915527344
2026-06-13,,,,,64421.32421875,
2026-06-14,,,,,65710.3984375,
2026-06-15,751.0254516601562,81.37818908691406,84.73722076416016,396.54998779296875,66289.5,37.7400016784668
2026-06-16,746.5481567382812,81.39801025390625,85.20182800292969,397.6300048828125,65600.640625,37.16999816894531
2026-06-17,737.225341796875,81.15023803710938,85.34022521972656,388.6000061035156,64418.4453125,36.36000061035156
2026-06-18,744.8902587890625,81.2592544555664,85.75540924072266,387.1199951171875,62896.47265625,35.619998931884766
2026-06-19,,,,,63540.8359375,
2026-06-20,,,,,64239.67578125,
2026-06-21,,,,,63237.5390625,
2026-06-22,742.546142578125,81.17996978759766,85.10297393798828,384.5899963378906,63952.10546875,36.5
2026-06-23,731.7628784179688,81.23944091796875,85.21170806884766,377.32000732421875,62668.01953125,35.310001373291016
2026-06-24,731.4237060546875,81.33854675292969,86.37818145751953,365.9200134277344,60995.1328125,33.869998931884766
2026-06-25,732.4810791015625,81.35836029052734,86.34852600097656,369.4599914550781,59721.67578125,33.52000045776367
2026-06-26,727.1842651367188,81.45747375488281,86.35841369628906,373.6300048828125,60016.4296875,33.849998474121094
2026-06-27,,,,,59940.09765625,
2026-06-28,,,,,59532.33984375,
2026-06-29,739.1644897460938,81.4376449584961,86.44738006591797,368.5799865722656,60138.37890625,34.18000030517578
2026-06-30,744.9202270507812,81.37818908691406,85.42918395996094,368.3800048828125,58558.859375,33.290000915527344
2026-07-01,743.9127197265625,81.34637451171875,84.85173034667969,370.6000061035156,60003.7578125,34.0
2026-07-02,742.9351806640625,81.44578552246094,84.84181213378906,378.1300048828125,61485.30078125,34.869998931884766
2026-07-03,,,,,62544.19921875,
2026-07-04,,,,,63088.3046875,
2026-07-05,,,,,63547.8828125,
2026-07-06,749.4190673828125,81.48554229736328,84.78227996826172,382.1300048828125,63995.015625,36.119998931884766
2026-07-07,745.85791015625,81.36626434326172,83.88932037353516,377.489990234375,63297.39453125,36.150001525878906
2026-07-08,743.5536499023438,81.34637451171875,83.7008056640625,374.45001220703125,62257.57421875,35.22999954223633
2026-07-09,749.8480224609375,81.41596221923828,83.82978820800781,378.17999267578125,63193.1484375,35.810001373291016
2026-07-10,753.0799560546875,81.38613891601562,83.80994415283203,377.010009765625,64127.140625,36.22999954223633
2026-07-11,,,,,63802.02734375,
2026-07-12,,,,,63758.21875,
2026-07-13,747.3142700195312,81.29668426513672,83.31385040283203,367.1300048828125,62239.12109375,35.220001220703125
2026-07-14,749.9677124023438,81.43583679199219,83.4229965209961,372.1499938964844,64956.11328125,36.58000183105469
2026-07-15,752.9403076171875,81.50541687011719,83.58174133300781,372.3500061035156,64712.375,36.810001373291016
2026-07-16,748.8604125976562,81.50541687011719,83.55197143554688,364.9599914550781,63789.28125,36.38999938964844
2026-07-17,741.4487915039062,81.49547576904297,83.85955047607422,368.4100036621094,63899.4609375,36.349998474121094
2026-07-18,,,,,64796.6015625,
2026-07-19,,,,,64690.8046875,
2026-07-20,740.2518310546875,81.46566009521484,83.2344741821289,367.6000061035156,65230.02734375,36.88999938964844
2026-07-21,746.426513671875,81.39608001708984,83.00627899169922,374.80999755859375,66505.125,37.66999816894531
2026-07-22,745.55859375,81.33644104003906,82.78799438476562,379.1199951171875,66100.796875,37.34000015258789
2026-07-23,736.3515014648438,81.27680206298828,82.52009582519531,371.5199890136719,65044.8125,36.650001525878906
2026-07-24,737.099609375,81.3563232421875,82.59947204589844,371.8999938964844,64098.49609375,36.349998474121094
2026-07-25,,,,,64311.8125,
2026-07-26,,,,,65340.30078125,
2026-07-27,737.25927734375,81.37620544433594,83.09556579589844,374.6300048828125,63724.8984375,36.77000045776367
2026-07-28,739.0248413085938,81.44578552246094,83.58174133300781,369.3699951171875,63871.36328125,36.13999938964844
2026-07-29,727.6531372070312,81.49547576904297,82.20259857177734,371.0799865722656,63908.16796875,36.0
2026-07-30,739.852783203125,81.5153579711914,82.15299224853516,377.1600036621094,64725.30859375,36.70000076293945
2026-07-31,745.1796264648438,81.50541687011719,81.60728454589844,371.5400085449219,62813.74609375,35.63999938964844
2026-08-01,,,,,62763.3203125,
2026-08-02,,,,,63482.0,
2026-08-03,755.793212890625,81.52635192871094,81.87625885009766,371.7099914550781,63460.8984375,36.15999984741211
2026-08-04,769.4193725585938,81.62606048583984,82.50385284423828,374.1600036621094,64055.953125,36.38999938964844
2026-08-05,767.8831787109375,81.65596771240234,82.68316650390625,389.6400146484375,64597.5,36.7400016784668
2026-08-06,766.65625,81.55626678466797,82.20499420166016,389.6700134277344,64262.11328125,36.4900016784668
2026-08-07,771.3446044921875,81.6759033203125,82.44408416748047,398.4700012207031,64880.19140625,36.79999923706055
2026-08-08,,,,,64904.6875,
2026-08-09,,,,,64844.88671875,
2026-08-10,771.1151733398438,81.6160888671875,81.74674987792969,402.5400085449219,63910.5859375,36.22999954223633
2026-08-11,768.6513061523438,81.62606048583984,81.87625885009766,400.9599914550781,63551.875,35.939998626708984
2026-08-12,770.5764770507812,81.6759033203125,81.79656219482422,404.9200134277344,63402.43359375,35.88999938964844
2026-08-13,775.9531860351562,81.78557586669922,82.27472686767578,398.9599914550781,63402.171875,35.880001068115234
2026-08-14,774.4169921875,81.75566864013672,81.7268295288086,401.4800109863281,62975.59375,35.630001068115234
2026-08-15,,,,,63024.3203125,
2026-08-16,,,,,62818.65234375,
2026-08-17,770.7560424804688,81.75566864013672,81.03946685791016,405.489990234375,64506.25390625,36.41999816894531
2026-08-18,765.5490112304688,81.77560424804688,81.3482894897461,398.54998779296875,64680.7109375,36.599998474121094
2026-08-19,767.1549682617188,81.81549072265625,82.70308685302734,413.8399963378906,69266.1875,38.779998779296875
2026-08-20,760.7109985351562,81.77560424804688,82.02568054199219,415.260009765625,73032.7578125,41.20000076293945
2026-08-21,763.8232421875,81.75566864013672,81.7367935180664,423.3599853515625,78335.1875,43.68000030517578
2026-08-22,,,,,77083.4140625,
2026-08-23,,,,,77755.265625,
2026-08-24,761.5787963867188,81.75566864013672,82.24484252929688,426.69000244140625,78964.484375,44.63999938964844
2026-08-25,764.0127563476562,81.83543395996094,83.15137481689453,428.07000732421875,78564.9765625,44.720001220703125
2026-08-26,764.182373046875,81.80552673339844,82.98202514648438,421.32000732421875,79027.421875,44.459999084472656
2026-08-27,769.18994140625,81.7955551147461,82.81266784667969,422.6000061035156,80257.5390625,45.290000915527344
2026-08-28,767.4442749023438,81.64599609375,82.5636215209961,408.8900146484375,77830.2890625,43.900001525878906
2026-08-29,,,,,78245.8125,
2026-08-30,,,,,77667.5703125,
2026-08-31,765.1499633789062,81.64599609375,82.20499420166016,408.4200134277344,78548.6328125,44.66999816894531
2026-09-01,759.89306640625,81.58999633789062,81.87000274658203,396.75,77403.625,43.7599983215332
2026-09-02,763.2646484375,81.63999938964844,81.94999694824219,402.7799987792969,77300.4765625,43.790000915527344
2026-09-03,771.2548217773438,81.70999908447266,82.06999969482422,410.2200012207031,81271.7421875,46.349998474121094
2026-09-04,768.2822265625,81.69000244140625,82.20999908447266,406.7699890136719,79671.96875,45.22999954223633
2026-09-05,,,,,79823.8671875,
2026-09-06,,,,,80350.046875,
2026-09-07,,,,,79115.8515625,
2026-09-08,764.0626831054688,81.66000366210938,82.19999694824219,399.7200012207031,78438.578125,44.38999938964844
2026-09-09,760.5115356445312,81.62999725341797,81.7300033569336,403.3500061035156,78259.5234375,44.290000915527344
2026-09-10,755.9528198242188,81.41999816894531,80.77999877929688,396.3599853515625,76568.125,43.68000030517578
2026-09-11,762.3967895507812,81.37000274658203,80.87000274658203,398.7699890136719,77173.796875,43.77000045776367
2026-09-12,,,,,77270.46875,
2026-09-13,,,,,76838.15625,
2026-09-14,758.9952392578125,81.33999633789062,80.93000030517578,392.8399963378906,78163.3828125,44.7400016784668
2026-09-15,755.513916015625,81.30999755859375,80.70999908447266,394.1499938964844,75612.5078125,43.11000061035156
2026-09-16,752.1821899414062,81.23999786376953,80.87999725341797,391.739990234375,76150.3203125,43.040000915527344
2026-09-17,760.7109985351562,81.36000061035156,81.77999877929688,398.3599853515625,76403.7734375,43.29999923706055
2026-09-18,761.6900024414062,81.23999786376953,81.25,401.1700134277344,80901.4609375,46.02000045776367
2026-09-19,,,,,81233.6796875,
2026-09-20,,,,,81142.609375,
2026-09-21,773.5,81.29000091552734,81.80000305175781,398.3800048828125,86602.9140625,49.0099983215332
2026-09-22,,,,,,
2026-09-23,,,,,86536.7890625,
